Image,ROI_x1,ROI_y1,ROI_x2,ROI_y2,Mean_Oxygenation
Sample_Image.tif,253,175,367,302,0.4974531458467652
Sample_Image.tif,293,101,454,343,0.49902058976005775
Sample_Image.tif,293,101,454,343,0.49902058976005775
Sample_Image.tif,154,65,256,133,0.5085610534411712
