
  You can now view your Streamlit app in your browser.

  URL: http://localhost:8501

xiAPI: ---- xiOpenDevice API:V4.29.17.00 started ----
xiAPI: XIMEA Camera API V4.29.17.00
xiAPI: Adding camera context: dwID=26270971  ptr=F92F1000 processID=00005FCE
xiAPI: Create handles 1 Process 00005FCE
xiAPI: FindModelnfoAltInDevAltXml searching... for model info from dev-alt.xml SN:
xiAPI: FindModelnfoAltInDevAltXml searching... for model info from dev-alt.xml SN:
xiAPI: xiOpenDevice - legacy SN used for identification 26270971
xiAPI: Enable sensor
xiAPI: OK retrains 0
xiAPI: xiReadFileFFS 'SensFPNCorrections' not found
xiAPI: ScmCorrectorA::LoadAndParseConfigurationFile Warning: file SensFPNCorrections not found
xiAPI: xiReadFileFFS 'SensFPNCorrections' not found
xiAPI: ScmCorrectorA::LoadAndParseConfigurationFile Warning: file SensFPNCorrections not found
xiAPI: Sensor SetExposure freq=48MHz exp=0us regexp=x1
xiAPI: Bad Pixel List file 'mmf1/bad_pixel_list.txt' not found
xiAPI: Sensor SetExposure freq=48MHz exp=0us regexp=x1
xiAPI: AutoSetBandwidth measurement
xiAPI: CalculateResources : Context F92F1000 ID 26270971 m_maxBytes=1024 m_maxBufferSize=1048576
xiAPI: AutoSetBandwidth measured 3609Mbps. Safe margin 10% will be used.
xiAPI: Current bandwidth limit auto-set to 3248 Mbps (min:80Mbps,max:3609Mbps)
xiAPI: Sensor SetExposure freq=48MHz exp=16us regexp=x1
xiAPI: Sensor SetExposure freq=48MHz exp=16us regexp=x1
xiAPI: ---- Device opened. Model:MQ022HG-IM-SM4X4-VIS3 SN:26270971 FwF1: API:V4.29.17.00 ----
xiAPI: Sensor SetExposure freq=48MHz exp=30000us regexp=x2B96
xiAPI: Sensor SetExposure freq=48MHz exp=29998us regexp=x2B96
xiAPI: CalculateResources : Context F92F1000 ID 26270971 m_maxBytes=1024 m_maxBufferSize=1048576
xiAPI: StartVideoStream
xiAPI: Worke  Stopping...
  Stopping...
  Stopping...
  Stopping...
  Stopping...
 QT_QPA_PLATFORM=wayland to run on Wayland anyway.
xiAPI: WorkerThread is down: ret 0
xiAPI: xiCloseDevice
xiAPI: DisableSensor
xiAPI: DisableDevice
xiAPI: deleting camera context: dwID=26270971, ptr=f92f1000 processID=00005FCE
Guardado: /home/alonso/Desktop/2025-03-04_17-05-00_RGB/RGB_17-05-04.png y /home/alonso/Desktop/2025-03-04_17-05-00_TIFF/RAW_17-05-04.tiff
Guardado: /home/alonso/Desktop/2025-03-04_17-05-00_RGB/RGB_17-05-06.png y /home/alonso/Desktop/2025-03-04_17-05-00_TIFF/RAW_17-05-06.tiff
Guardado: /home/alonso/Desktop/2025-03-04_17-05-00_RGB/RGB_17-05-08.png y /home/alonso/Desktop/2025-03-04_17-05-00_TIFF/RAW_17-05-08.tiff
Guardado: /home/alonso/Desktop/2025-03-04_17-05-00_RGB/RGB_17-05-10.png y /home/alonso/Desktop/2025-03-04_17-05-00_TIFF/RAW_17-05-10.tiff
Guardado: /home/alonso/Desktop/2025-03-04_17-05-00_RGB/RGB_17-05-12.png y /home/alonso/Desktop/2025-03-04_17-05-00_TIFF/RAW_17-05-12.tiff
Guardado: /home/alonso/Desktop/2025-03-04_17-05-00_RGB/RGB_17-05-14.png y /home/alonso/Desktop/2025-03-04_17-05-00_TIFF/RAW_17-05-14.tiff
Guardado: /home/alonso/Desktop/2025-03-04_17-05-00_RGB/RGB_17-05-16.png y /home/alonso/Desktop/2025-03-04_17-05-00_TIFF/RAW_17-05-16.tiff
Guardado: /home/alonso/Desktop/2025-03-04_17-05-00_RGB/RGB_17-05-18.png y /home/alonso/Desktop/2025-03-04_17-05-00_TIFF/RAW_17-05-18.tiff
Guardado: /home/alonso/Desktop/2025-03-04_17-05-00_RGB/RGB_17-05-20.png y /home/alonso/Desktop/2025-03-04_17-05-00_TIFF/RAW_17-05-20.tiff
2025-03-04 17:06:33.994 Uncaught app exception
Traceback (most recent call last):
  File "/home/alonso/Documents/GitHub/Spine--2025/venv/lib/python3.12/site-packages/streamlit/runtime/scriptrunner/exec_code.py", line 88, in exec_func_with_error_handling
    result = func()
             ^^^^^^
  File "/home/alonso/Documents/GitHub/Spine--2025/venv/lib/python3.12/site-packages/streamlit/runtime/scriptrunner/script_runner.py", line 579, in code_to_exec
    exec(code, module.__dict__)
  File "/home/alonso/Documents/GitHub/Spine--2025/pages/OxMearure.py", line 160, in <module>
    main()
  File "/home/alonso/Documents/GitHub/Spine--2025/pages/OxMearure.py", line 59, in main
    white_path = select_file("Select the WHITE reference image")
                 ^^^^^^^^^^^^^^^^^^^^^^^^^^^^^^^^^^^^^^^^^^^^^^^
  File "/home/alonso/Documents/GitHub/Spine--2025/pages/OxMearure.py", line 11, in select_file
    path = filedialog.askopenfilename(title=title, filetypes=filetypes)
           ^^^^^^^^^^^^^^^^^^^^^^^^^^^^^^^^^^^^^^^^^^^^^^^^^^^^^^^^^^^^
  File "/usr/lib/python3.12/tkinter/filedialog.py", line 384, in askopenfilename
    return Open(**options).show()
           ^^^^^^^^^^^^^^^^^^^^^^
  File "/usr/lib/python3.12/tkinter/commondialog.py", line 45, in show
    s = master.tk.call(self.command, *master._options(self.options))
        ^^^^^^^^^^^^^^^^^^^^^^^^^^^^^^^^^^^^^^^^^^^^^^^^^^^^^^^^^^^^
RuntimeError: main thread is not in main loop
Unknown display passed to Tk_CreateErrorHandler

  You can now view your Streamlit app in your browser.

  URL: http://localhost:8501

xiAPI: ---- xiOpenDevice API:V4.29.17.00 started ----
xiAPI: XIMEA Camera API V4.29.17.00
xiAPI: Adding camera context: dwID=26270971  ptr=DC557000 processID=00006241
xiAPI: Create handles 1 Process 00006241
xiAPI: FindModelnfoAltInDevAltXml searching... for model info from dev-alt.xml SN:
xiAPI: FindModelnfoAltInDevAltXml searching... for model info from dev-alt.xml SN:
xiAPI: xiOpenDevice - legacy SN used for identification 26270971
xiAPI: Enable sensor
xiAPI: OK retrains 0
xiAPI: xiReadFileFFS 'SensFPNCorrections' not found
xiAPI: ScmCorrectorA::LoadAndParseConfigurationFile Warning: file SensFPNCorrections not found
xiAPI: xiReadFileFFS 'SensFPNCorrections' not found
xiAPI: ScmCorrectorA::LoadAndParseConfigurationFile Warning: file SensFPNCorrections not found
xiAPI: Sensor SetExposure freq=48MHz exp=0us regexp=x1
xiAPI: Bad Pixel List file 'mmf1/bad_pixel_list.txt' not found
xiAPI: Sensor SetExposure freq=48MHz exp=0us regexp=x1
xiAPI: AutoSetBandwidth measurement
xiAPI: CalculateResources : Context DC557000 ID 26270971 m_maxBytes=1024 m_maxBufferSize=1048576
xiAPI: AutoSetBandwidth measured 3607Mbps. Safe margin 10% will be used.
xiAPI: Current bandwidth limit auto-set to 3246 Mbps (min:80Mbps,max:3607Mbps)
xiAPI: Sensor SetExposure freq=48MHz exp=16us regexp=x1
xiAPI: Sensor SetExposure freq=48MHz exp=16us regexp=x1
xiAPI: ---- Device opened. Model:MQ022HG-IM-SM4X4-VIS3 SN:26270971 FwF1: API:V4.29.17.00 ----
xiAPI: Sensor SetExposure freq=48MHz exp=30000us regexp=x2B96
xiAPI: Sensor SetExposure freq=48MHz exp=29998us regexp=x2B96
xiAPI: CalculateResources : Context DC557000 ID 26270971 m_maxBytes=1024 m_maxBufferSize=1048576
xiAPI: StartVideoStream
xiAPI: WorkerThread is up
Warning: Ignoring XDG_SESSION_TYPE=wayland on Gnome. Use QT_QPA_PLATFORM=wayland to run on Wayland anyway.
xiAPI: WorkerThread is down: ret 0
xiAPI: xiCloseDevice
xiAPI: DisableSensor
xiAPI: DisableDevice
xiAPI: deleting camera context: dwID=26270971, ptr=dc557000 processID=00006241
Guardado: /home/alonso/Desktop/2025-03-04_17-08-07_RGB/RGB_17-08-11.png y /home/alonso/Desktop/2025-03-04_17-08-07_TIFF/RAW_17-08-11.tiff
Guardado: /home/alonso/Desktop/2025-03-04_17-08-07_RGB/RGB_17-08-13.png y /home/alonso/Desktop/2025-03-04_17-08-07_TIFF/RAW_17-08-13.tiff
Guardado: /home/alonso/Desktop/2025-03-04_17-08-07_RGB/RGB_17-08-15.png y /home/alonso/Desktop/2025-03-04_17-08-07_TIFF/RAW_17-08-15.tiff
Guardado: /home/alonso/Desktop/2025-03-04_17-08-07_RGB/RGB_17-08-17.png y /home/alonso/Desktop/2025-03-04_17-08-07_TIFF/RAW_17-08-17.tiff
Guardado: /home/alonso/Desktop/2025-03-04_17-08-07_RGB/RGB_17-08-19.png y /home/alonso/Desktop/2025-03-04_17-08-07_TIFF/RAW_17-08-19.tiff
Guardado: /home/alonso/Desktop/2025-03-04_17-08-07_RGB/RGB_17-08-21.png y /home/alonso/Desktop/2025-03-04_17-08-07_TIFF/RAW_17-08-21.tiff
Guardado: /home/alonso/Desktop/2025-03-04_17-08-07_RGB/RGB_17-08-23.png y /home/alonso/Desktop/2025-03-04_17-08-07_TIFF/RAW_17-08-23.tiff
Guardado: /home/alonso/Desktop/2025-03-04_17-08-07_RGB/RGB_17-08-25.png y /home/alonso/Desktop/2025-03-04_17-08-07_TIFF/RAW_17-08-25.tiff
Guardado: /home/alonso/Desktop/2025-03-04_17-08-07_RGB/RGB_17-08-27.png y /home/alonso/Desktop/2025-03-04_17-08-07_TIFF/RAW_17-08-27.tiff
Guardado: /home/alonso/Desktop/2025-03-04_17-08-07_RGB/RGB_17-08-29.png y /home/alonso/Desktop/2025-03-04_17-08-07_TIFF/RAW_17-08-29.tiff
Guardado: /home/alonso/Desktop/2025-03-04_17-08-07_RGB/RGB_17-08-31.png y /home/alonso/Desktop/2025-03-04_17-08-07_TIFF/RAW_17-08-31.tiff
xiAPI: ---- xiOpenDevice API:V4.29.17.00 started ----
xiAPI: XIMEA Camera API V4.29.17.00
xiAPI: Adding camera context: dwID=26270971  ptr=FF22E000 processID=00006465
xiAPI: Create handles 1 Process 00006465
xiAPI: FindModelnfoAltInDevAltXml searching... for model info from dev-alt.xml SN:
xiAPI: FindModelnfoAltInDevAltXml searching... for model info from dev-alt.xml SN:
xiAPI: xiOpenDevice - legacy SN used for identification 26270971
xiAPI: Enable sensor
xiAPI: OK retrains 0
xiAPI: xiReadFileFFS 'SensFPNCorrections' not found
xiAPI: ScmCorrectorA::LoadAndParseConfigurationFile Warning: file SensFPNCorrections not found
xiAPI: xiReadFileFFS 'SensFPNCorrections' not found
xiAPI: ScmCorrectorA::LoadAndParseConfigurationFile Warning: file SensFPNCorrections not found
xiAPI: Sensor SetExposure freq=48MHz exp=0us regexp=x1
xiAPI: Bad Pixel List file 'mmf1/bad_pixel_list.txt' not found
xiAPI: Sensor SetExposure freq=48MHz exp=0us regexp=x1
xiAPI: AutoSetBandwidth measurement
xiAPI: CalculateResources : Context FF22E000 ID 26270971 m_maxBytes=1024 m_maxBufferSize=1048576
xiAPI: AutoSetBandwidth measured 3597Mbps. Safe margin 10% will be used.
xiAPI: Current bandwidth limit auto-set to 3237 Mbps (min:80Mbps,max:3597Mbps)
xiAPI: Sensor SetExposure freq=48MHz exp=16us regexp=x1
xiAPI: Sensor SetExposure freq=48MHz exp=16us regexp=x1
xiAPI: ---- Device opened. Model:MQ022HG-IM-SM4X4-VIS3 SN:26270971 FwF1: API:V4.29.17.00 ----
xiAPI: Sensor SetExposure freq=48MHz exp=60000us regexp=x5731
xiAPI: Sensor SetExposure freq=48MHz exp=60001us regexp=x5731
xiAPI: CalculateResources : Context FF22E000 ID 26270971 m_maxBytes=1024 m_maxBufferSize=1048576
xiAPI: StartVideoStream
xiAPI: WorkerThread is up
Warning: Ignoring XDG_SESSION_TYPE=wayland on Gnome. Use QT_QPA_PLATFORM=wayland to run on Wayland anyway.
xiAPI: WorkerThread is down: ret 0
xiAPI: xiCloseDevice
xiAPI: DisableSensor
xiAPI: DisableDevice
xiAPI: deleting camera context: dwID=26270971, ptr=ff22e000 processID=00006465
Guardado:
  -> /home/alonso/Desktop/2025-03-04_17-11-59_RGB/RGB_17-12-03.png
  -> /home/alonso/Desktop/2025-03-04_17-11-59_TIFF/Channels_17-12-03.tiff
Guardado:
  -> /home/alonso/Desktop/2025-03-04_17-11-59_RGB/RGB_17-12-05.png
  -> /home/alonso/Desktop/2025-03-04_17-11-59_TIFF/Channels_17-12-05.tiff
Guardado:
  -> /home/alonso/Desktop/2025-03-04_17-11-59_RGB/RGB_17-12-07.png
  -> /home/alonso/Desktop/2025-03-04_17-11-59_TIFF/Channels_17-12-07.tiff
Guardado:
  -> /home/alonso/Desktop/2025-03-04_17-11-59_RGB/RGB_17-12-09.png
  -> /home/alonso/Desktop/2025-03-04_17-11-59_TIFF/Channels_17-12-09.tiff
Guardado:
  -> /home/alonso/Desktop/2025-03-04_17-11-59_RGB/RGB_17-12-11.png
  -> /home/alonso/Desktop/2025-03-04_17-11-59_TIFF/Channels_17-12-11.tiff
Guardado:
  -> /home/alonso/Desktop/2025-03-04_17-11-59_RGB/RGB_17-12-13.png
  -> /home/alonso/Desktop/2025-03-04_17-11-59_TIFF/Channels_17-12-13.tiff
Guardado:
  -> /home/alonso/Desktop/2025-03-04_17-11-59_RGB/RGB_17-12-16.png
  -> /home/alonso/Desktop/2025-03-04_17-11-59_TIFF/Channels_17-12-16.tiff
Guardado:
  -> /home/alonso/Desktop/2025-03-04_17-11-59_RGB/RGB_17-12-18.png
  -> /home/alonso/Desktop/2025-03-04_17-11-59_TIFF/Channels_17-12-18.tiff
Guardado:
  -> /home/alonso/Desktop/2025-03-04_17-11-59_RGB/RGB_17-12-20.png
  -> /home/alonso/Desktop/2025-03-04_17-11-59_TIFF/Channels_17-12-20.tiff
Guardado:
  -> /home/alonso/Desktop/2025-03-04_17-11-59_RGB/RGB_17-12-22.png
  -> /home/alonso/Desktop/2025-03-04_17-11-59_TIFF/Channels_17-12-22.tiff
xiAPI: ---- xiOpenDevice API:V4.29.17.00 started ----
xiAPI: XIMEA Camera API V4.29.17.00
xiAPI: Adding camera context: dwID=26270971  ptr=19957000 processID=00006692
xiAPI: Create handles 1 Process 00006692
xiAPI: FindModelnfoAltInDevAltXml searching... for model info from dev-alt.xml SN:
xiAPI: FindModelnfoAltInDevAltXml searching... for model info from dev-alt.xml SN:
xiAPI: xiOpenDevice - legacy SN used for identification 26270971
xiAPI: Enable sensor
xiAPI: OK retrains 0
xiAPI: xiReadFileFFS 'SensFPNCorrections' not found
xiAPI: ScmCorrectorA::LoadAndParseConfigurationFile Warning: file SensFPNCorrections not found
xiAPI: xiReadFileFFS 'SensFPNCorrections' not found
xiAPI: ScmCorrectorA::LoadAndParseConfigurationFile Warning: file SensFPNCorrections not found
xiAPI: Sensor SetExposure freq=48MHz exp=0us regexp=x1
xiAPI: Bad Pixel List file 'mmf1/bad_pixel_list.txt' not found
xiAPI: Sensor SetExposure freq=48MHz exp=0us regexp=x1
xiAPI: AutoSetBandwidth measurement
xiAPI: CalculateResources : Context 19957000 ID 26270971 m_maxBytes=1024 m_maxBufferSize=1048576
xiAPI: AutoSetBandwidth measured 3609Mbps. Safe margin 10% will be used.
xiAPI: Current bandwidth limit auto-set to 3248 Mbps (min:80Mbps,max:3609Mbps)
xiAPI: Sensor SetExposure freq=48MHz exp=16us regexp=x1
xiAPI: Sensor SetExposure freq=48MHz exp=16us regexp=x1
xiAPI: ---- Device opened. Model:MQ022HG-IM-SM4X4-VIS3 SN:26270971 FwF1: API:V4.29.17.00 ----
xiAPI: Sensor SetExposure freq=48MHz exp=60000us regexp=x5731
xiAPI: Sensor SetExposure freq=48MHz exp=60001us regexp=x5731
xiAPI: CalculateResources : Context 19957000 ID 26270971 m_maxBytes=1024 m_maxBufferSize=1048576
xiAPI: StartVideoStream
xiAPI: WorkerThread is up
Warning: Ignoring XDG_SESSION_TYPE=wayland on Gnome. Use QT_QPA_PLATFORM=wayland to run on Wayland anyway.
Traceback (most recent call last):
  File "/home/alonso/Documents/GitHub/Spine--2025/xcamera2.py", line 128, in <module>
    false_rgb = adjust_hue_and_saturation(false_rgb, hue_shift, sat_factor)
                ^^^^^^^^^^^^^^^^^^^^^^^^^^^^^^^^^^^^^^^^^^^^^^^^^^^^^^^^^^^
  File "/home/alonso/Documents/GitHub/Spine--2025/xcamera2.py", line 37, in adjust_hue_and_saturation
    hsv[:, :, 1.5] = np.clip(hsv[:, :, 1].astype(float) * sat_factor, 0, 255).astype(np.uint8)
    ~~~^^^^^^^^^^^
IndexError: only integers, slices (`:`), ellipsis (`...`), numpy.newaxis (`None`) and integer or boolean arrays are valid indices
xiAPI: ---- xiOpenDevice API:V4.29.17.00 started ----
xiAPI: XIMEA Camera API V4.29.17.00
xiAPI: Adding camera context: dwID=26270971  ptr=D70B5000 processID=0000672B
xiAPI: Create handles 1 Process 0000672B
xiAPI: FindModelnfoAltInDevAltXml searching... for model info from dev-alt.xml SN:
xiAPI: FindModelnfoAltInDevAltXml searching... for model info from dev-alt.xml SN:
xiAPI: xiOpenDevice - legacy SN used for identification 26270971
xiAPI: Enable sensor
xiAPI: OK retrains 0
xiAPI: xiReadFileFFS 'SensFPNCorrections' not found
xiAPI: ScmCorrectorA::LoadAndParseConfigurationFile Warning: file SensFPNCorrections not found
xiAPI: xiReadFileFFS 'SensFPNCorrections' not found
xiAPI: ScmCorrectorA::LoadAndParseConfigurationFile Warning: file SensFPNCorrections not found
xiAPI: Sensor SetExposure freq=48MHz exp=0us regexp=x1
xiAPI: Bad Pixel List file 'mmf1/bad_pixel_list.txt' not found
xiAPI: Sensor SetExposure freq=48MHz exp=0us regexp=x1
xiAPI: AutoSetBandwidth measurement
xiAPI: CalculateResources : Context D70B5000 ID 26270971 m_maxBytes=1024 m_maxBufferSize=1048576
xiAPI: AutoSetBandwidth measured 3611Mbps. Safe margin 10% will be used.
xiAPI: Current bandwidth limit auto-set to 3249 Mbps (min:80Mbps,max:3611Mbps)
xiAPI: Sensor SetExposure freq=48MHz exp=16us regexp=x1
xiAPI: Sensor SetExposure freq=48MHz exp=16us regexp=x1
xiAPI: ---- Device opened. Model:MQ022HG-IM-SM4X4-VIS3 SN:26270971 FwF1: API:V4.29.17.00 ----
xiAPI: Sensor SetExposure freq=48MHz exp=30000us regexp=x2B96
xiAPI: Sensor SetExposure freq=48MHz exp=29998us regexp=x2B96
xiAPI: CalculateResources : Context D70B5000 ID 26270971 m_maxBytes=1024 m_maxBufferSize=1048576
xiAPI: StartVideoStream
xiAPI: WorkerThread is up
Warning: Ignoring XDG_SESSION_TYPE=wayland on Gnome. Use QT_QPA_PLATFORM=wayland to run on Wayland anyway.
xiAPI: WorkerThread is down: ret 0
xiAPI: xiCloseDevice
xiAPI: DisableSensor
xiAPI: DisableDevice
xiAPI: deleting camera context: dwID=26270971, ptr=d70b5000 processID=0000672B
Guardado: /home/alonso/Desktop/2025-03-04_17-15-06_RGB/RGB_17-15-10.png y /home/alonso/Desktop/2025-03-04_17-15-06_TIFF/RAW_17-15-10.tiff
Guardado: /home/alonso/Desktop/2025-03-04_17-15-06_RGB/RGB_17-15-12.png y /home/alonso/Desktop/2025-03-04_17-15-06_TIFF/RAW_17-15-12.tiff
Guardado: /home/alonso/Desktop/2025-03-04_17-15-06_RGB/RGB_17-15-14.png y /home/alonso/Desktop/2025-03-04_17-15-06_TIFF/RAW_17-15-14.tiff
Guardado: /home/alonso/Desktop/2025-03-04_17-15-06_RGB/RGB_17-15-16.png y /home/alonso/Desktop/2025-03-04_17-15-06_TIFF/RAW_17-15-16.tiff
Guardado: /home/alonso/Desktop/2025-03-04_17-15-06_RGB/RGB_17-15-18.png y /home/alonso/Desktop/2025-03-04_17-15-06_TIFF/RAW_17-15-18.tiff
Guardado: /home/alonso/Desktop/2025-03-04_17-15-06_RGB/RGB_17-15-20.png y /home/alonso/Desktop/2025-03-04_17-15-06_TIFF/RAW_17-15-20.tiff
Guardado: /home/alonso/Desktop/2025-03-04_17-15-06_RGB/RGB_17-15-22.png y /home/alonso/Desktop/2025-03-04_17-15-06_TIFF/RAW_17-15-22.tiff
Guardado: /home/alonso/Desktop/2025-03-04_17-15-06_RGB/RGB_17-15-24.png y /home/alonso/Desktop/2025-03-04_17-15-06_TIFF/RAW_17-15-24.tiff
Guardado: /home/alonso/Desktop/2025-03-04_17-15-06_RGB/RGB_17-15-26.png y /home/alonso/Desktop/2025-03-04_17-15-06_TIFF/RAW_17-15-26.tiff
Guardado: /home/alonso/Desktop/2025-03-04_17-15-06_RGB/RGB_17-15-28.png y /home/alonso/Desktop/2025-03-04_17-15-06_TIFF/RAW_17-15-28.tiff
Guardado: /home/alonso/Desktop/2025-03-04_17-15-06_RGB/RGB_17-15-30.png y /home/alonso/Desktop/2025-03-04_17-15-06_TIFF/RAW_17-15-30.tiff
❌ No se seleccionó ninguna carpeta de entrada. Saliendo...
  Stopping...

  You can now view your Streamlit app in your browser.

  URL: http://localhost:8501

2025-03-04 17:22:26.295 Port 8501 is already in use
2025-03-04 17:22:34.381 Port 8501 is already in use
2025-03-04 17:22:42.431 Port 8501 is already in use
2025-03-04 17:22:50.492 Port 8501 is already in use
2025-03-04 17:22:58.569 Port 8501 is already in use
2025-03-04 17:23:06.604 Port 8501 is already in use
2025-03-04 17:23:14.661 Port 8501 is already in use
2025-03-04 17:23:22.717 Port 8501 is already in use
2025-03-04 17:23:30.885 Port 8501 is already in use
2025-03-04 17:23:38.899 Port 8501 is already in use
2025-03-04 17:23:46.945 Port 8501 is already in use
2025-03-04 17:23:55.003 Port 8501 is already in use
  Stopping...

  You can now view your Streamlit app in your browser.

  URL: http://localhost:8501

2025-03-04 17:24:03.035 Port 8501 is already in use
2025-03-04 17:24:06.013 Port 8501 is already in use
2025-03-04 17:24:11.130 Port 8501 is already in use
2025-03-04 17:24:13.957 Port 8501 is already in use
2025-03-04 17:24:19.154 Port 8501 is already in use
2025-03-04 17:24:22.007 Port 8501 is already in use
  Stopping...

  You can now view your Streamlit app in your browser.

  URL: http://localhost:8501

xiAPI: ---- xiOpenDevice API:V4.29.17.00 started ----
xiAPI: XIMEA Camera API V4.29.17.00
xiAPI: Adding camera context: dwID=26270971  ptr=D1037000 processID=000011A1
xiAPI: Create handles 1 Process 000011A1
xiAPI: FindModelnfoAltInDevAltXml searching... for model info from dev-alt.xml SN:
xiAPI: FindModelnfoAltInDevAltXml searching... for model info from dev-alt.xml SN:
xiAPI: xiOpenDevice - legacy SN used for identification 26270971
xiAPI: Enable sensor
xiAPI: OK retrains 0
xiAPI: xiReadFileFFS 'SensFPNCorrections' not found
xiAPI: ScmCorrectorA::LoadAndParseConfigurationFile Warning: file SensFPNCorrections not found
xiAPI: xiReadFileFFS 'SensFPNCorrections' not found
xiAPI: ScmCorrectorA::LoadAndParseConfigurationFile Warning: file SensFPNCorrections not found
xiAPI: Sensor SetExposure freq=48MHz exp=0us regexp=x1
xiAPI: Bad Pixel List file 'mmf1/bad_pixel_list.txt' not found
xiAPI: Sensor SetExposure freq=48MHz exp=0us regexp=x1
xiAPI: AutoSetBandwidth measurement
xiAPI: CalculateResources : Context D1037000 ID 26270971 m_maxBytes=1024 m_maxBufferSize=1048576
xiAPI: AutoSetBandwidth measured 3605Mbps. Safe margin 10% will be used.
xiAPI: Current bandwidth limit auto-set to 3244 Mbps (min:80Mbps,max:3605Mbps)
xiAPI: Sensor SetExposure freq=48MHz exp=16us regexp=x1
xiAPI: Sensor SetExposure freq=48MHz exp=16us regexp=x1
xiAPI: ---- Device opened. Model:MQ022HG-IM-SM4X4-VIS3 SN:26270971 FwF1: API:V4.29.17.00 ----
xiAPI: Sensor SetExposure freq=48MHz exp=30000us regexp=x2B96
xiAPI: Sensor SetExposure freq=48MHz exp=29998us regexp=x2B96
xiAPI: CalculateResources : Context D1037000 ID 26270971 m_maxBytes=1024 m_maxBufferSize=1048576
xiAPI: StartVideoStream
xiAPI: WorkerThread is up
Warning: Ignoring XDG_SESSION_TYPE=wayland on Gnome. Use QT_QPA_PLATFORM=wayland to run on Wayland anyway.
xiAPI: WorkerThread is down: ret 0
xiAPI: xiCloseDevice
xiAPI: DisableSensor
xiAPI: DisableDevice
xiAPI: deleting camera context: dwID=26270971, ptr=d1037000 processID=000011A1
Guardado: /home/alonso/Desktop/2025-03-04_17-34-01_RGB/RGB_17-34-05.png y /home/alonso/Desktop/2025-03-04_17-34-01_TIFF/RAW_17-34-05.tiff
Guardado: /home/alonso/Desktop/2025-03-04_17-34-01_RGB/RGB_17-34-07.png y /home/alonso/Desktop/2025-03-04_17-34-01_TIFF/RAW_17-34-07.tiff
Guardado: /home/alonso/Desktop/2025-03-04_17-34-01_RGB/RGB_17-34-09.png y /home/alonso/Desktop/2025-03-04_17-34-01_TIFF/RAW_17-34-09.tiff
Guardado: /home/alonso/Desktop/2025-03-04_17-34-01_RGB/RGB_17-34-11.png y /home/alonso/Desktop/2025-03-04_17-34-01_TIFF/RAW_17-34-11.tiff
Guardado: /home/alonso/Desktop/2025-03-04_17-34-01_RGB/RGB_17-34-13.png y /home/alonso/Desktop/2025-03-04_17-34-01_TIFF/RAW_17-34-13.tiff
xiAPI: ---- xiOpenDevice API:V4.29.17.00 started ----
xiAPI: XIMEA Camera API V4.29.17.00
xiAPI: Adding camera context: dwID=26270971  ptr=5A7E9000 processID=00001596
xiAPI: Create handles 1 Process 00001596
xiAPI: FindModelnfoAltInDevAltXml searching... for model info from dev-alt.xml SN:
xiAPI: FindModelnfoAltInDevAltXml searching... for model info from dev-alt.xml SN:
xiAPI: xiOpenDevice - legacy SN used for identification 26270971
xiAPI: Enable sensor
xiAPI: OK retrains 0
xiAPI: xiReadFileFFS 'SensFPNCorrections' not found
xiAPI: ScmCorrectorA::LoadAndParseConfigurationFile Warning: file SensFPNCorrections not found
xiAPI: xiReadFileFFS 'SensFPNCorrections' not found
xiAPI: ScmCorrectorA::LoadAndParseConfigurationFile Warning: file SensFPNCorrections not found
xiAPI: Sensor SetExposure freq=48MHz exp=0us regexp=x1
xiAPI: Bad Pixel List file 'mmf1/bad_pixel_list.txt' not found
xiAPI: Sensor SetExposure freq=48MHz exp=0us regexp=x1
xiAPI: AutoSetBandwidth measurement
xiAPI: CalculateResources : Context 5A7E9000 ID 26270971 m_maxBytes=1024 m_maxBufferSize=1048576
xiAPI: AutoSetBandwidth measured 3580Mbps. Safe margin 10% will be used.
xiAPI: Current bandwidth limit auto-set to 3222 Mbps (min:80Mbps,max:3580Mbps)
xiAPI: Sensor SetExposure freq=48MHz exp=16us regexp=x1
xiAPI: Sensor SetExposure freq=48MHz exp=16us regexp=x1
xiAPI: ---- Device opened. Model:MQ022HG-IM-SM4X4-VIS3 SN:26270971 FwF1: API:V4.29.17.00 ----
xiAPI: Sensor SetExposure freq=48MHz exp=30000us regexp=x2B96
xiAPI: Sensor SetExposure freq=48MHz exp=29998us regexp=x2B96
xiAPI: CalculateResources : Context 5A7E9000 ID 26270971 m_maxBytes=1024 m_maxBufferSize=1048576
xiAPI: StartVideoStream
xiAPI: WorkerThread is up
Warning: Ignoring XDG_SESSION_TYPE=wayland on Gnome. Use QT_QPA_PLATFORM=wayland to run on Wayland anyway.
xiAPI: WorkerThread is down: ret 0
xiAPI: xiCloseDevice
xiAPI: DisableSensor
xiAPI: DisableDevice
xiAPI: deleting camera context: dwID=26270971, ptr=5a7e9000 processID=00001596
Guardado: /home/alonso/Desktop/2025-03-04_17-37-33_RGB/RGB_17-37-37.png y /home/alonso/Desktop/2025-03-04_17-37-33_TIFF/RAW_17-37-37.tiff
Guardado: /home/alonso/Desktop/2025-03-04_17-37-33_RGB/RGB_17-37-39.png y /home/alonso/Desktop/2025-03-04_17-37-33_TIFF/RAW_17-37-39.tiff
Guardado: /home/alonso/Desktop/2025-03-04_17-37-33_RGB/RGB_17-37-41.png y /home/alonso/Desktop/2025-03-04_17-37-33_TIFF/RAW_17-37-41.tiff
Guardado: /home/alonso/Desktop/2025-03-04_17-37-33_RGB/RGB_17-37-43.png y /home/alonso/Desktop/2025-03-04_17-37-33_TIFF/RAW_17-37-43.tiff
Guardado: /home/alonso/Desktop/2025-03-04_17-37-33_RGB/RGB_17-37-45.png y /home/alonso/Desktop/2025-03-04_17-37-33_TIFF/RAW_17-37-45.tiff
Guardado: /home/alonso/Desktop/2025-03-04_17-37-33_RGB/RGB_17-37-47.png y /home/alonso/Desktop/2025-03-04_17-37-33_TIFF/RAW_17-37-47.tiff
Guardado: /home/alonso/Desktop/2025-03-04_17-37-33_RGB/RGB_17-37-49.png y /home/alonso/Desktop/2025-03-04_17-37-33_TIFF/RAW_17-37-49.tiff
Guardado: /home/alonso/Desktop/2025-03-04_17-37-33_RGB/RGB_17-37-51.png y /home/alonso/Desktop/2025-03-04_17-37-33_TIFF/RAW_17-37-51.tiff
Guardado: /home/alonso/Desktop/2025-03-04_17-37-33_RGB/RGB_17-37-53.png y /home/alonso/Desktop/2025-03-04_17-37-33_TIFF/RAW_17-37-53.tiff
Guardado: /home/alonso/Desktop/2025-03-04_17-37-33_RGB/RGB_17-37-55.png y /home/alonso/Desktop/2025-03-04_17-37-33_TIFF/RAW_17-37-55.tiff
Guardado: /home/alonso/Desktop/2025-03-04_17-37-33_RGB/RGB_17-37-57.png y /home/alonso/Desktop/2025-03-04_17-37-33_TIFF/RAW_17-37-57.tiff
Guardado: /home/alonso/Desktop/2025-03-04_17-37-33_RGB/RGB_17-37-59.png y /home/alonso/Desktop/2025-03-04_17-37-33_TIFF/RAW_17-37-59.tiff
Guardado: /home/alonso/Desktop/2025-03-04_17-37-33_RGB/RGB_17-38-01.png y /home/alonso/Desktop/2025-03-04_17-37-33_TIFF/RAW_17-38-01.tiff
Guardado: /home/alonso/Desktop/2025-03-04_17-37-33_RGB/RGB_17-38-03.png y /home/alonso/Desktop/2025-03-04_17-37-33_TIFF/RAW_17-38-03.tiff
Guardado: /home/alonso/Desktop/2025-03-04_17-37-33_RGB/RGB_17-38-05.png y /home/alonso/Desktop/2025-03-04_17-37-33_TIFF/RAW_17-38-05.tiff
  File "/home/alonso/Documents/GitHub/Spine--2025/xcamera2.py", line 103
    sat_factor  = cv2.getTrackbarPos("Saturación", "Ajustes") 200/ 100.0  # De 0.0 a 3.0
                                                              ^^^
SyntaxError: invalid syntax
Unknown display passed to Tk_CreateErrorHandler

  You can now view your Streamlit app in your browser.

  URL: http://localhost:8501

2025-03-04 17:42:06.338 Port 8501 is already in use
2025-03-04 17:42:14.465 Port 8501 is already in use
2025-03-04 17:42:22.521 Port 8501 is already in use
2025-03-04 17:42:30.609 Port 8501 is already in use
2025-03-04 17:42:38.625 Port 8501 is already in use
2025-03-04 17:42:46.685 Port 8501 is already in use
2025-03-04 17:42:54.791 Port 8501 is already in use
2025-03-04 17:43:02.826 Port 8501 is already in use
2025-03-04 17:43:10.867 Port 8501 is already in use
2025-03-04 17:43:18.912 Port 8501 is already in use
2025-03-04 17:43:26.978 Port 8501 is already in use
2025-03-04 17:43:35.030 Port 8501 is already in use
2025-03-04 17:43:43.116 Port 8501 is already in use
2025-03-04 17:43:51.143 Port 8501 is already in use
2025-03-04 17:43:59.198 Port 8501 is already in use
2025-03-04 17:44:07.204 Port 8501 is already in use
2025-03-04 17:44:15.329 Port 8501 is already in use
X connection to :0 broken (explicit kill or server shutdown).
  Stopping...

  You can now view your Streamlit app in your browser.

  URL: http://localhost:8501

xiAPI: ---- xiOpenDevice API:V4.29.17.00 started ----
xiAPI: XIMEA Camera API V4.29.17.00
xiAPI: Adding camera context: dwID=26270971  ptr=81557000 processID=00001490
xiAPI: Create handles 1 Process 00001490
xiAPI: FindModelnfoAltInDevAltXml searching... for model info from dev-alt.xml SN:
xiAPI: FindModelnfoAltInDevAltXml searching... for model info from dev-alt.xml SN:
xiAPI: xiOpenDevice - legacy SN used for identification 26270971
xiAPI: Enable sensor
xiAPI: OK retrains 0
xiAPI: xiReadFileFFS 'SensFPNCorrections' not found
xiAPI: ScmCorrectorA::LoadAndParseConfigurationFile Warning: file SensFPNCorrections not found
xiAPI: xiReadFileFFS 'SensFPNCorrections' not found
xiAPI: ScmCorrectorA::LoadAndParseConfigurationFile Warning: file SensFPNCorrections not found
xiAPI: Sensor SetExposure freq=48MHz exp=0us regexp=x1
xiAPI: Bad Pixel List file 'mmf1/bad_pixel_list.txt' not found
xiAPI: Sensor SetExposure freq=48MHz exp=0us regexp=x1
xiAPI: AutoSetBandwidth measurement
xiAPI: CalculateResources : Context 81557000 ID 26270971 m_maxBytes=1024 m_maxBufferSize=1048576
xiAPI: AutoSetBandwidth measured 3610Mbps. Safe margin 10% will be used.
xiAPI: Current bandwidth limit auto-set to 3249 Mbps (min:80Mbps,max:3610Mbps)
xiAPI: Sensor SetExposure freq=48MHz exp=16us regexp=x1
xiAPI: Sensor SetExposure freq=48MHz exp=16us regexp=x1
xiAPI: ---- Device opened. Model:MQ022HG-IM-SM4X4-VIS3 SN:26270971 FwF1: API:V4.29.17.00 ----
xiAPI: Sensor SetExposure freq=48MHz exp=30000us regexp=x2B96
xiAPI: Sensor SetExposure freq=48MHz exp=29998us regexp=x2B96
xiAPI: CalculateResources : Context 81557000 ID 26270971 m_maxBytes=1024 m_maxBufferSize=1048576
xiAPI: StartVideoStream
xiAPI: WorkerThread is up
Warning: Ignoring XDG_SESSION_TYPE=wayland on Gnome. Use QT_QPA_PLATFORM=wayland to run on Wayland anyway.
xiAPI: WorkerThread is down: ret 0
xiAPI: xiCloseDevice
xiAPI: DisableSensor
xiAPI: DisableDevice
xiAPI: deleting camera context: dwID=26270971, ptr=81557000 processID=00001490
Guardado: /home/alonso/Desktop/2025-03-04_18-30-16_RGB/RGB_18-30-20.png y /home/alonso/Desktop/2025-03-04_18-30-16_TIFF/RAW_18-30-20.tiff
Guardado: /home/alonso/Desktop/2025-03-04_18-30-16_RGB/RGB_18-30-22.png y /home/alonso/Desktop/2025-03-04_18-30-16_TIFF/RAW_18-30-22.tiff
Guardado: /home/alonso/Desktop/2025-03-04_18-30-16_RGB/RGB_18-30-24.png y /home/alonso/Desktop/2025-03-04_18-30-16_TIFF/RAW_18-30-24.tiff
Guardado: /home/alonso/Desktop/2025-03-04_18-30-16_RGB/RGB_18-30-26.png y /home/alonso/Desktop/2025-03-04_18-30-16_TIFF/RAW_18-30-26.tiff
Guardado: /home/alonso/Desktop/2025-03-04_18-30-16_RGB/RGB_18-30-28.png y /home/alonso/Desktop/2025-03-04_18-30-16_TIFF/RAW_18-30-28.tiff
Guardado: /home/alonso/Desktop/2025-03-04_18-30-16_RGB/RGB_18-30-30.png y /home/alonso/Desktop/2025-03-04_18-30-16_TIFF/RAW_18-30-30.tiff
Guardado: /home/alonso/Desktop/2025-03-04_18-30-16_RGB/RGB_18-30-32.png y /home/alonso/Desktop/2025-03-04_18-30-16_TIFF/RAW_18-30-32.tiff
Guardado: /home/alonso/Desktop/2025-03-04_18-30-16_RGB/RGB_18-30-34.png y /home/alonso/Desktop/2025-03-04_18-30-16_TIFF/RAW_18-30-34.tiff
Guardado: /home/alonso/Desktop/2025-03-04_18-30-16_RGB/RGB_18-30-36.png y /home/alonso/Desktop/2025-03-04_18-30-16_TIFF/RAW_18-30-36.tiff
Guardado: /home/alonso/Desktop/2025-03-04_18-30-16_RGB/RGB_18-30-38.png y /home/alonso/Desktop/2025-03-04_18-30-16_TIFF/RAW_18-30-38.tiff
Guardado: /home/alonso/Desktop/2025-03-04_18-30-16_RGB/RGB_18-30-40.png y /home/alonso/Desktop/2025-03-04_18-30-16_TIFF/RAW_18-30-40.tiff
Guardado: /home/alonso/Desktop/2025-03-04_18-30-16_RGB/RGB_18-30-42.png y /home/alonso/Desktop/2025-03-04_18-30-16_TIFF/RAW_18-30-42.tiff
Guardado: /home/alonso/Desktop/2025-03-04_18-30-16_RGB/RGB_18-30-44.png y /home/alonso/Desktop/2025-03-04_18-30-16_TIFF/RAW_18-30-44.tiff
Guardado: /home/alonso/Desktop/2025-03-04_18-30-16_RGB/RGB_18-30-46.png y /home/alonso/Desktop/2025-03-04_18-30-16_TIFF/RAW_18-30-46.tiff
Guardado: /home/alonso/Desktop/2025-03-04_18-30-16_RGB/RGB_18-30-48.png y /home/alonso/Desktop/2025-03-04_18-30-16_TIFF/RAW_18-30-48.tiff
Guardado: /home/alonso/Desktop/2025-03-04_18-30-16_RGB/RGB_18-30-50.png y /home/alonso/Desktop/2025-03-04_18-30-16_TIFF/RAW_18-30-50.tiff
Guardado: /home/alonso/Desktop/2025-03-04_18-30-16_RGB/RGB_18-30-52.png y /home/alonso/Desktop/2025-03-04_18-30-16_TIFF/RAW_18-30-52.tiff
Guardado: /home/alonso/Desktop/2025-03-04_18-30-16_RGB/RGB_18-30-54.png y /home/alonso/Desktop/2025-03-04_18-30-16_TIFF/RAW_18-30-54.tiff
Guardado: /home/alonso/Desktop/2025-03-04_18-30-16_RGB/RGB_18-30-56.png y /home/alonso/Desktop/2025-03-04_18-30-16_TIFF/RAW_18-30-56.tiff
Guardado: /home/alonso/Desktop/2025-03-04_18-30-16_RGB/RGB_18-30-58.png y /home/alonso/Desktop/2025-03-04_18-30-16_TIFF/RAW_18-30-58.tiff
Guardado: /home/alonso/Desktop/2025-03-04_18-30-16_RGB/RGB_18-31-00.png y /home/alonso/Desktop/2025-03-04_18-30-16_TIFF/RAW_18-31-00.tiff
Guardado: /home/alonso/Desktop/2025-03-04_18-30-16_RGB/RGB_18-31-02.png y /home/alonso/Desktop/2025-03-04_18-30-16_TIFF/RAW_18-31-02.tiff
Guardado: /home/alonso/Desktop/2025-03-04_18-30-16_RGB/RGB_18-31-04.png y /home/alonso/Desktop/2025-03-04_18-30-16_TIFF/RAW_18-31-04.tiff
Guardado: /home/alonso/Desktop/2025-03-04_18-30-16_RGB/RGB_18-31-06.png y /home/alonso/Desktop/2025-03-04_18-30-16_TIFF/RAW_18-31-06.tiff
Guardado: /home/alonso/Desktop/2025-03-04_18-30-16_RGB/RGB_18-31-08.png y /home/alonso/Desktop/2025-03-04_18-30-16_TIFF/RAW_18-31-08.tiff
Guardado: /home/alonso/Desktop/2025-03-04_18-30-16_RGB/RGB_18-31-10.png y /home/alonso/Desktop/2025-03-04_18-30-16_TIFF/RAW_18-31-10.tiff
Guardado: /home/alonso/Desktop/2025-03-04_18-30-16_RGB/RGB_18-31-12.png y /home/alonso/Desktop/2025-03-04_18-30-16_TIFF/RAW_18-31-12.tiff
Guardado: /home/alonso/Desktop/2025-03-04_18-30-16_RGB/RGB_18-31-14.png y /home/alonso/Desktop/2025-03-04_18-30-16_TIFF/RAW_18-31-14.tiff
Guardado: /home/alonso/Desktop/2025-03-04_18-30-16_RGB/RGB_18-31-16.png y /home/alonso/Desktop/2025-03-04_18-30-16_TIFF/RAW_18-31-16.tiff
Guardado: /home/alonso/Desktop/2025-03-04_18-30-16_RGB/RGB_18-31-18.png y /home/alonso/Desktop/2025-03-04_18-30-16_TIFF/RAW_18-31-18.tiff
Guardado: /home/alonso/Desktop/2025-03-04_18-30-16_RGB/RGB_18-31-20.png y /home/alonso/Desktop/2025-03-04_18-30-16_TIFF/RAW_18-31-20.tiff
Guardado: /home/alonso/Desktop/2025-03-04_18-30-16_RGB/RGB_18-31-22.png y /home/alonso/Desktop/2025-03-04_18-30-16_TIFF/RAW_18-31-22.tiff
Guardado: /home/alonso/Desktop/2025-03-04_18-30-16_RGB/RGB_18-31-24.png y /home/alonso/Desktop/2025-03-04_18-30-16_TIFF/RAW_18-31-24.tiff
Guardado: /home/alonso/Desktop/2025-03-04_18-30-16_RGB/RGB_18-31-26.png y /home/alonso/Desktop/2025-03-04_18-30-16_TIFF/RAW_18-31-26.tiff
Guardado: /home/alonso/Desktop/2025-03-04_18-30-16_RGB/RGB_18-31-28.png y /home/alonso/Desktop/2025-03-04_18-30-16_TIFF/RAW_18-31-28.tiff
Guardado: /home/alonso/Desktop/2025-03-04_18-30-16_RGB/RGB_18-31-30.png y /home/alonso/Desktop/2025-03-04_18-30-16_TIFF/RAW_18-31-30.tiff
Guardado: /home/alonso/Desktop/2025-03-04_18-30-16_RGB/RGB_18-31-32.png y /home/alonso/Desktop/2025-03-04_18-30-16_TIFF/RAW_18-31-32.tiff
Guardado: /home/alonso/Desktop/2025-03-04_18-30-16_RGB/RGB_18-31-34.png y /home/alonso/Desktop/2025-03-04_18-30-16_TIFF/RAW_18-31-34.tiff
Guardado: /home/alonso/Desktop/2025-03-04_18-30-16_RGB/RGB_18-31-36.png y /home/alonso/Desktop/2025-03-04_18-30-16_TIFF/RAW_18-31-36.tiff
Guardado: /home/alonso/Desktop/2025-03-04_18-30-16_RGB/RGB_18-31-38.png y /home/alonso/Desktop/2025-03-04_18-30-16_TIFF/RAW_18-31-38.tiff
Guardado: /home/alonso/Desktop/2025-03-04_18-30-16_RGB/RGB_18-31-40.png y /home/alonso/Desktop/2025-03-04_18-30-16_TIFF/RAW_18-31-40.tiff
Guardado: /home/alonso/Desktop/2025-03-04_18-30-16_RGB/RGB_18-31-42.png y /home/alonso/Desktop/2025-03-04_18-30-16_TIFF/RAW_18-31-42.tiff
Guardado: /home/alonso/Desktop/2025-03-04_18-30-16_RGB/RGB_18-31-44.png y /home/alonso/Desktop/2025-03-04_18-30-16_TIFF/RAW_18-31-44.tiff
Guardado: /home/alonso/Desktop/2025-03-04_18-30-16_RGB/RGB_18-31-46.png y /home/alonso/Desktop/2025-03-04_18-30-16_TIFF/RAW_18-31-46.tiff
Guardado: /home/alonso/Desktop/2025-03-04_18-30-16_RGB/RGB_18-31-48.png y /home/alonso/Desktop/2025-03-04_18-30-16_TIFF/RAW_18-31-48.tiff
Guardado: /home/alonso/Desktop/2025-03-04_18-30-16_RGB/RGB_18-31-50.png y /home/alonso/Desktop/2025-03-04_18-30-16_TIFF/RAW_18-31-50.tiff
Guardado: /home/alonso/Desktop/2025-03-04_18-30-16_RGB/RGB_18-31-52.png y /home/alonso/Desktop/2025-03-04_18-30-16_TIFF/RAW_18-31-52.tiff
Guardado: /home/alonso/Desktop/2025-03-04_18-30-16_RGB/RGB_18-31-54.png y /home/alonso/Desktop/2025-03-04_18-30-16_TIFF/RAW_18-31-54.tiff
Guardado: /home/alonso/Desktop/2025-03-04_18-30-16_RGB/RGB_18-31-56.png y /home/alonso/Desktop/2025-03-04_18-30-16_TIFF/RAW_18-31-56.tiff
Guardado: /home/alonso/Desktop/2025-03-04_18-30-16_RGB/RGB_18-31-58.png y /home/alonso/Desktop/2025-03-04_18-30-16_TIFF/RAW_18-31-58.tiff
Guardado: /home/alonso/Desktop/2025-03-04_18-30-16_RGB/RGB_18-32-00.png y /home/alonso/Desktop/2025-03-04_18-30-16_TIFF/RAW_18-32-00.tiff
Guardado: /home/alonso/Desktop/2025-03-04_18-30-16_RGB/RGB_18-32-02.png y /home/alonso/Desktop/2025-03-04_18-30-16_TIFF/RAW_18-32-02.tiff
Guardado: /home/alonso/Desktop/2025-03-04_18-30-16_RGB/RGB_18-32-04.png y /home/alonso/Desktop/2025-03-04_18-30-16_TIFF/RAW_18-32-04.tiff
  Stopping...

  You can now view your Streamlit app in your browser.

  URL: http://localhost:8501

2025-03-04 18:35:00.867 Port 8501 is already in use
2025-03-04 18:35:08.985 Port 8501 is already in use
xiAPI: ---- xiOpenDevice API:V4.29.17.00 started ----
xiAPI: XIMEA Camera API V4.29.17.00
xiAPI: Adding camera context: dwID=26270971  ptr=0AB57000 processID=00001B83
xiAPI: Create handles 1 Process 00001B83
xiAPI: FindModelnfoAltInDevAltXml searching... for model info from dev-alt.xml SN:
xiAPI: FindModelnfoAltInDevAltXml searching... for model info from dev-alt.xml SN:
xiAPI: xiOpenDevice - legacy SN used for identification 26270971
xiAPI: Enable sensor
xiAPI: OK retrains 0
xiAPI: xiReadFileFFS 'SensFPNCorrections' not found
xiAPI: ScmCorrectorA::LoadAndParseConfigurationFile Warning: file SensFPNCorrections not found
xiAPI: xiReadFileFFS 'SensFPNCorrections' not found
xiAPI: ScmCorrectorA::LoadAndParseConfigurationFile Warning: file SensFPNCorrections not found
xiAPI: Sensor SetExposure freq=48MHz exp=0us regexp=x1
xiAPI: Bad Pixel List file 'mmf1/bad_pixel_list.txt' not found
xiAPI: Sensor SetExposure freq=48MHz exp=0us regexp=x1
xiAPI: AutoSetBandwidth measurement
xiAPI: CalculateResources : Context 0AB57000 ID 26270971 m_maxBytes=1024 m_maxBufferSize=1048576
2025-03-04 18:35:17.102 Port 8501 is already in use
xiAPI: AutoSetBandwidth measured 3622Mbps. Safe margin 10% will be used.
xiAPI: Current bandwidth limit auto-set to 3259 Mbps (min:80Mbps,max:3622Mbps)
xiAPI: Sensor SetExposure freq=48MHz exp=16us regexp=x1
xiAPI: Sensor SetExposure freq=48MHz exp=16us regexp=x1
xiAPI: ---- Device opened. Model:MQ022HG-IM-SM4X4-VIS3 SN:26270971 FwF1: API:V4.29.17.00 ----
xiAPI: Sensor SetExposure freq=48MHz exp=30000us regexp=x2B96
xiAPI: Sensor SetExposure freq=48MHz exp=29998us regexp=x2B96
xiAPI: CalculateResources : Context 0AB57000 ID 26270971 m_maxBytes=1024 m_maxBufferSize=1048576
xiAPI: StartVideoStream
xiAPI: WorkerThread is up
Warning: Ignoring XDG_SESSION_TYPE=wayland on Gnome. Use QT_QPA_PLATFORM=wayland to run on Wayland anyway.
2025-03-04 18:35:25.101 Port 8501 is already in use
2025-03-04 18:35:33.361 Port 8501 is already in use
2025-03-04 18:35:41.339 Port 8501 is already in use
2025-03-04 18:35:49.414 Port 8501 is already in use
xiAPI: WorkerThread is down: ret 0
xiAPI: xiCloseDevice
xiAPI: DisableSensor
xiAPI: DisableDevice
xiAPI: deleting camera context: dwID=26270971, ptr=0ab57000 processID=00001B83
Guardado: /home/alonso/Desktop/2025-03-04_18-35-16_RGB/RGB_18-35-20.png y /home/alonso/Desktop/2025-03-04_18-35-16_TIFF/RAW_18-35-20.tiff
Guardado: /home/alonso/Desktop/2025-03-04_18-35-16_RGB/RGB_18-35-22.png y /home/alonso/Desktop/2025-03-04_18-35-16_TIFF/RAW_18-35-22.tiff
Guardado: /home/alonso/Desktop/2025-03-04_18-35-16_RGB/RGB_18-35-24.png y /home/alonso/Desktop/2025-03-04_18-35-16_TIFF/RAW_18-35-24.tiff
Guardado: /home/alonso/Desktop/2025-03-04_18-35-16_RGB/RGB_18-35-26.png y /home/alonso/Desktop/2025-03-04_18-35-16_TIFF/RAW_18-35-26.tiff
Guardado: /home/alonso/Desktop/2025-03-04_18-35-16_RGB/RGB_18-35-28.png y /home/alonso/Desktop/2025-03-04_18-35-16_TIFF/RAW_18-35-28.tiff
Guardado: /home/alonso/Desktop/2025-03-04_18-35-16_RGB/RGB_18-35-30.png y /home/alonso/Desktop/2025-03-04_18-35-16_TIFF/RAW_18-35-30.tiff
Guardado: /home/alonso/Desktop/2025-03-04_18-35-16_RGB/RGB_18-35-32.png y /home/alonso/Desktop/2025-03-04_18-35-16_TIFF/RAW_18-35-32.tiff
Guardado: /home/alonso/Desktop/2025-03-04_18-35-16_RGB/RGB_18-35-34.png y /home/alonso/Desktop/2025-03-04_18-35-16_TIFF/RAW_18-35-34.tiff
Guardado: /home/alonso/Desktop/2025-03-04_18-35-16_RGB/RGB_18-35-36.png y /home/alonso/Desktop/2025-03-04_18-35-16_TIFF/RAW_18-35-36.tiff
Guardado: /home/alonso/Desktop/2025-03-04_18-35-16_RGB/RGB_18-35-38.png y /home/alonso/Desktop/2025-03-04_18-35-16_TIFF/RAW_18-35-38.tiff
Guardado: /home/alonso/Desktop/2025-03-04_18-35-16_RGB/RGB_18-35-40.png y /home/alonso/Desktop/2025-03-04_18-35-16_TIFF/RAW_18-35-40.tiff
Guardado: /home/alonso/Desktop/2025-03-04_18-35-16_RGB/RGB_18-35-42.png y /home/alonso/Desktop/2025-03-04_18-35-16_TIFF/RAW_18-35-42.tiff
Guardado: /home/alonso/Desktop/2025-03-04_18-35-16_RGB/RGB_18-35-44.png y /home/alonso/Desktop/2025-03-04_18-35-16_TIFF/RAW_18-35-44.tiff
Guardado: /home/alonso/Desktop/2025-03-04_18-35-16_RGB/RGB_18-35-46.png y /home/alonso/Desktop/2025-03-04_18-35-16_TIFF/RAW_18-35-46.tiff
Guardado: /home/alonso/Desktop/2025-03-04_18-35-16_RGB/RGB_18-35-48.png y /home/alonso/Desktop/2025-03-04_18-35-16_TIFF/RAW_18-35-48.tiff
2025-03-04 18:35:57.302 Port 8501 is already in use
2025-03-04 18:36:05.385 Port 8501 is already in use
2025-03-04 18:36:13.426 Port 8501 is already in use
2025-03-04 18:36:21.492 Port 8501 is already in use
2025-03-04 18:36:29.591 Port 8501 is already in use
xiAPI: ---- xiOpenDevice API:V4.29.17.00 started ----
xiAPI: XIMEA Camera API V4.29.17.00
xiAPI: Adding camera context: dwID=26270971  ptr=C362E000 processID=00001D40
xiAPI: Create handles 1 Process 00001D40
xiAPI: FindModelnfoAltInDevAltXml searching... for model info from dev-alt.xml SN:
xiAPI: FindModelnfoAltInDevAltXml searching... for model info from dev-alt.xml SN:
xiAPI: xiOpenDevice - legacy SN used for identification 26270971
xiAPI: Enable sensor
2025-03-04 18:36:37.713 Port 8501 is already in use
xiAPI: OK retrains 0
xiAPI: xiReadFileFFS 'SensFPNCorrections' not found
xiAPI: ScmCorrectorA::LoadAndParseConfigurationFile Warning: file SensFPNCorrections not found
xiAPI: xiReadFileFFS 'SensFPNCorrections' not found
xiAPI: ScmCorrectorA::LoadAndParseConfigurationFile Warning: file SensFPNCorrections not found
xiAPI: Sensor SetExposure freq=48MHz exp=0us regexp=x1
xiAPI: Bad Pixel List file 'mmf1/bad_pixel_list.txt' not found
xiAPI: Sensor SetExposure freq=48MHz exp=0us regexp=x1
xiAPI: AutoSetBandwidth measurement
xiAPI: CalculateResources : Context C362E000 ID 26270971 m_maxBytes=1024 m_maxBufferSize=1048576
xiAPI: AutoSetBandwidth measured 3616Mbps. Safe margin 10% will be used.
xiAPI: Current bandwidth limit auto-set to 3254 Mbps (min:80Mbps,max:3616Mbps)
xiAPI: Sensor SetExposure freq=48MHz exp=16us regexp=x1
xiAPI: Sensor SetExposure freq=48MHz exp=16us regexp=x1
xiAPI: ---- Device opened. Model:MQ022HG-IM-SM4X4-VIS3 SN:26270971 FwF1: API:V4.29.17.00 ----
xiAPI: Sensor SetExposure freq=48MHz exp=30000us regexp=x2B96
xiAPI: Sensor SetExposure freq=48MHz exp=29998us regexp=x2B96
xiAPI: CalculateResources : Context C362E000 ID 26270971 m_maxBytes=1024 m_maxBufferSize=1048576
xiAPI: StartVideoStream
xiAPI: WorkerThread is up
Warning: Ignoring XDG_SESSION_TYPE=wayland on Gnome. Use QT_QPA_PLATFORM=wayland to run on Wayland anyway.
2025-03-04 18:36:45.754 Port 8501 is already in use
2025-03-04 18:36:53.844 Port 8501 is already in use
2025-03-04 18:37:01.884 Port 8501 is already in use
xiAPI: WorkerThread is down: ret 0
xiAPI: xiCloseDevice
xiAPI: DisableSensor
xiAPI: DisableDevice
xiAPI: deleting camera context: dwID=26270971, ptr=c362e000 processID=00001D40
Guardado: /home/alonso/Desktop/2025-03-04_18-36-37_RGB/RGB_18-36-41.png y /home/alonso/Desktop/2025-03-04_18-36-37_TIFF/RAW_18-36-41.tiff
Guardado: /home/alonso/Desktop/2025-03-04_18-36-37_RGB/RGB_18-36-43.png y /home/alonso/Desktop/2025-03-04_18-36-37_TIFF/RAW_18-36-43.tiff
Guardado: /home/alonso/Desktop/2025-03-04_18-36-37_RGB/RGB_18-36-45.png y /home/alonso/Desktop/2025-03-04_18-36-37_TIFF/RAW_18-36-45.tiff
Guardado: /home/alonso/Desktop/2025-03-04_18-36-37_RGB/RGB_18-36-47.png y /home/alonso/Desktop/2025-03-04_18-36-37_TIFF/RAW_18-36-47.tiff
Guardado: /home/alonso/Desktop/2025-03-04_18-36-37_RGB/RGB_18-36-49.png y /home/alonso/Desktop/2025-03-04_18-36-37_TIFF/RAW_18-36-49.tiff
Guardado: /home/alonso/Desktop/2025-03-04_18-36-37_RGB/RGB_18-36-51.png y /home/alonso/Desktop/2025-03-04_18-36-37_TIFF/RAW_18-36-51.tiff
Guardado: /home/alonso/Desktop/2025-03-04_18-36-37_RGB/RGB_18-36-53.png y /home/alonso/Desktop/2025-03-04_18-36-37_TIFF/RAW_18-36-53.tiff
Guardado: /home/alonso/Desktop/2025-03-04_18-36-37_RGB/RGB_18-36-55.png y /home/alonso/Desktop/2025-03-04_18-36-37_TIFF/RAW_18-36-55.tiff
Guardado: /home/alonso/Desktop/2025-03-04_18-36-37_RGB/RGB_18-36-57.png y /home/alonso/Desktop/2025-03-04_18-36-37_TIFF/RAW_18-36-57.tiff
Guardado: /home/alonso/Desktop/2025-03-04_18-36-37_RGB/RGB_18-36-59.png y /home/alonso/Desktop/2025-03-04_18-36-37_TIFF/RAW_18-36-59.tiff
Guardado: /home/alonso/Desktop/2025-03-04_18-36-37_RGB/RGB_18-37-01.png y /home/alonso/Desktop/2025-03-04_18-36-37_TIFF/RAW_18-37-01.tiff
2025-03-04 18:37:09.935 Port 8501 is already in use
2025-03-04 18:37:18.022 Port 8501 is already in use
2025-03-04 18:37:26.026 Port 8501 is already in use
  Stopping...

  You can now view your Streamlit app in your browser.

  URL: http://localhost:8501

2025-03-04 18:37:33.843 Port 8501 is already in use
2025-03-04 18:37:34.128 Port 8501 is already in use
2025-03-04 18:37:41.771 Port 8501 is already in use
2025-03-04 18:37:42.191 Port 8501 is already in use
xiAPI: ---- xiOpenDevice API:V4.29.17.00 started ----
xiAPI: XIMEA Camera API V4.29.17.00
xiAPI: Adding camera context: dwID=26270971  ptr=5F28C000 processID=00001F78
xiAPI: Create handles 1 Process 00001F78
xiAPI: FindModelnfoAltInDevAltXml searching... for model info from dev-alt.xml SN:
xiAPI: FindModelnfoAltInDevAltXml searching... for model info from dev-alt.xml SN:
xiAPI: xiOpenDevice - legacy SN used for identification 26270971
xiAPI: Enable sensor
xiAPI: OK retrains 0
xiAPI: xiReadFileFFS 'SensFPNCorrections' not found
xiAPI: ScmCorrectorA::LoadAndParseConfigurationFile Warning: file SensFPNCorrections not found
xiAPI: xiReadFileFFS 'SensFPNCorrections' not found
xiAPI: ScmCorrectorA::LoadAndParseConfigurationFile Warning: file SensFPNCorrections not found
xiAPI: Sensor SetExposure freq=48MHz exp=0us regexp=x1
xiAPI: Bad Pixel List file 'mmf1/bad_pixel_list.txt' not found
xiAPI: Sensor SetExposure freq=48MHz exp=0us regexp=x1
xiAPI: AutoSetBandwidth measurement
xiAPI: CalculateResources : Context 5F28C000 ID 26270971 m_maxBytes=1024 m_maxBufferSize=1048576
xiAPI: AutoSetBandwidth measured 3613Mbps. Safe margin 10% will be used.
xiAPI: Current bandwidth limit auto-set to 3251 Mbps (min:80Mbps,max:3613Mbps)
xiAPI: Sensor SetExposure freq=48MHz exp=16us regexp=x1
xiAPI: Sensor SetExposure freq=48MHz exp=16us regexp=x1
xiAPI: ---- Device opened. Model:MQ022HG-IM-SM4X4-VIS3 SN:26270971 FwF1: API:V4.29.17.00 ----
xiAPI: Sensor SetExposure freq=48MHz exp=30000us regexp=x2B96
xiAPI: Sensor SetExposure freq=48MHz exp=29998us regexp=x2B96
xiAPI: CalculateResources : Context 5F28C000 ID 26270971 m_maxBytes=1024 m_maxBufferSize=1048576
xiAPI: StartVideoStream
xiAPI: WorkerThread is up
Warning: Ignoring XDG_SESSION_TYPE=wayland on Gnome. Use QT_QPA_PLATFORM=wayland to run on Wayland anyway.
2025-03-04 18:37:50.183 Port 8501 is already in use
2025-03-04 18:37:50.335 Port 8501 is already in use
2025-03-04 18:37:58.042 Port 8501 is already in use
2025-03-04 18:37:58.514 Port 8501 is already in use
xiAPI: WorkerThread is down: ret 0
xiAPI: xiCloseDevice
xiAPI: DisableSensor
xiAPI: DisableDevice
xiAPI: deleting camera context: dwID=26270971, ptr=5f28c000 processID=00001F78
Guardado: /home/alonso/Desktop/2025-03-04_18-37-42_RGB/RGB_18-37-46.png y /home/alonso/Desktop/2025-03-04_18-37-42_TIFF/RAW_18-37-46.tiff
Guardado: /home/alonso/Desktop/2025-03-04_18-37-42_RGB/RGB_18-37-48.png y /home/alonso/Desktop/2025-03-04_18-37-42_TIFF/RAW_18-37-48.tiff
Guardado: /home/alonso/Desktop/2025-03-04_18-37-42_RGB/RGB_18-37-50.png y /home/alonso/Desktop/2025-03-04_18-37-42_TIFF/RAW_18-37-50.tiff
Guardado: /home/alonso/Desktop/2025-03-04_18-37-42_RGB/RGB_18-37-52.png y /home/alonso/Desktop/2025-03-04_18-37-42_TIFF/RAW_18-37-52.tiff
Guardado: /home/alonso/Desktop/2025-03-04_18-37-42_RGB/RGB_18-37-54.png y /home/alonso/Desktop/2025-03-04_18-37-42_TIFF/RAW_18-37-54.tiff
Guardado: /home/alonso/Desktop/2025-03-04_18-37-42_RGB/RGB_18-37-56.png y /home/alonso/Desktop/2025-03-04_18-37-42_TIFF/RAW_18-37-56.tiff
Guardado: /home/alonso/Desktop/2025-03-04_18-37-42_RGB/RGB_18-37-58.png y /home/alonso/Desktop/2025-03-04_18-37-42_TIFF/RAW_18-37-58.tiff
2025-03-04 18:38:05.989 Port 8501 is already in use
2025-03-04 18:38:06.376 Port 8501 is already in use
2025-03-04 18:38:14.054 Port 8501 is already in use
2025-03-04 18:38:14.434 Port 8501 is already in use
xiAPI: ---- xiOpenDevice API:V4.29.17.00 started ----
xiAPI: XIMEA Camera API V4.29.17.00
xiAPI: Adding camera context: dwID=26270971  ptr=2F1E9000 processID=00002090
xiAPI: Create handles 1 Process 00002090
xiAPI: FindModelnfoAltInDevAltXml searching... for model info from dev-alt.xml SN:
xiAPI: FindModelnfoAltInDevAltXml searching... for model info from dev-alt.xml SN:
xiAPI: xiOpenDevice - legacy SN used for identification 26270971
xiAPI: Enable sensor
xiAPI: OK retrains 0
xiAPI: xiReadFileFFS 'SensFPNCorrections' not found
xiAPI: ScmCorrectorA::LoadAndParseConfigurationFile Warning: file SensFPNCorrections not found
xiAPI: xiReadFileFFS 'SensFPNCorrections' not found
xiAPI: ScmCorrectorA::LoadAndParseConfigurationFile Warning: file SensFPNCorrections not found
xiAPI: Sensor SetExposure freq=48MHz exp=0us regexp=x1
xiAPI: Bad Pixel List file 'mmf1/bad_pixel_list.txt' not found
xiAPI: Sensor SetExposure freq=48MHz exp=0us regexp=x1
xiAPI: AutoSetBandwidth measurement
xiAPI: CalculateResources : Context 2F1E9000 ID 26270971 m_maxBytes=1024 m_maxBufferSize=1048576
xiAPI: AutoSetBandwidth measured 3610Mbps. Safe margin 10% will be used.
xiAPI: Current bandwidth limit auto-set to 3249 Mbps (min:80Mbps,max:3610Mbps)
xiAPI: Sensor SetExposure freq=48MHz exp=16us regexp=x1
xiAPI: Sensor SetExposure freq=48MHz exp=16us regexp=x1
xiAPI: ---- Device opened. Model:MQ022HG-IM-SM4X4-VIS3 SN:26270971 FwF1: API:V4.29.17.00 ----
xiAPI: Sensor SetExposure freq=48MHz exp=30000us regexp=x2B96
xiAPI: Sensor SetExposure freq=48MHz exp=29998us regexp=x2B96
xiAPI: CalculateResources : Context 2F1E9000 ID 26270971 m_maxBytes=1024 m_maxBufferSize=1048576
xiAPI: StartVideoStream
xiAPI: WorkerThread is up
Warning: Ignoring XDG_SESSION_TYPE=wayland on Gnome. Use QT_QPA_PLATFORM=wayland to run on Wayland anyway.
2025-03-04 18:38:22.156 Port 8501 is already in use
2025-03-04 18:38:22.595 Port 8501 is already in use
2025-03-04 18:38:30.236 Port 8501 is already in use
2025-03-04 18:38:30.650 Port 8501 is already in use
2025-03-04 18:38:38.273 Port 8501 is already in use
2025-03-04 18:38:38.789 Port 8501 is already in use
2025-03-04 18:38:46.400 Port 8501 is already in use
2025-03-04 18:38:46.902 Port 8501 is already in use
2025-03-04 18:38:54.683 Port 8501 is already in use
2025-03-04 18:38:54.883 Port 8501 is already in use
2025-03-04 18:39:02.751 Port 8501 is already in use
2025-03-04 18:39:02.930 Port 8501 is already in use
2025-03-04 18:39:11.027 Port 8501 is already in use
2025-03-04 18:39:11.121 Port 8501 is already in use
2025-03-04 18:39:18.923 Port 8501 is already in use
2025-03-04 18:39:19.328 Port 8501 is already in use
2025-03-04 18:39:27.145 Port 8501 is already in use
2025-03-04 18:39:27.177 Port 8501 is already in use
xiAPI: WorkerThread is down: ret 0
xiAPI: xiCloseDevice
xiAPI: DisableSensor
xiAPI: DisableDevice
xiAPI: deleting camera context: dwID=26270971, ptr=2f1e9000 processID=00002090
Guardado: /home/alonso/Desktop/2025-03-04_18-38-18_RGB/RGB_18-38-21.png y /home/alonso/Desktop/2025-03-04_18-38-18_TIFF/RAW_18-38-21.tiff
Guardado: /home/alonso/Desktop/2025-03-04_18-38-18_RGB/RGB_18-38-23.png y /home/alonso/Desktop/2025-03-04_18-38-18_TIFF/RAW_18-38-23.tiff
Guardado: /home/alonso/Desktop/2025-03-04_18-38-18_RGB/RGB_18-38-25.png y /home/alonso/Desktop/2025-03-04_18-38-18_TIFF/RAW_18-38-25.tiff
Guardado: /home/alonso/Desktop/2025-03-04_18-38-18_RGB/RGB_18-38-27.png y /home/alonso/Desktop/2025-03-04_18-38-18_TIFF/RAW_18-38-27.tiff
Guardado: /home/alonso/Desktop/2025-03-04_18-38-18_RGB/RGB_18-38-30.png y /home/alonso/Desktop/2025-03-04_18-38-18_TIFF/RAW_18-38-30.tiff
Guardado: /home/alonso/Desktop/2025-03-04_18-38-18_RGB/RGB_18-38-32.png y /home/alonso/Desktop/2025-03-04_18-38-18_TIFF/RAW_18-38-32.tiff
Guardado: /home/alonso/Desktop/2025-03-04_18-38-18_RGB/RGB_18-38-34.png y /home/alonso/Desktop/2025-03-04_18-38-18_TIFF/RAW_18-38-34.tiff
Guardado: /home/alonso/Desktop/2025-03-04_18-38-18_RGB/RGB_18-38-36.png y /home/alonso/Desktop/2025-03-04_18-38-18_TIFF/RAW_18-38-36.tiff
Guardado: /home/alonso/Desktop/2025-03-04_18-38-18_RGB/RGB_18-38-38.png y /home/alonso/Desktop/2025-03-04_18-38-18_TIFF/RAW_18-38-38.tiff
Guardado: /home/alonso/Desktop/2025-03-04_18-38-18_RGB/RGB_18-38-40.png y /home/alonso/Desktop/2025-03-04_18-38-18_TIFF/RAW_18-38-40.tiff
Guardado: /home/alonso/Desktop/2025-03-04_18-38-18_RGB/RGB_18-38-42.png y /home/alonso/Desktop/2025-03-04_18-38-18_TIFF/RAW_18-38-42.tiff
Guardado: /home/alonso/Desktop/2025-03-04_18-38-18_RGB/RGB_18-38-44.png y /home/alonso/Desktop/2025-03-04_18-38-18_TIFF/RAW_18-38-44.tiff
Guardado: /home/alonso/Desktop/2025-03-04_18-38-18_RGB/RGB_18-38-46.png y /home/alonso/Desktop/2025-03-04_18-38-18_TIFF/RAW_18-38-46.tiff
Guardado: /home/alonso/Desktop/2025-03-04_18-38-18_RGB/RGB_18-38-48.png y /home/alonso/Desktop/2025-03-04_18-38-18_TIFF/RAW_18-38-48.tiff
Guardado: /home/alonso/Desktop/2025-03-04_18-38-18_RGB/RGB_18-38-50.png y /home/alonso/Desktop/2025-03-04_18-38-18_TIFF/RAW_18-38-50.tiff
Guardado: /home/alonso/Desktop/2025-03-04_18-38-18_RGB/RGB_18-38-52.png y /home/alonso/Desktop/2025-03-04_18-38-18_TIFF/RAW_18-38-52.tiff
Guardado: /home/alonso/Desktop/2025-03-04_18-38-18_RGB/RGB_18-38-54.png y /home/alonso/Desktop/2025-03-04_18-38-18_TIFF/RAW_18-38-54.tiff
Guardado: /home/alonso/Desktop/2025-03-04_18-38-18_RGB/RGB_18-38-56.png y /home/alonso/Desktop/2025-03-04_18-38-18_TIFF/RAW_18-38-56.tiff
Guardado: /home/alonso/Desktop/2025-03-04_18-38-18_RGB/RGB_18-38-58.png y /home/alonso/Desktop/2025-03-04_18-38-18_TIFF/RAW_18-38-58.tiff
Guardado: /home/alonso/Desktop/2025-03-04_18-38-18_RGB/RGB_18-39-00.png y /home/alonso/Desktop/2025-03-04_18-38-18_TIFF/RAW_18-39-00.tiff
Guardado: /home/alonso/Desktop/2025-03-04_18-38-18_RGB/RGB_18-39-02.png y /home/alonso/Desktop/2025-03-04_18-38-18_TIFF/RAW_18-39-02.tiff
Guardado: /home/alonso/Desktop/2025-03-04_18-38-18_RGB/RGB_18-39-04.png y /home/alonso/Desktop/2025-03-04_18-38-18_TIFF/RAW_18-39-04.tiff
Guardado: /home/alonso/Desktop/2025-03-04_18-38-18_RGB/RGB_18-39-06.png y /home/alonso/Desktop/2025-03-04_18-38-18_TIFF/RAW_18-39-06.tiff
Guardado: /home/alonso/Desktop/2025-03-04_18-38-18_RGB/RGB_18-39-08.png y /home/alonso/Desktop/2025-03-04_18-38-18_TIFF/RAW_18-39-08.tiff
Guardado: /home/alonso/Desktop/2025-03-04_18-38-18_RGB/RGB_18-39-10.png y /home/alonso/Desktop/2025-03-04_18-38-18_TIFF/RAW_18-39-10.tiff
Guardado: /home/alonso/Desktop/2025-03-04_18-38-18_RGB/RGB_18-39-12.png y /home/alonso/Desktop/2025-03-04_18-38-18_TIFF/RAW_18-39-12.tiff
Guardado: /home/alonso/Desktop/2025-03-04_18-38-18_RGB/RGB_18-39-14.png y /home/alonso/Desktop/2025-03-04_18-38-18_TIFF/RAW_18-39-14.tiff
Guardado: /home/alonso/Desktop/2025-03-04_18-38-18_RGB/RGB_18-39-16.png y /home/alonso/Desktop/2025-03-04_18-38-18_TIFF/RAW_18-39-16.tiff
Guardado: /home/alonso/Desktop/2025-03-04_18-38-18_RGB/RGB_18-39-18.png y /home/alonso/Desktop/2025-03-04_18-38-18_TIFF/RAW_18-39-18.tiff
Guardado: /home/alonso/Desktop/2025-03-04_18-38-18_RGB/RGB_18-39-20.png y /home/alonso/Desktop/2025-03-04_18-38-18_TIFF/RAW_18-39-20.tiff
Guardado: /home/alonso/Desktop/2025-03-04_18-38-18_RGB/RGB_18-39-22.png y /home/alonso/Desktop/2025-03-04_18-38-18_TIFF/RAW_18-39-22.tiff
Guardado: /home/alonso/Desktop/2025-03-04_18-38-18_RGB/RGB_18-39-24.png y /home/alonso/Desktop/2025-03-04_18-38-18_TIFF/RAW_18-39-24.tiff
Guardado: /home/alonso/Desktop/2025-03-04_18-38-18_RGB/RGB_18-39-26.png y /home/alonso/Desktop/2025-03-04_18-38-18_TIFF/RAW_18-39-26.tiff
Guardado: /home/alonso/Desktop/2025-03-04_18-38-18_RGB/RGB_18-39-28.png y /home/alonso/Desktop/2025-03-04_18-38-18_TIFF/RAW_18-39-28.tiff
Guardado: /home/alonso/Desktop/2025-03-04_18-38-18_RGB/RGB_18-39-30.png y /home/alonso/Desktop/2025-03-04_18-38-18_TIFF/RAW_18-39-30.tiff
2025-03-04 18:39:35.218 Port 8501 is already in use
2025-03-04 18:39:35.501 Port 8501 is already in use
xiAPI: ---- xiOpenDevice API:V4.29.17.00 started ----
xiAPI: XIMEA Camera API V4.29.17.00
xiAPI: Adding camera context: dwID=26270971  ptr=B2157000 processID=000024A0
xiAPI: Create handles 1 Process 000024A0
xiAPI: FindModelnfoAltInDevAltXml searching... for model info from dev-alt.xml SN:
xiAPI: FindModelnfoAltInDevAltXml searching... for model info from dev-alt.xml SN:
xiAPI: xiOpenDevice - legacy SN used for identification 26270971
xiAPI: Enable sensor
xiAPI: OK retrains 0
xiAPI: xiReadFileFFS 'SensFPNCorrections' not found
xiAPI: ScmCorrectorA::LoadAndParseConfigurationFile Warning: file SensFPNCorrections not found
xiAPI: xiReadFileFFS 'SensFPNCorrections' not found
xiAPI: ScmCorrectorA::LoadAndParseConfigurationFile Warning: file SensFPNCorrections not found
xiAPI: Sensor SetExposure freq=48MHz exp=0us regexp=x1
xiAPI: Bad Pixel List file 'mmf1/bad_pixel_list.txt' not found
xiAPI: Sensor SetExposure freq=48MHz exp=0us regexp=x1
xiAPI: AutoSetBandwidth measurement
xiAPI: CalculateResources : Context B2157000 ID 26270971 m_maxBytes=1024 m_maxBufferSize=1048576
xiAPI: AutoSetBandwidth measured 3612Mbps. Safe margin 10% will be used.
xiAPI: Current bandwidth limit auto-set to 3250 Mbps (min:80Mbps,max:3612Mbps)
xiAPI: Sensor SetExposure freq=48MHz exp=16us regexp=x1
xiAPI: Sensor SetExposure freq=48MHz exp=16us regexp=x1
xiAPI: ---- Device opened. Model:MQ022HG-IM-SM4X4-VIS3 SN:26270971 FwF1: API:V4.29.17.00 ----
xiAPI: Sensor SetExposure freq=48MHz exp=30000us regexp=x2B96
xiAPI: Sensor SetExposure freq=48MHz exp=29998us regexp=x2B96
xiAPI: CalculateResources : Context B2157000 ID 26270971 m_maxBytes=1024 m_maxBufferSize=1048576
xiAPI: StartVideoStream
xiAPI: WorkerThread is up
Warning: Ignoring XDG_SESSION_TYPE=wayland on Gnome. Use QT_QPA_PLATFORM=wayland to run on Wayland anyway.
2025-03-04 18:39:43.001 Port 8501 is already in use
2025-03-04 18:39:43.346 Port 8501 is already in use
2025-03-04 18:39:51.116 Port 8501 is already in use
2025-03-04 18:39:51.632 Port 8501 is already in use
xiAPI: WorkerThread is down: ret 0
xiAPI: xiCloseDevice
xiAPI: DisableSensor
xiAPI: DisableDevice
xiAPI: deleting camera context: dwID=26270971, ptr=b2157000 processID=000024A0
Guardado: /home/alonso/Documents/GitHub/Spine--2025/2025-03-04_18-39-38_RGB/RGB_18-39-42.png y /home/alonso/Documents/GitHub/Spine--2025/2025-03-04_18-39-38_TIFF/RAW_18-39-42.tiff
Guardado: /home/alonso/Documents/GitHub/Spine--2025/2025-03-04_18-39-38_RGB/RGB_18-39-44.png y /home/alonso/Documents/GitHub/Spine--2025/2025-03-04_18-39-38_TIFF/RAW_18-39-44.tiff
Guardado: /home/alonso/Documents/GitHub/Spine--2025/2025-03-04_18-39-38_RGB/RGB_18-39-46.png y /home/alonso/Documents/GitHub/Spine--2025/2025-03-04_18-39-38_TIFF/RAW_18-39-46.tiff
Guardado: /home/alonso/Documents/GitHub/Spine--2025/2025-03-04_18-39-38_RGB/RGB_18-39-48.png y /home/alonso/Documents/GitHub/Spine--2025/2025-03-04_18-39-38_TIFF/RAW_18-39-48.tiff
Guardado: /home/alonso/Documents/GitHub/Spine--2025/2025-03-04_18-39-38_RGB/RGB_18-39-50.png y /home/alonso/Documents/GitHub/Spine--2025/2025-03-04_18-39-38_TIFF/RAW_18-39-50.tiff
2025-03-04 18:39:59.216 Port 8501 is already in use
2025-03-04 18:39:59.419 Port 8501 is already in use
2025-03-04 18:40:07.172 Port 8501 is already in use
2025-03-04 18:40:07.524 Port 8501 is already in use
2025-03-04 18:40:15.264 Port 8501 is already in use
2025-03-04 18:40:15.582 Port 8501 is already in use
xiAPI: ---- xiOpenDevice API:V4.29.17.00 started ----
xiAPI: XIMEA Camera API V4.29.17.00
xiAPI: Adding camera context: dwID=26270971  ptr=003E9000 processID=0000258B
xiAPI: Create handles 1 Process 0000258B
xiAPI: FindModelnfoAltInDevAltXml searching... for model info from dev-alt.xml SN:
xiAPI: FindModelnfoAltInDevAltXml searching... for model info from dev-alt.xml SN:
xiAPI: xiOpenDevice - legacy SN used for identification 26270971
xiAPI: Enable sensor
xiAPI: OK retrains 0
xiAPI: xiReadFileFFS 'SensFPNCorrections' not found
xiAPI: ScmCorrectorA::LoadAndParseConfigurationFile Warning: file SensFPNCorrections not found
xiAPI: xiReadFileFFS 'SensFPNCorrections' not found
xiAPI: ScmCorrectorA::LoadAndParseConfigurationFile Warning: file SensFPNCorrections not found
xiAPI: Sensor SetExposure freq=48MHz exp=0us regexp=x1
xiAPI: Bad Pixel List file 'mmf1/bad_pixel_list.txt' not found
xiAPI: Sensor SetExposure freq=48MHz exp=0us regexp=x1
xiAPI: AutoSetBandwidth measurement
xiAPI: CalculateResources : Context 003E9000 ID 26270971 m_maxBytes=1024 m_maxBufferSize=1048576
xiAPI: AutoSetBandwidth measured 3610Mbps. Safe margin 10% will be used.
xiAPI: Current bandwidth limit auto-set to 3249 Mbps (min:80Mbps,max:3610Mbps)
xiAPI: Sensor SetExposure freq=48MHz exp=16us regexp=x1
xiAPI: Sensor SetExposure freq=48MHz exp=16us regexp=x1
xiAPI: ---- Device opened. Model:MQ022HG-IM-SM4X4-VIS3 SN:26270971 FwF1: API:V4.29.17.00 ----
xiAPI: Sensor SetExposure freq=48MHz exp=30000us regexp=x2B96
xiAPI: Sensor SetExposure freq=48MHz exp=29998us regexp=x2B96
xiAPI: CalculateResources : Context 003E9000 ID 26270971 m_maxBytes=1024 m_maxBufferSize=1048576
xiAPI: StartVideoStream
xiAPI: WorkerThread is up
Warning: Ignoring XDG_SESSION_TYPE=wayland on Gnome. Use QT_QPA_PLATFORM=wayland to run on Wayland anyway.
2025-03-04 18:40:23.304 Port 8501 is already in use
2025-03-04 18:40:23.651 Port 8501 is already in use
2025-03-04 18:40:31.623 Port 8501 is already in use
2025-03-04 18:40:31.835 Port 8501 is already in use
2025-03-04 18:40:39.505 Port 8501 is already in use
2025-03-04 18:40:39.958 Port 8501 is already in use
xiAPI: WorkerThread is down: ret 0
xiAPI: xiCloseDevice
xiAPI: DisableSensor
xiAPI: DisableDevice
xiAPI: deleting camera context: dwID=26270971, ptr=003e9000 processID=0000258B
Guardado: /home/alonso/Desktop/2025-03-04_18-40-17_RGB/RGB_18-40-20.png y /home/alonso/Desktop/2025-03-04_18-40-17_TIFF/RAW_18-40-20.tiff
Guardado: /home/alonso/Desktop/2025-03-04_18-40-17_RGB/RGB_18-40-22.png y /home/alonso/Desktop/2025-03-04_18-40-17_TIFF/RAW_18-40-22.tiff
Guardado: /home/alonso/Desktop/2025-03-04_18-40-17_RGB/RGB_18-40-24.png y /home/alonso/Desktop/2025-03-04_18-40-17_TIFF/RAW_18-40-24.tiff
Guardado: /home/alonso/Desktop/2025-03-04_18-40-17_RGB/RGB_18-40-26.png y /home/alonso/Desktop/2025-03-04_18-40-17_TIFF/RAW_18-40-26.tiff
Guardado: /home/alonso/Desktop/2025-03-04_18-40-17_RGB/RGB_18-40-29.png y /home/alonso/Desktop/2025-03-04_18-40-17_TIFF/RAW_18-40-29.tiff
Guardado: /home/alonso/Desktop/2025-03-04_18-40-17_RGB/RGB_18-40-31.png y /home/alonso/Desktop/2025-03-04_18-40-17_TIFF/RAW_18-40-31.tiff
Guardado: /home/alonso/Desktop/2025-03-04_18-40-17_RGB/RGB_18-40-33.png y /home/alonso/Desktop/2025-03-04_18-40-17_TIFF/RAW_18-40-33.tiff
Guardado: /home/alonso/Desktop/2025-03-04_18-40-17_RGB/RGB_18-40-35.png y /home/alonso/Desktop/2025-03-04_18-40-17_TIFF/RAW_18-40-35.tiff
Guardado: /home/alonso/Desktop/2025-03-04_18-40-17_RGB/RGB_18-40-37.png y /home/alonso/Desktop/2025-03-04_18-40-17_TIFF/RAW_18-40-37.tiff
Guardado: /home/alonso/Desktop/2025-03-04_18-40-17_RGB/RGB_18-40-39.png y /home/alonso/Desktop/2025-03-04_18-40-17_TIFF/RAW_18-40-39.tiff
Guardado: /home/alonso/Desktop/2025-03-04_18-40-17_RGB/RGB_18-40-41.png y /home/alonso/Desktop/2025-03-04_18-40-17_TIFF/RAW_18-40-41.tiff
Guardado: /home/alonso/Desktop/2025-03-04_18-40-17_RGB/RGB_18-40-43.png y /home/alonso/Desktop/2025-03-04_18-40-17_TIFF/RAW_18-40-43.tiff
2025-03-04 18:40:47.522 Port 8501 is already in use
2025-03-04 18:40:47.924 Port 8501 is already in use
2025-03-04 18:40:55.557 Port 8501 is already in use
2025-03-04 18:40:55.909 Port 8501 is already in use
2025-03-04 18:41:03.624 Port 8501 is already in use
2025-03-04 18:41:03.983 Port 8501 is already in use
xiAPI: ---- xiOpenDevice API:V4.29.17.00 started ----
xiAPI: XIMEA Camera API V4.29.17.00
xiAPI: Adding camera context: dwID=26270971  ptr=5CB57000 processID=00002772
xiAPI: Create handles 1 Process 00002772
xiAPI: FindModelnfoAltInDevAltXml searching... for model info from dev-alt.xml SN:
xiAPI: FindModelnfoAltInDevAltXml searching... for model info from dev-alt.xml SN:
xiAPI: xiOpenDevice - legacy SN used for identification 26270971
xiAPI: Enable sensor
xiAPI: OK retrains 0
xiAPI: xiReadFileFFS 'SensFPNCorrections' not found
xiAPI: ScmCorrectorA::LoadAndParseConfigurationFile Warning: file SensFPNCorrections not found
xiAPI: xiReadFileFFS 'SensFPNCorrections' not found
xiAPI: ScmCorrectorA::LoadAndParseConfigurationFile Warning: file SensFPNCorrections not found
xiAPI: Sensor SetExposure freq=48MHz exp=0us regexp=x1
xiAPI: Bad Pixel List file 'mmf1/bad_pixel_list.txt' not found
xiAPI: Sensor SetExposure freq=48MHz exp=0us regexp=x1
xiAPI: AutoSetBandwidth measurement
xiAPI: CalculateResources : Context 5CB57000 ID 26270971 m_maxBytes=1024 m_maxBufferSize=1048576
xiAPI: AutoSetBandwidth measured 3613Mbps. Safe margin 10% will be used.
xiAPI: Current bandwidth limit auto-set to 3251 Mbps (min:80Mbps,max:3613Mbps)
xiAPI: Sensor SetExposure freq=48MHz exp=16us regexp=x1
xiAPI: Sensor SetExposure freq=48MHz exp=16us regexp=x1
xiAPI: ---- Device opened. Model:MQ022HG-IM-SM4X4-VIS3 SN:26270971 FwF1: API:V4.29.17.00 ----
xiAPI: Sensor SetExposure freq=48MHz exp=30000us regexp=x2B96
xiAPI: Sensor SetExposure freq=48MHz exp=29998us regexp=x2B96
xiAPI: CalculateResources : Context 5CB57000 ID 26270971 m_maxBytes=1024 m_maxBufferSize=1048576
xiAPI: StartVideoStream
xiAPI: WorkerThread is up
Warning: Ignoring XDG_SESSION_TYPE=wayland on Gnome. Use QT_QPA_PLATFORM=wayland to run on Wayland anyway.
2025-03-04 18:41:11.740 Port 8501 is already in use
2025-03-04 18:41:12.102 Port 8501 is already in use
xiAPI: WorkerThread is down: ret 0
xiAPI: xiCloseDevice
xiAPI: DisableSensor
xiAPI: DisableDevice
xiAPI: deleting camera context: dwID=26270971, ptr=5cb57000 processID=00002772
Guardado: /home/alonso/Desktop/2025-03-04_18-41-07_RGB/RGB_18-41-10.png y /home/alonso/Desktop/2025-03-04_18-41-07_TIFF/RAW_18-41-10.tiff
Guardado: /home/alonso/Desktop/2025-03-04_18-41-07_RGB/RGB_18-41-12.png y /home/alonso/Desktop/2025-03-04_18-41-07_TIFF/RAW_18-41-12.tiff
2025-03-04 18:41:19.768 Port 8501 is already in use
2025-03-04 18:41:20.098 Port 8501 is already in use
2025-03-04 18:41:27.855 Port 8501 is already in use
2025-03-04 18:41:28.175 Port 8501 is already in use
xiAPI: ---- xiOpenDevice API:V4.29.17.00 started ----
xiAPI: XIMEA Camera API V4.29.17.00
xiAPI: Adding camera context: dwID=26270971  ptr=411E9000 processID=00002847
xiAPI: Create handles 1 Process 00002847
xiAPI: FindModelnfoAltInDevAltXml searching... for model info from dev-alt.xml SN:
xiAPI: FindModelnfoAltInDevAltXml searching... for model info from dev-alt.xml SN:
xiAPI: xiOpenDevice - legacy SN used for identification 26270971
xiAPI: Enable sensor
xiAPI: OK retrains 0
xiAPI: xiReadFileFFS 'SensFPNCorrections' not found
xiAPI: ScmCorrectorA::LoadAndParseConfigurationFile Warning: file SensFPNCorrections not found
xiAPI: xiReadFileFFS 'SensFPNCorrections' not found
xiAPI: ScmCorrectorA::LoadAndParseConfigurationFile Warning: file SensFPNCorrections not found
xiAPI: Sensor SetExposure freq=48MHz exp=0us regexp=x1
xiAPI: Bad Pixel List file 'mmf1/bad_pixel_list.txt' not found
xiAPI: Sensor SetExposure freq=48MHz exp=0us regexp=x1
xiAPI: AutoSetBandwidth measurement
xiAPI: CalculateResources : Context 411E9000 ID 26270971 m_maxBytes=1024 m_maxBufferSize=1048576
xiAPI: AutoSetBandwidth measured 3611Mbps. Safe margin 10% will be used.
xiAPI: Current bandwidth limit auto-set to 3249 Mbps (min:80Mbps,max:3611Mbps)
xiAPI: Sensor SetExposure freq=48MHz exp=16us regexp=x1
xiAPI: Sensor SetExposure freq=48MHz exp=16us regexp=x1
xiAPI: ---- Device opened. Model:MQ022HG-IM-SM4X4-VIS3 SN:26270971 FwF1: API:V4.29.17.00 ----
xiAPI: Sensor SetExposure freq=48MHz exp=30000us regexp=x2B96
xiAPI: Sensor SetExposure freq=48MHz exp=29998us regexp=x2B96
xiAPI: CalculateResources : Context 411E9000 ID 26270971 m_maxBytes=1024 m_maxBufferSize=1048576
xiAPI: StartVideoStream
xiAPI: WorkerThread is up
Warning: Ignoring XDG_SESSION_TYPE=wayland on Gnome. Use QT_QPA_PLATFORM=wayland to run on Wayland anyway.
2025-03-04 18:41:36.038 Port 8501 is already in use
2025-03-04 18:41:36.372 Port 8501 is already in use
2025-03-04 18:41:44.092 Port 8501 is already in use
2025-03-04 18:41:44.456 Port 8501 is already in use
2025-03-04 18:41:52.130 Port 8501 is already in use
2025-03-04 18:41:52.674 Port 8501 is already in use
2025-03-04 18:42:00.466 Port 8501 is already in use
2025-03-04 18:42:00.899 Port 8501 is already in use
2025-03-04 18:42:08.203 Port 8501 is already in use
2025-03-04 18:42:08.683 Port 8501 is already in use
2025-03-04 18:42:16.229 Port 8501 is already in use
2025-03-04 18:42:16.728 Port 8501 is already in use
2025-03-04 18:42:24.263 Port 8501 is already in use
2025-03-04 18:42:24.845 Port 8501 is already in use
2025-03-04 18:42:32.407 Port 8501 is already in use
2025-03-04 18:42:32.887 Port 8501 is already in use
2025-03-04 18:42:40.685 Port 8501 is already in use
2025-03-04 18:42:40.968 Port 8501 is already in use
2025-03-04 18:42:48.860 Port 8501 is already in use
2025-03-04 18:42:49.106 Port 8501 is already in use
2025-03-04 18:42:56.938 Port 8501 is already in use
2025-03-04 18:42:57.184 Port 8501 is already in use
xiAPI: WorkerThread is down: ret 0
xiAPI: xiCloseDevice
xiAPI: DisableSensor
xiAPI: DisableDevice
xiAPI: deleting camera context: dwID=26270971, ptr=411e9000 processID=00002847
Guardado: /home/alonso/Desktop/2025-03-04_18-41-28_RGB/RGB_18-41-32.png y /home/alonso/Desktop/2025-03-04_18-41-28_TIFF/RAW_18-41-32.tiff
Guardado: /home/alonso/Desktop/2025-03-04_18-41-28_RGB/RGB_18-41-34.png y /home/alonso/Desktop/2025-03-04_18-41-28_TIFF/RAW_18-41-34.tiff
Guardado: /home/alonso/Desktop/2025-03-04_18-41-28_RGB/RGB_18-41-36.png y /home/alonso/Desktop/2025-03-04_18-41-28_TIFF/RAW_18-41-36.tiff
Guardado: /home/alonso/Desktop/2025-03-04_18-41-28_RGB/RGB_18-41-38.png y /home/alonso/Desktop/2025-03-04_18-41-28_TIFF/RAW_18-41-38.tiff
Guardado: /home/alonso/Desktop/2025-03-04_18-41-28_RGB/RGB_18-41-40.png y /home/alonso/Desktop/2025-03-04_18-41-28_TIFF/RAW_18-41-40.tiff
Guardado: /home/alonso/Desktop/2025-03-04_18-41-28_RGB/RGB_18-41-42.png y /home/alonso/Desktop/2025-03-04_18-41-28_TIFF/RAW_18-41-42.tiff
Guardado: /home/alonso/Desktop/2025-03-04_18-41-28_RGB/RGB_18-41-44.png y /home/alonso/Desktop/2025-03-04_18-41-28_TIFF/RAW_18-41-44.tiff
Guardado: /home/alonso/Desktop/2025-03-04_18-41-28_RGB/RGB_18-41-46.png y /home/alonso/Desktop/2025-03-04_18-41-28_TIFF/RAW_18-41-46.tiff
Guardado: /home/alonso/Desktop/2025-03-04_18-41-28_RGB/RGB_18-41-48.png y /home/alonso/Desktop/2025-03-04_18-41-28_TIFF/RAW_18-41-48.tiff
Guardado: /home/alonso/Desktop/2025-03-04_18-41-28_RGB/RGB_18-41-50.png y /home/alonso/Desktop/2025-03-04_18-41-28_TIFF/RAW_18-41-50.tiff
Guardado: /home/alonso/Desktop/2025-03-04_18-41-28_RGB/RGB_18-41-52.png y /home/alonso/Desktop/2025-03-04_18-41-28_TIFF/RAW_18-41-52.tiff
Guardado: /home/alonso/Desktop/2025-03-04_18-41-28_RGB/RGB_18-41-54.png y /home/alonso/Desktop/2025-03-04_18-41-28_TIFF/RAW_18-41-54.tiff
Guardado: /home/alonso/Desktop/2025-03-04_18-41-28_RGB/RGB_18-41-56.png y /home/alonso/Desktop/2025-03-04_18-41-28_TIFF/RAW_18-41-56.tiff
Guardado: /home/alonso/Desktop/2025-03-04_18-41-28_RGB/RGB_18-41-58.png y /home/alonso/Desktop/2025-03-04_18-41-28_TIFF/RAW_18-41-58.tiff
Guardado: /home/alonso/Desktop/2025-03-04_18-41-28_RGB/RGB_18-42-00.png y /home/alonso/Desktop/2025-03-04_18-41-28_TIFF/RAW_18-42-00.tiff
Guardado: /home/alonso/Desktop/2025-03-04_18-41-28_RGB/RGB_18-42-02.png y /home/alonso/Desktop/2025-03-04_18-41-28_TIFF/RAW_18-42-02.tiff
Guardado: /home/alonso/Desktop/2025-03-04_18-41-28_RGB/RGB_18-42-04.png y /home/alonso/Desktop/2025-03-04_18-41-28_TIFF/RAW_18-42-04.tiff
Guardado: /home/alonso/Desktop/2025-03-04_18-41-28_RGB/RGB_18-42-06.png y /home/alonso/Desktop/2025-03-04_18-41-28_TIFF/RAW_18-42-06.tiff
Guardado: /home/alonso/Desktop/2025-03-04_18-41-28_RGB/RGB_18-42-08.png y /home/alonso/Desktop/2025-03-04_18-41-28_TIFF/RAW_18-42-08.tiff
Guardado: /home/alonso/Desktop/2025-03-04_18-41-28_RGB/RGB_18-42-10.png y /home/alonso/Desktop/2025-03-04_18-41-28_TIFF/RAW_18-42-10.tiff
Guardado: /home/alonso/Desktop/2025-03-04_18-41-28_RGB/RGB_18-42-12.png y /home/alonso/Desktop/2025-03-04_18-41-28_TIFF/RAW_18-42-12.tiff
Guardado: /home/alonso/Desktop/2025-03-04_18-41-28_RGB/RGB_18-42-14.png y /home/alonso/Desktop/2025-03-04_18-41-28_TIFF/RAW_18-42-14.tiff
Guardado: /home/alonso/Desktop/2025-03-04_18-41-28_RGB/RGB_18-42-16.png y /home/alonso/Desktop/2025-03-04_18-41-28_TIFF/RAW_18-42-16.tiff
Guardado: /home/alonso/Desktop/2025-03-04_18-41-28_RGB/RGB_18-42-18.png y /home/alonso/Desktop/2025-03-04_18-41-28_TIFF/RAW_18-42-18.tiff
Guardado: /home/alonso/Desktop/2025-03-04_18-41-28_RGB/RGB_18-42-20.png y /home/alonso/Desktop/2025-03-04_18-41-28_TIFF/RAW_18-42-20.tiff
Guardado: /home/alonso/Desktop/2025-03-04_18-41-28_RGB/RGB_18-42-22.png y /home/alonso/Desktop/2025-03-04_18-41-28_TIFF/RAW_18-42-22.tiff
Guardado: /home/alonso/Desktop/2025-03-04_18-41-28_RGB/RGB_18-42-24.png y /home/alonso/Desktop/2025-03-04_18-41-28_TIFF/RAW_18-42-24.tiff
Guardado: /home/alonso/Desktop/2025-03-04_18-41-28_RGB/RGB_18-42-26.png y /home/alonso/Desktop/2025-03-04_18-41-28_TIFF/RAW_18-42-26.tiff
Guardado: /home/alonso/Desktop/2025-03-04_18-41-28_RGB/RGB_18-42-28.png y /home/alonso/Desktop/2025-03-04_18-41-28_TIFF/RAW_18-42-28.tiff
Guardado: /home/alonso/Desktop/2025-03-04_18-41-28_RGB/RGB_18-42-30.png y /home/alonso/Desktop/2025-03-04_18-41-28_TIFF/RAW_18-42-30.tiff
Guardado: /home/alonso/Desktop/2025-03-04_18-41-28_RGB/RGB_18-42-32.png y /home/alonso/Desktop/2025-03-04_18-41-28_TIFF/RAW_18-42-32.tiff
Guardado: /home/alonso/Desktop/2025-03-04_18-41-28_RGB/RGB_18-42-34.png y /home/alonso/Desktop/2025-03-04_18-41-28_TIFF/RAW_18-42-34.tiff
Guardado: /home/alonso/Desktop/2025-03-04_18-41-28_RGB/RGB_18-42-36.png y /home/alonso/Desktop/2025-03-04_18-41-28_TIFF/RAW_18-42-36.tiff
Guardado: /home/alonso/Desktop/2025-03-04_18-41-28_RGB/RGB_18-42-38.png y /home/alonso/Desktop/2025-03-04_18-41-28_TIFF/RAW_18-42-38.tiff
Guardado: /home/alonso/Desktop/2025-03-04_18-41-28_RGB/RGB_18-42-40.png y /home/alonso/Desktop/2025-03-04_18-41-28_TIFF/RAW_18-42-40.tiff
Guardado: /home/alonso/Desktop/2025-03-04_18-41-28_RGB/RGB_18-42-42.png y /home/alonso/Desktop/2025-03-04_18-41-28_TIFF/RAW_18-42-42.tiff
Guardado: /home/alonso/Desktop/2025-03-04_18-41-28_RGB/RGB_18-42-44.png y /home/alonso/Desktop/2025-03-04_18-41-28_TIFF/RAW_18-42-44.tiff
Guardado: /home/alonso/Desktop/2025-03-04_18-41-28_RGB/RGB_18-42-46.png y /home/alonso/Desktop/2025-03-04_18-41-28_TIFF/RAW_18-42-46.tiff
Guardado: /home/alonso/Desktop/2025-03-04_18-41-28_RGB/RGB_18-42-48.png y /home/alonso/Desktop/2025-03-04_18-41-28_TIFF/RAW_18-42-48.tiff
Guardado: /home/alonso/Desktop/2025-03-04_18-41-28_RGB/RGB_18-42-50.png y /home/alonso/Desktop/2025-03-04_18-41-28_TIFF/RAW_18-42-50.tiff
Guardado: /home/alonso/Desktop/2025-03-04_18-41-28_RGB/RGB_18-42-52.png y /home/alonso/Desktop/2025-03-04_18-41-28_TIFF/RAW_18-42-52.tiff
Guardado: /home/alonso/Desktop/2025-03-04_18-41-28_RGB/RGB_18-42-54.png y /home/alonso/Desktop/2025-03-04_18-41-28_TIFF/RAW_18-42-54.tiff
Guardado: /home/alonso/Desktop/2025-03-04_18-41-28_RGB/RGB_18-42-56.png y /home/alonso/Desktop/2025-03-04_18-41-28_TIFF/RAW_18-42-56.tiff
2025-03-04 18:43:04.681 Port 8501 is already in use
2025-03-04 18:43:05.054 Port 8501 is already in use
xiAPI: ---- xiOpenDevice API:V4.29.17.00 started ----
xiAPI: XIMEA Camera API V4.29.17.00
xiAPI: Adding camera context: dwID=26270971  ptr=86957000 processID=00002C85
xiAPI: Create handles 1 Process 00002C85
xiAPI: FindModelnfoAltInDevAltXml searching... for model info from dev-alt.xml SN:
xiAPI: FindModelnfoAltInDevAltXml searching... for model info from dev-alt.xml SN:
xiAPI: xiOpenDevice - legacy SN used for identification 26270971
xiAPI: Enable sensor
xiAPI: OK retrains 0
xiAPI: xiReadFileFFS 'SensFPNCorrections' not found
xiAPI: ScmCorrectorA::LoadAndParseConfigurationFile Warning: file SensFPNCorrections not found
xiAPI: xiReadFileFFS 'SensFPNCorrections' not found
xiAPI: ScmCorrectorA::LoadAndParseConfigurationFile Warning: file SensFPNCorrections not found
xiAPI: Sensor SetExposure freq=48MHz exp=0us regexp=x1
xiAPI: Bad Pixel List file 'mmf1/bad_pixel_list.txt' not found
xiAPI: Sensor SetExposure freq=48MHz exp=0us regexp=x1
xiAPI: AutoSetBandwidth measurement
xiAPI: CalculateResources : Context 86957000 ID 26270971 m_maxBytes=1024 m_maxBufferSize=1048576
xiAPI: AutoSetBandwidth measured 3609Mbps. Safe margin 10% will be used.
xiAPI: Current bandwidth limit auto-set to 3248 Mbps (min:80Mbps,max:3609Mbps)
xiAPI: Sensor SetExposure freq=48MHz exp=16us regexp=x1
xiAPI: Sensor SetExposure freq=48MHz exp=16us regexp=x1
xiAPI: ---- Device opened. Model:MQ022HG-IM-SM4X4-VIS3 SN:26270971 FwF1: API:V4.29.17.00 ----
xiAPI: Sensor SetExposure freq=48MHz exp=30000us regexp=x2B96
xiAPI: Sensor SetExposure freq=48MHz exp=29998us regexp=x2B96
xiAPI: CalculateResources : Context 86957000 ID 26270971 m_maxBytes=1024 m_maxBufferSize=1048576
xiAPI: StartVideoStream
xiAPI: WorkerThread is up
Warning: Ignoring XDG_SESSION_TYPE=wayland on Gnome. Use QT_QPA_PLATFORM=wayland to run on Wayland anyway.
2025-03-04 18:43:12.800 Port 8501 is already in use
2025-03-04 18:43:13.321 Port 8501 is already in use
xiAPI: WorkerThread is down: ret 0
xiAPI: xiCloseDevice
xiAPI: DisableSensor
xiAPI: DisableDevice
xiAPI: deleting camera context: dwID=26270971, ptr=86957000 processID=00002C85
Guardado: /home/alonso/Desktop/2025-03-04_18-43-06_RGB/RGB_18-43-09.png y /home/alonso/Desktop/2025-03-04_18-43-06_TIFF/RAW_18-43-09.tiff
Guardado: /home/alonso/Desktop/2025-03-04_18-43-06_RGB/RGB_18-43-11.png y /home/alonso/Desktop/2025-03-04_18-43-06_TIFF/RAW_18-43-11.tiff
Guardado: /home/alonso/Desktop/2025-03-04_18-43-06_RGB/RGB_18-43-13.png y /home/alonso/Desktop/2025-03-04_18-43-06_TIFF/RAW_18-43-13.tiff
Guardado: /home/alonso/Desktop/2025-03-04_18-43-06_RGB/RGB_18-43-15.png y /home/alonso/Desktop/2025-03-04_18-43-06_TIFF/RAW_18-43-15.tiff
2025-03-04 18:43:20.821 Port 8501 is already in use
2025-03-04 18:43:21.223 Port 8501 is already in use
2025-03-04 18:43:28.874 Port 8501 is already in use
2025-03-04 18:43:29.283 Port 8501 is already in use
2025-03-04 18:43:36.941 Port 8501 is already in use
2025-03-04 18:43:37.356 Port 8501 is already in use
2025-03-04 18:43:44.986 Port 8501 is already in use
2025-03-04 18:43:45.416 Port 8501 is already in use
2025-03-04 18:43:53.081 Port 8501 is already in use
2025-03-04 18:43:53.447 Port 8501 is already in use
xiAPI: ---- xiOpenDevice API:V4.29.17.00 started ----
xiAPI: XIMEA Camera API V4.29.17.00
xiAPI: Adding camera context: dwID=26270971  ptr=84757000 processID=00002E38
xiAPI: Create handles 1 Process 00002E38
xiAPI: FindModelnfoAltInDevAltXml searching... for model info from dev-alt.xml SN:
xiAPI: FindModelnfoAltInDevAltXml searching... for model info from dev-alt.xml SN:
xiAPI: xiOpenDevice - legacy SN used for identification 26270971
xiAPI: Enable sensor
xiAPI: OK retrains 0
xiAPI: xiReadFileFFS 'SensFPNCorrections' not found
xiAPI: ScmCorrectorA::LoadAndParseConfigurationFile Warning: file SensFPNCorrections not found
xiAPI: xiReadFileFFS 'SensFPNCorrections' not found
xiAPI: ScmCorrectorA::LoadAndParseConfigurationFile Warning: file SensFPNCorrections not found
xiAPI: Sensor SetExposure freq=48MHz exp=0us regexp=x1
xiAPI: Bad Pixel List file 'mmf1/bad_pixel_list.txt' not found
xiAPI: Sensor SetExposure freq=48MHz exp=0us regexp=x1
xiAPI: AutoSetBandwidth measurement
xiAPI: CalculateResources : Context 84757000 ID 26270971 m_maxBytes=1024 m_maxBufferSize=1048576
xiAPI: AutoSetBandwidth measured 3609Mbps. Safe margin 10% will be used.
xiAPI: Current bandwidth limit auto-set to 3248 Mbps (min:80Mbps,max:3609Mbps)
xiAPI: Sensor SetExposure freq=48MHz exp=16us regexp=x1
xiAPI: Sensor SetExposure freq=48MHz exp=16us regexp=x1
xiAPI: ---- Device opened. Model:MQ022HG-IM-SM4X4-VIS3 SN:26270971 FwF1: API:V4.29.17.00 ----
xiAPI: Sensor SetExposure freq=48MHz exp=30000us regexp=x2B96
xiAPI: Sensor SetExposure freq=48MHz exp=29998us regexp=x2B96
xiAPI: CalculateResources : Context 84757000 ID 26270971 m_maxBytes=1024 m_maxBufferSize=1048576
xiAPI: StartVideoStream
xiAPI: WorkerThread is up
Warning: Ignoring XDG_SESSION_TYPE=wayland on Gnome. Use QT_QPA_PLATFORM=wayland to run on Wayland anyway.
2025-03-04 18:44:01.408 Port 8501 is already in use
2025-03-04 18:44:01.662 Port 8501 is already in use
2025-03-04 18:44:09.226 Port 8501 is already in use
2025-03-04 18:44:09.735 Port 8501 is already in use
xiAPI: WorkerThread is down: ret 0
xiAPI: xiCloseDevice
xiAPI: DisableSensor
xiAPI: DisableDevice
xiAPI: deleting camera context: dwID=26270971, ptr=84757000 processID=00002E38
Guardado: /home/alonso/Desktop/2025-03-04_18-43-55_RGB/RGB_18-43-59.png y /home/alonso/Desktop/2025-03-04_18-43-55_TIFF/RAW_18-43-59.tiff
Guardado: /home/alonso/Desktop/2025-03-04_18-43-55_RGB/RGB_18-44-01.png y /home/alonso/Desktop/2025-03-04_18-43-55_TIFF/RAW_18-44-01.tiff
Guardado: /home/alonso/Desktop/2025-03-04_18-43-55_RGB/RGB_18-44-03.png y /home/alonso/Desktop/2025-03-04_18-43-55_TIFF/RAW_18-44-03.tiff
Guardado: /home/alonso/Desktop/2025-03-04_18-43-55_RGB/RGB_18-44-05.png y /home/alonso/Desktop/2025-03-04_18-43-55_TIFF/RAW_18-44-05.tiff
Guardado: /home/alonso/Desktop/2025-03-04_18-43-55_RGB/RGB_18-44-07.png y /home/alonso/Desktop/2025-03-04_18-43-55_TIFF/RAW_18-44-07.tiff
Guardado: /home/alonso/Desktop/2025-03-04_18-43-55_RGB/RGB_18-44-09.png y /home/alonso/Desktop/2025-03-04_18-43-55_TIFF/RAW_18-44-09.tiff
Guardado: /home/alonso/Desktop/2025-03-04_18-43-55_RGB/RGB_18-44-11.png y /home/alonso/Desktop/2025-03-04_18-43-55_TIFF/RAW_18-44-11.tiff
Guardado: /home/alonso/Desktop/2025-03-04_18-43-55_RGB/RGB_18-44-13.png y /home/alonso/Desktop/2025-03-04_18-43-55_TIFF/RAW_18-44-13.tiff
2025-03-04 18:44:17.240 Port 8501 is already in use
2025-03-04 18:44:17.642 Port 8501 is already in use
2025-03-04 18:44:25.388 Port 8501 is already in use
2025-03-04 18:44:25.792 Port 8501 is already in use
xiAPI: ---- xiOpenDevice API:V4.29.17.00 started ----
xiAPI: XIMEA Camera API V4.29.17.00
xiAPI: Adding camera context: dwID=26270971  ptr=BE5E9000 processID=00002FFD
xiAPI: Create handles 1 Process 00002FFD
xiAPI: FindModelnfoAltInDevAltXml searching... for model info from dev-alt.xml SN:
xiAPI: FindModelnfoAltInDevAltXml searching... for model info from dev-alt.xml SN:
xiAPI: xiOpenDevice - legacy SN used for identification 26270971
xiAPI: Enable sensor
xiAPI: OK retrains 0
xiAPI: xiReadFileFFS 'SensFPNCorrections' not found
xiAPI: ScmCorrectorA::LoadAndParseConfigurationFile Warning: file SensFPNCorrections not found
xiAPI: xiReadFileFFS 'SensFPNCorrections' not found
xiAPI: ScmCorrectorA::LoadAndParseConfigurationFile Warning: file SensFPNCorrections not found
xiAPI: Sensor SetExposure freq=48MHz exp=0us regexp=x1
xiAPI: Bad Pixel List file 'mmf1/bad_pixel_list.txt' not found
xiAPI: Sensor SetExposure freq=48MHz exp=0us regexp=x1
xiAPI: AutoSetBandwidth measurement
xiAPI: CalculateResources : Context BE5E9000 ID 26270971 m_maxBytes=1024 m_maxBufferSize=1048576
2025-03-04 18:44:33.402 Port 8501 is already in use
xiAPI: AutoSetBandwidth measured 3614Mbps. Safe margin 10% will be used.
xiAPI: Current bandwidth limit auto-set to 3252 Mbps (min:80Mbps,max:3614Mbps)
xiAPI: Sensor SetExposure freq=48MHz exp=16us regexp=x1
xiAPI: Sensor SetExposure freq=48MHz exp=16us regexp=x1
xiAPI: ---- Device opened. Model:MQ022HG-IM-SM4X4-VIS3 SN:26270971 FwF1: API:V4.29.17.00 ----
xiAPI: Sensor SetExposure freq=48MHz exp=30000us regexp=x2B96
xiAPI: Sensor SetExposure freq=48MHz exp=29998us regexp=x2B96
xiAPI: CalculateResources : Context BE5E9000 ID 26270971 m_maxBytes=1024 m_maxBufferSize=1048576
xiAPI: StartVideoStream
xiAPI: WorkerThread is up
Warning: Ignoring XDG_SESSION_TYPE=wayland on Gnome. Use QT_QPA_PLATFORM=wayland to run on Wayland anyway.
2025-03-04 18:44:33.816 Port 8501 is already in use
2025-03-04 18:44:41.557 Port 8501 is already in use
2025-03-04 18:44:41.867 Port 8501 is already in use
2025-03-04 18:44:49.662 Port 8501 is already in use
2025-03-04 18:44:50.054 Port 8501 is already in use
2025-03-04 18:44:57.704 Port 8501 is already in use
2025-03-04 18:44:58.162 Port 8501 is already in use
2025-03-04 18:45:05.815 Port 8501 is already in use
2025-03-04 18:45:06.095 Port 8501 is already in use
2025-03-04 18:45:13.841 Port 8501 is already in use
2025-03-04 18:45:14.156 Port 8501 is already in use
2025-03-04 18:45:21.922 Port 8501 is already in use
2025-03-04 18:45:22.298 Port 8501 is already in use
2025-03-04 18:45:30.151 Port 8501 is already in use
2025-03-04 18:45:30.420 Port 8501 is already in use
xiAPI: WorkerThread is down: ret 0
xiAPI: xiCloseDevice
xiAPI: DisableSensor
xiAPI: DisableDevice
xiAPI: deleting camera context: dwID=26270971, ptr=be5e9000 processID=00002FFD
Guardado: /home/alonso/Desktop/2025-03-04_18-44-31_RGB/RGB_18-44-35.png y /home/alonso/Desktop/2025-03-04_18-44-31_TIFF/RAW_18-44-35.tiff
Guardado: /home/alonso/Desktop/2025-03-04_18-44-31_RGB/RGB_18-44-37.png y /home/alonso/Desktop/2025-03-04_18-44-31_TIFF/RAW_18-44-37.tiff
Guardado: /home/alonso/Desktop/2025-03-04_18-44-31_RGB/RGB_18-44-39.png y /home/alonso/Desktop/2025-03-04_18-44-31_TIFF/RAW_18-44-39.tiff
Guardado: /home/alonso/Desktop/2025-03-04_18-44-31_RGB/RGB_18-44-41.png y /home/alonso/Desktop/2025-03-04_18-44-31_TIFF/RAW_18-44-41.tiff
Guardado: /home/alonso/Desktop/2025-03-04_18-44-31_RGB/RGB_18-44-43.png y /home/alonso/Desktop/2025-03-04_18-44-31_TIFF/RAW_18-44-43.tiff
Guardado: /home/alonso/Desktop/2025-03-04_18-44-31_RGB/RGB_18-44-45.png y /home/alonso/Desktop/2025-03-04_18-44-31_TIFF/RAW_18-44-45.tiff
Guardado: /home/alonso/Desktop/2025-03-04_18-44-31_RGB/RGB_18-44-47.png y /home/alonso/Desktop/2025-03-04_18-44-31_TIFF/RAW_18-44-47.tiff
Guardado: /home/alonso/Desktop/2025-03-04_18-44-31_RGB/RGB_18-44-49.png y /home/alonso/Desktop/2025-03-04_18-44-31_TIFF/RAW_18-44-49.tiff
Guardado: /home/alonso/Desktop/2025-03-04_18-44-31_RGB/RGB_18-44-51.png y /home/alonso/Desktop/2025-03-04_18-44-31_TIFF/RAW_18-44-51.tiff
Guardado: /home/alonso/Desktop/2025-03-04_18-44-31_RGB/RGB_18-44-53.png y /home/alonso/Desktop/2025-03-04_18-44-31_TIFF/RAW_18-44-53.tiff
Guardado: /home/alonso/Desktop/2025-03-04_18-44-31_RGB/RGB_18-44-55.png y /home/alonso/Desktop/2025-03-04_18-44-31_TIFF/RAW_18-44-55.tiff
Guardado: /home/alonso/Desktop/2025-03-04_18-44-31_RGB/RGB_18-44-57.png y /home/alonso/Desktop/2025-03-04_18-44-31_TIFF/RAW_18-44-57.tiff
Guardado: /home/alonso/Desktop/2025-03-04_18-44-31_RGB/RGB_18-44-59.png y /home/alonso/Desktop/2025-03-04_18-44-31_TIFF/RAW_18-44-59.tiff
Guardado: /home/alonso/Desktop/2025-03-04_18-44-31_RGB/RGB_18-45-01.png y /home/alonso/Desktop/2025-03-04_18-44-31_TIFF/RAW_18-45-01.tiff
Guardado: /home/alonso/Desktop/2025-03-04_18-44-31_RGB/RGB_18-45-03.png y /home/alonso/Desktop/2025-03-04_18-44-31_TIFF/RAW_18-45-03.tiff
Guardado: /home/alonso/Desktop/2025-03-04_18-44-31_RGB/RGB_18-45-05.png y /home/alonso/Desktop/2025-03-04_18-44-31_TIFF/RAW_18-45-05.tiff
Guardado: /home/alonso/Desktop/2025-03-04_18-44-31_RGB/RGB_18-45-07.png y /home/alonso/Desktop/2025-03-04_18-44-31_TIFF/RAW_18-45-07.tiff
Guardado: /home/alonso/Desktop/2025-03-04_18-44-31_RGB/RGB_18-45-09.png y /home/alonso/Desktop/2025-03-04_18-44-31_TIFF/RAW_18-45-09.tiff
Guardado: /home/alonso/Desktop/2025-03-04_18-44-31_RGB/RGB_18-45-11.png y /home/alonso/Desktop/2025-03-04_18-44-31_TIFF/RAW_18-45-11.tiff
Guardado: /home/alonso/Desktop/2025-03-04_18-44-31_RGB/RGB_18-45-13.png y /home/alonso/Desktop/2025-03-04_18-44-31_TIFF/RAW_18-45-13.tiff
Guardado: /home/alonso/Desktop/2025-03-04_18-44-31_RGB/RGB_18-45-15.png y /home/alonso/Desktop/2025-03-04_18-44-31_TIFF/RAW_18-45-15.tiff
Guardado: /home/alonso/Desktop/2025-03-04_18-44-31_RGB/RGB_18-45-17.png y /home/alonso/Desktop/2025-03-04_18-44-31_TIFF/RAW_18-45-17.tiff
Guardado: /home/alonso/Desktop/2025-03-04_18-44-31_RGB/RGB_18-45-19.png y /home/alonso/Desktop/2025-03-04_18-44-31_TIFF/RAW_18-45-19.tiff
Guardado: /home/alonso/Desktop/2025-03-04_18-44-31_RGB/RGB_18-45-21.png y /home/alonso/Desktop/2025-03-04_18-44-31_TIFF/RAW_18-45-21.tiff
Guardado: /home/alonso/Desktop/2025-03-04_18-44-31_RGB/RGB_18-45-24.png y /home/alonso/Desktop/2025-03-04_18-44-31_TIFF/RAW_18-45-24.tiff
Guardado: /home/alonso/Desktop/2025-03-04_18-44-31_RGB/RGB_18-45-26.png y /home/alonso/Desktop/2025-03-04_18-44-31_TIFF/RAW_18-45-26.tiff
Guardado: /home/alonso/Desktop/2025-03-04_18-44-31_RGB/RGB_18-45-28.png y /home/alonso/Desktop/2025-03-04_18-44-31_TIFF/RAW_18-45-28.tiff
Guardado: /home/alonso/Desktop/2025-03-04_18-44-31_RGB/RGB_18-45-30.png y /home/alonso/Desktop/2025-03-04_18-44-31_TIFF/RAW_18-45-30.tiff
2025-03-04 18:45:38.051 Port 8501 is already in use
2025-03-04 18:45:38.417 Port 8501 is already in use
2025-03-04 18:45:46.119 Port 8501 is already in use
2025-03-04 18:45:46.492 Port 8501 is already in use
xiAPI: ---- xiOpenDevice API:V4.29.17.00 started ----
xiAPI: XIMEA Camera API V4.29.17.00
xiAPI: Adding camera context: dwID=26270971  ptr=6142E000 processID=00003343
xiAPI: Create handles 1 Process 00003343
xiAPI: FindModelnfoAltInDevAltXml searching... for model info from dev-alt.xml SN:
xiAPI: FindModelnfoAltInDevAltXml searching... for model info from dev-alt.xml SN:
xiAPI: xiOpenDevice - legacy SN used for identification 26270971
xiAPI: Enable sensor
xiAPI: OK retrains 0
xiAPI: xiReadFileFFS 'SensFPNCorrections' not found
xiAPI: ScmCorrectorA::LoadAndParseConfigurationFile Warning: file SensFPNCorrections not found
xiAPI: xiReadFileFFS 'SensFPNCorrections' not found
xiAPI: ScmCorrectorA::LoadAndParseConfigurationFile Warning: file SensFPNCorrections not found
xiAPI: Sensor SetExposure freq=48MHz exp=0us regexp=x1
xiAPI: Bad Pixel List file 'mmf1/bad_pixel_list.txt' not found
xiAPI: Sensor SetExposure freq=48MHz exp=0us regexp=x1
xiAPI: AutoSetBandwidth measurement
xiAPI: CalculateResources : Context 6142E000 ID 26270971 m_maxBytes=1024 m_maxBufferSize=1048576
xiAPI: AutoSetBandwidth measured 3611Mbps. Safe margin 10% will be used.
xiAPI: Current bandwidth limit auto-set to 3249 Mbps (min:80Mbps,max:3611Mbps)
xiAPI: Sensor SetExposure freq=48MHz exp=16us regexp=x1
xiAPI: Sensor SetExposure freq=48MHz exp=16us regexp=x1
xiAPI: ---- Device opened. Model:MQ022HG-IM-SM4X4-VIS3 SN:26270971 FwF1: API:V4.29.17.00 ----
xiAPI: Sensor SetExposure freq=48MHz exp=30000us regexp=x2B96
xiAPI: Sensor SetExposure freq=48MHz exp=29998us regexp=x2B96
xiAPI: CalculateResources : Context 6142E000 ID 26270971 m_maxBytes=1024 m_maxBufferSize=1048576
xiAPI: StartVideoStream
xiAPI: WorkerThread is up
Warning: Ignoring XDG_SESSION_TYPE=wayland on Gnome. Use QT_QPA_PLATFORM=wayland to run on Wayland anyway.
Traceback (most recent call last):
  File "/home/alonso/Documents/GitHub/Spine--2025/xcamera2.py", line 92, in <module>
    false_rgb = np.stack((channels[:, :, 16], 
                          ~~~~~~~~^^^^^^^^^^
IndexError: index 16 is out of bounds for axis 2 with size 16
2025-03-04 18:45:54.321 Port 8501 is already in use
2025-03-04 18:45:54.555 Port 8501 is already in use
2025-03-04 18:46:02.277 Port 8501 is already in use
2025-03-04 18:46:02.683 Port 8501 is already in use
xiAPI: ---- xiOpenDevice API:V4.29.17.00 started ----
xiAPI: XIMEA Camera API V4.29.17.00
xiAPI: Adding camera context: dwID=26270971  ptr=C70B5000 processID=000033A4
xiAPI: Create handles 1 Process 000033A4
xiAPI: FindModelnfoAltInDevAltXml searching... for model info from dev-alt.xml SN:
xiAPI: FindModelnfoAltInDevAltXml searching... for model info from dev-alt.xml SN:
xiAPI: xiOpenDevice - legacy SN used for identification 26270971
xiAPI: Enable sensor
xiAPI: OK retrains 0
xiAPI: xiReadFileFFS 'SensFPNCorrections' not found
xiAPI: ScmCorrectorA::LoadAndParseConfigurationFile Warning: file SensFPNCorrections not found
xiAPI: xiReadFileFFS 'SensFPNCorrections' not found
xiAPI: ScmCorrectorA::LoadAndParseConfigurationFile Warning: file SensFPNCorrections not found
xiAPI: Sensor SetExposure freq=48MHz exp=0us regexp=x1
xiAPI: Bad Pixel List file 'mmf1/bad_pixel_list.txt' not found
xiAPI: Sensor SetExposure freq=48MHz exp=0us regexp=x1
xiAPI: AutoSetBandwidth measurement
xiAPI: CalculateResources : Context C70B5000 ID 26270971 m_maxBytes=1024 m_maxBufferSize=1048576
xiAPI: AutoSetBandwidth measured 3613Mbps. Safe margin 10% will be used.
xiAPI: Current bandwidth limit auto-set to 3251 Mbps (min:80Mbps,max:3613Mbps)
xiAPI: Sensor SetExposure freq=48MHz exp=16us regexp=x1
xiAPI: Sensor SetExposure freq=48MHz exp=16us regexp=x1
xiAPI: ---- Device opened. Model:MQ022HG-IM-SM4X4-VIS3 SN:26270971 FwF1: API:V4.29.17.00 ----
xiAPI: Sensor SetExposure freq=48MHz exp=30000us regexp=x2B96
xiAPI: Sensor SetExposure freq=48MHz exp=29998us regexp=x2B96
xiAPI: CalculateResources : Context C70B5000 ID 26270971 m_maxBytes=1024 m_maxBufferSize=1048576
xiAPI: StartVideoStream
xiAPI: WorkerThread is up
Warning: Ignoring XDG_SESSION_TYPE=wayland on Gnome. Use QT_QPA_PLATFORM=wayland to run on Wayland anyway.
Traceback (most recent call last):
  File "/home/alonso/Documents/GitHub/Spine--2025/xcamera2.py", line 92, in <module>
    false_rgb = np.stack((channels[:, :, 16], 
                          ~~~~~~~~^^^^^^^^^^
IndexError: index 16 is out of bounds for axis 2 with size 16
2025-03-04 18:46:10.274 Port 8501 is already in use
2025-03-04 18:46:10.680 Port 8501 is already in use
2025-03-04 18:46:18.364 Port 8501 is already in use
2025-03-04 18:46:18.742 Port 8501 is already in use
xiAPI: ---- xiOpenDevice API:V4.29.17.00 started ----
xiAPI: XIMEA Camera API V4.29.17.00
xiAPI: Adding camera context: dwID=26270971  ptr=3FD57000 processID=0000345F
xiAPI: Create handles 1 Process 0000345F
xiAPI: FindModelnfoAltInDevAltXml searching... for model info from dev-alt.xml SN:
xiAPI: FindModelnfoAltInDevAltXml searching... for model info from dev-alt.xml SN:
xiAPI: xiOpenDevice - legacy SN used for identification 26270971
xiAPI: Enable sensor
xiAPI: OK retrains 0
xiAPI: xiReadFileFFS 'SensFPNCorrections' not found
xiAPI: ScmCorrectorA::LoadAndParseConfigurationFile Warning: file SensFPNCorrections not found
xiAPI: xiReadFileFFS 'SensFPNCorrections' not found
xiAPI: ScmCorrectorA::LoadAndParseConfigurationFile Warning: file SensFPNCorrections not found
xiAPI: Sensor SetExposure freq=48MHz exp=0us regexp=x1
xiAPI: Bad Pixel List file 'mmf1/bad_pixel_list.txt' not found
xiAPI: Sensor SetExposure freq=48MHz exp=0us regexp=x1
xiAPI: AutoSetBandwidth measurement
xiAPI: CalculateResources : Context 3FD57000 ID 26270971 m_maxBytes=1024 m_maxBufferSize=1048576
2025-03-04 18:46:26.456 Port 8501 is already in use
2025-03-04 18:46:26.800 Port 8501 is already in use
xiAPI: AutoSetBandwidth measured 3617Mbps. Safe margin 10% will be used.
xiAPI: Current bandwidth limit auto-set to 3255 Mbps (min:80Mbps,max:3617Mbps)
xiAPI: Sensor SetExposure freq=48MHz exp=16us regexp=x1
xiAPI: Sensor SetExposure freq=48MHz exp=16us regexp=x1
xiAPI: ---- Device opened. Model:MQ022HG-IM-SM4X4-VIS3 SN:26270971 FwF1: API:V4.29.17.00 ----
xiAPI: Sensor SetExposure freq=48MHz exp=30000us regexp=x2B96
xiAPI: Sensor SetExposure freq=48MHz exp=29998us regexp=x2B96
xiAPI: CalculateResources : Context 3FD57000 ID 26270971 m_maxBytes=1024 m_maxBufferSize=1048576
xiAPI: StartVideoStream
xiAPI: WorkerThread is up
Warning: Ignoring XDG_SESSION_TYPE=wayland on Gnome. Use QT_QPA_PLATFORM=wayland to run on Wayland anyway.
2025-03-04 18:46:34.636 Port 8501 is already in use
2025-03-04 18:46:34.882 Port 8501 is already in use
xiAPI: WorkerThread is down: ret 0
xiAPI: xiCloseDevice
xiAPI: DisableSensor
xiAPI: DisableDevice
xiAPI: deleting camera context: dwID=26270971, ptr=3fd57000 processID=0000345F
Guardado: /home/alonso/Desktop/2025-03-04_18-46-25_RGB/RGB_18-46-28.png y /home/alonso/Desktop/2025-03-04_18-46-25_TIFF/RAW_18-46-28.tiff
Guardado: /home/alonso/Desktop/2025-03-04_18-46-25_RGB/RGB_18-46-30.png y /home/alonso/Desktop/2025-03-04_18-46-25_TIFF/RAW_18-46-30.tiff
Guardado: /home/alonso/Desktop/2025-03-04_18-46-25_RGB/RGB_18-46-32.png y /home/alonso/Desktop/2025-03-04_18-46-25_TIFF/RAW_18-46-32.tiff
Guardado: /home/alonso/Desktop/2025-03-04_18-46-25_RGB/RGB_18-46-35.png y /home/alonso/Desktop/2025-03-04_18-46-25_TIFF/RAW_18-46-35.tiff
Guardado: /home/alonso/Desktop/2025-03-04_18-46-25_RGB/RGB_18-46-37.png y /home/alonso/Desktop/2025-03-04_18-46-25_TIFF/RAW_18-46-37.tiff
2025-03-04 18:46:42.571 Port 8501 is already in use
2025-03-04 18:46:42.983 Port 8501 is already in use
2025-03-04 18:46:50.620 Port 8501 is already in use
2025-03-04 18:46:51.007 Port 8501 is already in use
xiAPI: ---- xiOpenDevice API:V4.29.17.00 started ----
xiAPI: XIMEA Camera API V4.29.17.00
xiAPI: Adding camera context: dwID=26270971  ptr=DB2B5000 processID=00003567
xiAPI: Create handles 1 Process 00003567
xiAPI: FindModelnfoAltInDevAltXml searching... for model info from dev-alt.xml SN:
xiAPI: FindModelnfoAltInDevAltXml searching... for model info from dev-alt.xml SN:
xiAPI: xiOpenDevice - legacy SN used for identification 26270971
xiAPI: Enable sensor
xiAPI: OK retrains 0
xiAPI: xiReadFileFFS 'SensFPNCorrections' not found
xiAPI: ScmCorrectorA::LoadAndParseConfigurationFile Warning: file SensFPNCorrections not found
xiAPI: xiReadFileFFS 'SensFPNCorrections' not found
xiAPI: ScmCorrectorA::LoadAndParseConfigurationFile Warning: file SensFPNCorrections not found
xiAPI: Sensor SetExposure freq=48MHz exp=0us regexp=x1
xiAPI: Bad Pixel List file 'mmf1/bad_pixel_list.txt' not found
xiAPI: Sensor SetExposure freq=48MHz exp=0us regexp=x1
xiAPI: AutoSetBandwidth measurement
xiAPI: CalculateResources : Context DB2B5000 ID 26270971 m_maxBytes=1024 m_maxBufferSize=1048576
xiAPI: AutoSetBandwidth measured 3611Mbps. Safe margin 10% will be used.
xiAPI: Current bandwidth limit auto-set to 3249 Mbps (min:80Mbps,max:3611Mbps)
xiAPI: Sensor SetExposure freq=48MHz exp=16us regexp=x1
xiAPI: Sensor SetExposure freq=48MHz exp=16us regexp=x1
xiAPI: ---- Device opened. Model:MQ022HG-IM-SM4X4-VIS3 SN:26270971 FwF1: API:V4.29.17.00 ----
xiAPI: Sensor SetExposure freq=48MHz exp=30000us regexp=x2B96
xiAPI: Sensor SetExposure freq=48MHz exp=29998us regexp=x2B96
xiAPI: CalculateResources : Context DB2B5000 ID 26270971 m_maxBytes=1024 m_maxBufferSize=1048576
xiAPI: StartVideoStream
xiAPI: WorkerThread is up
Warning: Ignoring XDG_SESSION_TYPE=wayland on Gnome. Use QT_QPA_PLATFORM=wayland to run on Wayland anyway.
2025-03-04 18:46:58.690 Port 8501 is already in use
2025-03-04 18:46:59.213 Port 8501 is already in use
2025-03-04 18:47:06.868 Port 8501 is already in use
2025-03-04 18:47:07.359 Port 8501 is already in use
xiAPI: WorkerThread is down: ret 0
xiAPI: xiCloseDevice
xiAPI: DisableSensor
xiAPI: DisableDevice
xiAPI: deleting camera context: dwID=26270971, ptr=db2b5000 processID=00003567
Guardado: /home/alonso/Desktop/2025-03-04_18-46-52_RGB/RGB_18-46-56.png y /home/alonso/Desktop/2025-03-04_18-46-52_TIFF/RAW_18-46-56.tiff
Guardado: /home/alonso/Desktop/2025-03-04_18-46-52_RGB/RGB_18-46-58.png y /home/alonso/Desktop/2025-03-04_18-46-52_TIFF/RAW_18-46-58.tiff
Guardado: /home/alonso/Desktop/2025-03-04_18-46-52_RGB/RGB_18-47-00.png y /home/alonso/Desktop/2025-03-04_18-46-52_TIFF/RAW_18-47-00.tiff
Guardado: /home/alonso/Desktop/2025-03-04_18-46-52_RGB/RGB_18-47-02.png y /home/alonso/Desktop/2025-03-04_18-46-52_TIFF/RAW_18-47-02.tiff
Guardado: /home/alonso/Desktop/2025-03-04_18-46-52_RGB/RGB_18-47-04.png y /home/alonso/Desktop/2025-03-04_18-46-52_TIFF/RAW_18-47-04.tiff
Guardado: /home/alonso/Desktop/2025-03-04_18-46-52_RGB/RGB_18-47-06.png y /home/alonso/Desktop/2025-03-04_18-46-52_TIFF/RAW_18-47-06.tiff
2025-03-04 18:47:14.850 Port 8501 is already in use
2025-03-04 18:47:15.271 Port 8501 is already in use
2025-03-04 18:47:22.971 Port 8501 is already in use
2025-03-04 18:47:23.339 Port 8501 is already in use
xiAPI: ---- xiOpenDevice API:V4.29.17.00 started ----
xiAPI: XIMEA Camera API V4.29.17.00
xiAPI: Adding camera context: dwID=26270971  ptr=B07E9000 processID=000036A8
xiAPI: Create handles 1 Process 000036A8
xiAPI: FindModelnfoAltInDevAltXml searching... for model info from dev-alt.xml SN:
xiAPI: FindModelnfoAltInDevAltXml searching... for model info from dev-alt.xml SN:
xiAPI: xiOpenDevice - legacy SN used for identification 26270971
xiAPI: Enable sensor
xiAPI: OK retrains 0
xiAPI: xiReadFileFFS 'SensFPNCorrections' not found
xiAPI: ScmCorrectorA::LoadAndParseConfigurationFile Warning: file SensFPNCorrections not found
xiAPI: xiReadFileFFS 'SensFPNCorrections' not found
xiAPI: ScmCorrectorA::LoadAndParseConfigurationFile Warning: file SensFPNCorrections not found
xiAPI: Sensor SetExposure freq=48MHz exp=0us regexp=x1
xiAPI: Bad Pixel List file 'mmf1/bad_pixel_list.txt' not found
xiAPI: Sensor SetExposure freq=48MHz exp=0us regexp=x1
xiAPI: AutoSetBandwidth measurement
xiAPI: CalculateResources : Context B07E9000 ID 26270971 m_maxBytes=1024 m_maxBufferSize=1048576
xiAPI: AutoSetBandwidth measured 3611Mbps. Safe margin 10% will be used.
xiAPI: Current bandwidth limit auto-set to 3249 Mbps (min:80Mbps,max:3611Mbps)
xiAPI: Sensor SetExposure freq=48MHz exp=16us regexp=x1
xiAPI: Sensor SetExposure freq=48MHz exp=16us regexp=x1
xiAPI: ---- Device opened. Model:MQ022HG-IM-SM4X4-VIS3 SN:26270971 FwF1: API:V4.29.17.00 ----
xiAPI: Sensor SetExposure freq=48MHz exp=30000us regexp=x2B96
xiAPI: Sensor SetExposure freq=48MHz exp=29998us regexp=x2B96
xiAPI: CalculateResources : Context B07E9000 ID 26270971 m_maxBytes=1024 m_maxBufferSize=1048576
xiAPI: StartVideoStream
xiAPI: WorkerThread is up
Warning: Ignoring XDG_SESSION_TYPE=wayland on Gnome. Use QT_QPA_PLATFORM=wayland to run on Wayland anyway.
2025-03-04 18:47:31.184 Port 8501 is already in use
2025-03-04 18:47:31.555 Port 8501 is already in use
2025-03-04 18:47:39.147 Port 8501 is already in use
2025-03-04 18:47:39.515 Port 8501 is already in use
xiAPI: WorkerThread is down: ret 0
xiAPI: xiCloseDevice
xiAPI: DisableSensor
xiAPI: DisableDevice
xiAPI: deleting camera context: dwID=26270971, ptr=b07e9000 processID=000036A8
Guardado: /home/alonso/Desktop/2025-03-04_18-47-28_RGB/RGB_18-47-32.png y /home/alonso/Desktop/2025-03-04_18-47-28_TIFF/RAW_18-47-32.tiff
Guardado: /home/alonso/Desktop/2025-03-04_18-47-28_RGB/RGB_18-47-34.png y /home/alonso/Desktop/2025-03-04_18-47-28_TIFF/RAW_18-47-34.tiff
Guardado: /home/alonso/Desktop/2025-03-04_18-47-28_RGB/RGB_18-47-36.png y /home/alonso/Desktop/2025-03-04_18-47-28_TIFF/RAW_18-47-36.tiff
Guardado: /home/alonso/Desktop/2025-03-04_18-47-28_RGB/RGB_18-47-38.png y /home/alonso/Desktop/2025-03-04_18-47-28_TIFF/RAW_18-47-38.tiff
Guardado: /home/alonso/Desktop/2025-03-04_18-47-28_RGB/RGB_18-47-40.png y /home/alonso/Desktop/2025-03-04_18-47-28_TIFF/RAW_18-47-40.tiff
Guardado: /home/alonso/Desktop/2025-03-04_18-47-28_RGB/RGB_18-47-42.png y /home/alonso/Desktop/2025-03-04_18-47-28_TIFF/RAW_18-47-42.tiff
Guardado: /home/alonso/Desktop/2025-03-04_18-47-28_RGB/RGB_18-47-44.png y /home/alonso/Desktop/2025-03-04_18-47-28_TIFF/RAW_18-47-44.tiff
2025-03-04 18:47:47.201 Port 8501 is already in use
2025-03-04 18:47:47.659 Port 8501 is already in use
2025-03-04 18:47:55.229 Port 8501 is already in use
2025-03-04 18:47:55.806 Port 8501 is already in use
2025-03-04 18:48:03.276 Port 8501 is already in use
2025-03-04 18:48:03.807 Port 8501 is already in use
2025-03-04 18:48:11.333 Port 8501 is already in use
2025-03-04 18:48:11.861 Port 8501 is already in use
2025-03-04 18:48:19.412 Port 8501 is already in use
2025-03-04 18:48:19.925 Port 8501 is already in use
2025-03-04 18:48:27.470 Port 8501 is already in use
2025-03-04 18:48:27.986 Port 8501 is already in use
2025-03-04 18:48:35.525 Port 8501 is already in use
2025-03-04 18:48:36.060 Port 8501 is already in use
2025-03-04 18:48:43.605 Port 8501 is already in use
2025-03-04 18:48:44.104 Port 8501 is already in use
2025-03-04 18:48:51.683 Port 8501 is already in use
2025-03-04 18:48:52.172 Port 8501 is already in use
2025-03-04 18:48:59.775 Port 8501 is already in use
xiAPI: ---- xiOpenDevice API:V4.29.17.00 started ----
2025-03-04 18:49:00.285 Port 8501 is already in use
xiAPI: XIMEA Camera API V4.29.17.00
xiAPI: Adding camera context: dwID=26270971  ptr=2D08C000 processID=00003905
xiAPI: Create handles 1 Process 00003905
xiAPI: FindModelnfoAltInDevAltXml searching... for model info from dev-alt.xml SN:
xiAPI: FindModelnfoAltInDevAltXml searching... for model info from dev-alt.xml SN:
xiAPI: xiOpenDevice - legacy SN used for identification 26270971
xiAPI: Enable sensor
xiAPI: OK retrains 0
xiAPI: xiReadFileFFS 'SensFPNCorrections' not found
xiAPI: ScmCorrectorA::LoadAndParseConfigurationFile Warning: file SensFPNCorrections not found
xiAPI: xiReadFileFFS 'SensFPNCorrections' not found
xiAPI: ScmCorrectorA::LoadAndParseConfigurationFile Warning: file SensFPNCorrections not found
xiAPI: Sensor SetExposure freq=48MHz exp=0us regexp=x1
xiAPI: Bad Pixel List file 'mmf1/bad_pixel_list.txt' not found
xiAPI: Sensor SetExposure freq=48MHz exp=0us regexp=x1
xiAPI: AutoSetBandwidth measurement
xiAPI: CalculateResources : Context 2D08C000 ID 26270971 m_maxBytes=1024 m_maxBufferSize=1048576
xiAPI: AutoSetBandwidth measured 3610Mbps. Safe margin 10% will be used.
xiAPI: Current bandwidth limit auto-set to 3249 Mbps (min:80Mbps,max:3610Mbps)
xiAPI: Sensor SetExposure freq=48MHz exp=16us regexp=x1
xiAPI: Sensor SetExposure freq=48MHz exp=16us regexp=x1
xiAPI: ---- Device opened. Model:MQ022HG-IM-SM4X4-VIS3 SN:26270971 FwF1: API:V4.29.17.00 ----
xiAPI: Sensor SetExposure freq=48MHz exp=30000us regexp=x2B96
xiAPI: Sensor SetExposure freq=48MHz exp=29998us regexp=x2B96
xiAPI: CalculateResources : Context 2D08C000 ID 26270971 m_maxBytes=1024 m_maxBufferSize=1048576
xiAPI: StartVideoStream
xiAPI: WorkerThread is up
Warning: Ignoring XDG_SESSION_TYPE=wayland on Gnome. Use QT_QPA_PLATFORM=wayland to run on Wayland anyway.
2025-03-04 18:49:07.914 Port 8501 is already in use
2025-03-04 18:49:08.339 Port 8501 is already in use
2025-03-04 18:49:15.967 Port 8501 is already in use
2025-03-04 18:49:16.401 Port 8501 is already in use
xiAPI: WorkerThread is down: ret 0
xiAPI: xiCloseDevice
xiAPI: DisableSensor
xiAPI: DisableDevice
xiAPI: deleting camera context: dwID=26270971, ptr=2d08c000 processID=00003905
Guardado: /home/alonso/Desktop/2025-03-04_18-48-59_RGB/RGB_18-49-03.png y /home/alonso/Desktop/2025-03-04_18-48-59_TIFF/RAW_18-49-03.tiff
Guardado: /home/alonso/Desktop/2025-03-04_18-48-59_RGB/RGB_18-49-06.png y /home/alonso/Desktop/2025-03-04_18-48-59_TIFF/RAW_18-49-06.tiff
Guardado: /home/alonso/Desktop/2025-03-04_18-48-59_RGB/RGB_18-49-08.png y /home/alonso/Desktop/2025-03-04_18-48-59_TIFF/RAW_18-49-08.tiff
Guardado: /home/alonso/Desktop/2025-03-04_18-48-59_RGB/RGB_18-49-10.png y /home/alonso/Desktop/2025-03-04_18-48-59_TIFF/RAW_18-49-10.tiff
Guardado: /home/alonso/Desktop/2025-03-04_18-48-59_RGB/RGB_18-49-12.png y /home/alonso/Desktop/2025-03-04_18-48-59_TIFF/RAW_18-49-12.tiff
Guardado: /home/alonso/Desktop/2025-03-04_18-48-59_RGB/RGB_18-49-14.png y /home/alonso/Desktop/2025-03-04_18-48-59_TIFF/RAW_18-49-14.tiff
Guardado: /home/alonso/Desktop/2025-03-04_18-48-59_RGB/RGB_18-49-16.png y /home/alonso/Desktop/2025-03-04_18-48-59_TIFF/RAW_18-49-16.tiff
2025-03-04 18:49:23.962 Port 8501 is already in use
2025-03-04 18:49:24.449 Port 8501 is already in use
xiAPI: ---- xiOpenDevice API:V4.29.17.00 started ----
xiAPI: XIMEA Camera API V4.29.17.00
xiAPI: Adding camera context: dwID=26270971  ptr=7CD57000 processID=00003A3C
xiAPI: Create handles 1 Process 00003A3C
xiAPI: FindModelnfoAltInDevAltXml searching... for model info from dev-alt.xml SN:
xiAPI: FindModelnfoAltInDevAltXml searching... for model info from dev-alt.xml SN:
xiAPI: xiOpenDevice - legacy SN used for identification 26270971
xiAPI: Enable sensor
xiAPI: OK retrains 0
xiAPI: xiReadFileFFS 'SensFPNCorrections' not found
xiAPI: ScmCorrectorA::LoadAndParseConfigurationFile Warning: file SensFPNCorrections not found
xiAPI: xiReadFileFFS 'SensFPNCorrections' not found
xiAPI: ScmCorrectorA::LoadAndParseConfigurationFile Warning: file SensFPNCorrections not found
xiAPI: Sensor SetExposure freq=48MHz exp=0us regexp=x1
xiAPI: Bad Pixel List file 'mmf1/bad_pixel_list.txt' not found
xiAPI: Sensor SetExposure freq=48MHz exp=0us regexp=x1
xiAPI: AutoSetBandwidth measurement
xiAPI: CalculateResources : Context 7CD57000 ID 26270971 m_maxBytes=1024 m_maxBufferSize=1048576
2025-03-04 18:49:32.139 Port 8501 is already in use
2025-03-04 18:49:32.581 Port 8501 is already in use
xiAPI: AutoSetBandwidth measured 3613Mbps. Safe margin 10% will be used.
xiAPI: Current bandwidth limit auto-set to 3251 Mbps (min:80Mbps,max:3613Mbps)
xiAPI: Sensor SetExposure freq=48MHz exp=16us regexp=x1
xiAPI: Sensor SetExposure freq=48MHz exp=16us regexp=x1
xiAPI: ---- Device opened. Model:MQ022HG-IM-SM4X4-VIS3 SN:26270971 FwF1: API:V4.29.17.00 ----
xiAPI: Sensor SetExposure freq=48MHz exp=30000us regexp=x2B96
xiAPI: Sensor SetExposure freq=48MHz exp=29998us regexp=x2B96
xiAPI: CalculateResources : Context 7CD57000 ID 26270971 m_maxBytes=1024 m_maxBufferSize=1048576
xiAPI: StartVideoStream
xiAPI: WorkerThread is up
Warning: Ignoring XDG_SESSION_TYPE=wayland on Gnome. Use QT_QPA_PLATFORM=wayland to run on Wayland anyway.
xiAPI: WorkerThread is down: ret 0
xiAPI: xiCloseDevice
xiAPI: DisableSensor
xiAPI: DisableDevice
xiAPI: deleting camera context: dwID=26270971, ptr=7cd57000 processID=00003A3C
Guardado: /home/alonso/Desktop/2025-03-04_18-49-31_RGB/RGB_18-49-35.png y /home/alonso/Desktop/2025-03-04_18-49-31_TIFF/RAW_18-49-35.tiff
Guardado: /home/alonso/Desktop/2025-03-04_18-49-31_RGB/RGB_18-49-37.png y /home/alonso/Desktop/2025-03-04_18-49-31_TIFF/RAW_18-49-37.tiff
2025-03-04 18:49:40.114 Port 8501 is already in use
2025-03-04 18:49:40.597 Port 8501 is already in use
2025-03-04 18:49:48.182 Port 8501 is already in use
2025-03-04 18:49:48.644 Port 8501 is already in use
xiAPI: ---- xiOpenDevice API:V4.29.17.00 started ----
xiAPI: XIMEA Camera API V4.29.17.00
xiAPI: Adding camera context: dwID=26270971  ptr=1E357000 processID=00003B1E
xiAPI: Create handles 1 Process 00003B1E
xiAPI: FindModelnfoAltInDevAltXml searching... for model info from dev-alt.xml SN:
xiAPI: FindModelnfoAltInDevAltXml searching... for model info from dev-alt.xml SN:
xiAPI: xiOpenDevice - legacy SN used for identification 26270971
xiAPI: Enable sensor
xiAPI: OK retrains 0
xiAPI: xiReadFileFFS 'SensFPNCorrections' not found
xiAPI: ScmCorrectorA::LoadAndParseConfigurationFile Warning: file SensFPNCorrections not found
xiAPI: xiReadFileFFS 'SensFPNCorrections' not found
xiAPI: ScmCorrectorA::LoadAndParseConfigurationFile Warning: file SensFPNCorrections not found
xiAPI: Sensor SetExposure freq=48MHz exp=0us regexp=x1
xiAPI: Bad Pixel List file 'mmf1/bad_pixel_list.txt' not found
xiAPI: Sensor SetExposure freq=48MHz exp=0us regexp=x1
xiAPI: AutoSetBandwidth measurement
xiAPI: CalculateResources : Context 1E357000 ID 26270971 m_maxBytes=1024 m_maxBufferSize=1048576
xiAPI: AutoSetBandwidth measured 3608Mbps. Safe margin 10% will be used.
xiAPI: Current bandwidth limit auto-set to 3247 Mbps (min:80Mbps,max:3608Mbps)
xiAPI: Sensor SetExposure freq=48MHz exp=16us regexp=x1
xiAPI: Sensor SetExposure freq=48MHz exp=16us regexp=x1
xiAPI: ---- Device opened. Model:MQ022HG-IM-SM4X4-VIS3 SN:26270971 FwF1: API:V4.29.17.00 ----
xiAPI: Sensor SetExposure freq=48MHz exp=30000us regexp=x2B96
xiAPI: Sensor SetExposure freq=48MHz exp=29998us regexp=x2B96
xiAPI: CalculateResources : Context 1E357000 ID 26270971 m_maxBytes=1024 m_maxBufferSize=1048576
xiAPI: StartVideoStream
xiAPI: WorkerThread is up
Warning: Ignoring XDG_SESSION_TYPE=wayland on Gnome. Use QT_QPA_PLATFORM=wayland to run on Wayland anyway.
2025-03-04 18:49:56.279 Port 8501 is already in use
2025-03-04 18:49:56.797 Port 8501 is already in use
2025-03-04 18:50:04.351 Port 8501 is already in use
2025-03-04 18:50:04.918 Port 8501 is already in use
xiAPI: WorkerThread is down: ret 0
xiAPI: xiCloseDevice
xiAPI: DisableSensor
xiAPI: DisableDevice
xiAPI: deleting camera context: dwID=26270971, ptr=1e357000 processID=00003B1E
Guardado: /home/alonso/Desktop/2025-03-04_18-49-53_RGB/RGB_18-49-56.png y /home/alonso/Desktop/2025-03-04_18-49-53_TIFF/RAW_18-49-56.tiff
Guardado: /home/alonso/Desktop/2025-03-04_18-49-53_RGB/RGB_18-49-58.png y /home/alonso/Desktop/2025-03-04_18-49-53_TIFF/RAW_18-49-58.tiff
Guardado: /home/alonso/Desktop/2025-03-04_18-49-53_RGB/RGB_18-50-00.png y /home/alonso/Desktop/2025-03-04_18-49-53_TIFF/RAW_18-50-00.tiff
Guardado: /home/alonso/Desktop/2025-03-04_18-49-53_RGB/RGB_18-50-02.png y /home/alonso/Desktop/2025-03-04_18-49-53_TIFF/RAW_18-50-02.tiff
Guardado: /home/alonso/Desktop/2025-03-04_18-49-53_RGB/RGB_18-50-04.png y /home/alonso/Desktop/2025-03-04_18-49-53_TIFF/RAW_18-50-04.tiff
Guardado: /home/alonso/Desktop/2025-03-04_18-49-53_RGB/RGB_18-50-06.png y /home/alonso/Desktop/2025-03-04_18-49-53_TIFF/RAW_18-50-06.tiff
Guardado: /home/alonso/Desktop/2025-03-04_18-49-53_RGB/RGB_18-50-08.png y /home/alonso/Desktop/2025-03-04_18-49-53_TIFF/RAW_18-50-08.tiff
Guardado: /home/alonso/Desktop/2025-03-04_18-49-53_RGB/RGB_18-50-10.png y /home/alonso/Desktop/2025-03-04_18-49-53_TIFF/RAW_18-50-10.tiff
2025-03-04 18:50:12.387 Port 8501 is already in use
2025-03-04 18:50:12.958 Port 8501 is already in use
2025-03-04 18:50:20.413 Port 8501 is already in use
2025-03-04 18:50:20.948 Port 8501 is already in use
2025-03-04 18:50:28.538 Port 8501 is already in use
2025-03-04 18:50:28.987 Port 8501 is already in use
2025-03-04 18:50:36.540 Port 8501 is already in use
2025-03-04 18:50:37.086 Port 8501 is already in use
2025-03-04 18:50:44.726 Port 8501 is already in use
2025-03-04 18:50:45.187 Port 8501 is already in use
xiAPI: ---- xiOpenDevice API:V4.29.17.00 started ----
xiAPI: XIMEA Camera API V4.29.17.00
xiAPI: Adding camera context: dwID=26270971  ptr=29C2E000 processID=00003CE8
xiAPI: Create handles 1 Process 00003CE8
xiAPI: FindModelnfoAltInDevAltXml searching... for model info from dev-alt.xml SN:
xiAPI: FindModelnfoAltInDevAltXml searching... for model info from dev-alt.xml SN:
xiAPI: xiOpenDevice - legacy SN used for identification 26270971
xiAPI: Enable sensor
xiAPI: OK retrains 0
xiAPI: xiReadFileFFS 'SensFPNCorrections' not found
xiAPI: ScmCorrectorA::LoadAndParseConfigurationFile Warning: file SensFPNCorrections not found
xiAPI: xiReadFileFFS 'SensFPNCorrections' not found
xiAPI: ScmCorrectorA::LoadAndParseConfigurationFile Warning: file SensFPNCorrections not found
xiAPI: Sensor SetExposure freq=48MHz exp=0us regexp=x1
xiAPI: Bad Pixel List file 'mmf1/bad_pixel_list.txt' not found
xiAPI: Sensor SetExposure freq=48MHz exp=0us regexp=x1
xiAPI: AutoSetBandwidth measurement
xiAPI: CalculateResources : Context 29C2E000 ID 26270971 m_maxBytes=1024 m_maxBufferSize=1048576
xiAPI: AutoSetBandwidth measured 3617Mbps. Safe margin 10% will be used.
xiAPI: Current bandwidth limit auto-set to 3255 Mbps (min:80Mbps,max:3617Mbps)
xiAPI: Sensor SetExposure freq=48MHz exp=16us regexp=x1
xiAPI: Sensor SetExposure freq=48MHz exp=16us regexp=x1
xiAPI: ---- Device opened. Model:MQ022HG-IM-SM4X4-VIS3 SN:26270971 FwF1: API:V4.29.17.00 ----
xiAPI: Sensor SetExposure freq=48MHz exp=30000us regexp=x2B96
xiAPI: Sensor SetExposure freq=48MHz exp=29998us regexp=x2B96
xiAPI: CalculateResources : Context 29C2E000 ID 26270971 m_maxBytes=1024 m_maxBufferSize=1048576
xiAPI: StartVideoStream
xiAPI: WorkerThread is up
Warning: Ignoring XDG_SESSION_TYPE=wayland on Gnome. Use QT_QPA_PLATFORM=wayland to run on Wayland anyway.
2025-03-04 18:50:52.886 Port 8501 is already in use
2025-03-04 18:50:53.271 Port 8501 is already in use
xiAPI: WorkerThread is down: ret 0
xiAPI: xiCloseDevice
xiAPI: DisableSensor
xiAPI: DisableDevice
xiAPI: deleting camera context: dwID=26270971, ptr=29c2e000 processID=00003CE8
Guardado: /home/alonso/Desktop/2025-03-04_18-50-46_RGB/RGB_18-50-50.png y /home/alonso/Desktop/2025-03-04_18-50-46_TIFF/RAW_18-50-50.tiff
Guardado: /home/alonso/Desktop/2025-03-04_18-50-46_RGB/RGB_18-50-52.png y /home/alonso/Desktop/2025-03-04_18-50-46_TIFF/RAW_18-50-52.tiff
Guardado: /home/alonso/Desktop/2025-03-04_18-50-46_RGB/RGB_18-50-54.png y /home/alonso/Desktop/2025-03-04_18-50-46_TIFF/RAW_18-50-54.tiff
Guardado: /home/alonso/Desktop/2025-03-04_18-50-46_RGB/RGB_18-50-56.png y /home/alonso/Desktop/2025-03-04_18-50-46_TIFF/RAW_18-50-56.tiff
Guardado: /home/alonso/Desktop/2025-03-04_18-50-46_RGB/RGB_18-50-58.png y /home/alonso/Desktop/2025-03-04_18-50-46_TIFF/RAW_18-50-58.tiff
2025-03-04 18:51:00.767 Port 8501 is already in use
2025-03-04 18:51:01.312 Port 8501 is already in use
2025-03-04 18:51:08.811 Port 8501 is already in use
2025-03-04 18:51:09.372 Port 8501 is already in use
2025-03-04 18:51:16.867 Port 8501 is already in use
2025-03-04 18:51:17.416 Port 8501 is already in use
2025-03-04 18:51:24.950 Port 8501 is already in use
2025-03-04 18:51:25.525 Port 8501 is already in use
2025-03-04 18:51:32.955 Port 8501 is already in use
2025-03-04 18:51:33.669 Port 8501 is already in use
xiAPI: ---- xiOpenDevice API:V4.29.17.00 started ----
xiAPI: XIMEA Camera API V4.29.17.00
xiAPI: Adding camera context: dwID=26270971  ptr=383E9000 processID=00003ECC
xiAPI: Create handles 1 Process 00003ECC
xiAPI: FindModelnfoAltInDevAltXml searching... for model info from dev-alt.xml SN:
xiAPI: FindModelnfoAltInDevAltXml searching... for model info from dev-alt.xml SN:
xiAPI: xiOpenDevice - legacy SN used for identification 26270971
xiAPI: Enable sensor
xiAPI: OK retrains 0
xiAPI: xiReadFileFFS 'SensFPNCorrections' not found
xiAPI: ScmCorrectorA::LoadAndParseConfigurationFile Warning: file SensFPNCorrections not found
xiAPI: xiReadFileFFS 'SensFPNCorrections' not found
xiAPI: ScmCorrectorA::LoadAndParseConfigurationFile Warning: file SensFPNCorrections not found
xiAPI: Sensor SetExposure freq=48MHz exp=0us regexp=x1
xiAPI: Bad Pixel List file 'mmf1/bad_pixel_list.txt' not found
xiAPI: Sensor SetExposure freq=48MHz exp=0us regexp=x1
xiAPI: AutoSetBandwidth measurement
xiAPI: CalculateResources : Context 383E9000 ID 26270971 m_maxBytes=1024 m_maxBufferSize=1048576
2025-03-04 18:51:41.074 Port 8501 is already in use
2025-03-04 18:51:41.614 Port 8501 is already in use
xiAPI: AutoSetBandwidth measured 3618Mbps. Safe margin 10% will be used.
xiAPI: Current bandwidth limit auto-set to 3256 Mbps (min:80Mbps,max:3618Mbps)
xiAPI: Sensor SetExposure freq=48MHz exp=16us regexp=x1
xiAPI: Sensor SetExposure freq=48MHz exp=16us regexp=x1
xiAPI: ---- Device opened. Model:MQ022HG-IM-SM4X4-VIS3 SN:26270971 FwF1: API:V4.29.17.00 ----
xiAPI: Sensor SetExposure freq=48MHz exp=30000us regexp=x2B96
xiAPI: Sensor SetExposure freq=48MHz exp=29998us regexp=x2B96
xiAPI: CalculateResources : Context 383E9000 ID 26270971 m_maxBytes=1024 m_maxBufferSize=1048576
xiAPI: StartVideoStream
xiAPI: WorkerThread is up
Warning: Ignoring XDG_SESSION_TYPE=wayland on Gnome. Use QT_QPA_PLATFORM=wayland to run on Wayland anyway.
2025-03-04 18:51:49.144 Port 8501 is already in use
2025-03-04 18:51:49.728 Port 8501 is already in use
xiAPI: WorkerThread is down: ret 0
xiAPI: xiCloseDevice
xiAPI: DisableSensor
xiAPI: DisableDevice
xiAPI: deleting camera context: dwID=26270971, ptr=383e9000 processID=00003ECC
Guardado: /home/alonso/Desktop/2025-03-04_18-51-40_RGB/RGB_18-51-44.png y /home/alonso/Desktop/2025-03-04_18-51-40_TIFF/RAW_18-51-44.tiff
Guardado: /home/alonso/Desktop/2025-03-04_18-51-40_RGB/RGB_18-51-46.png y /home/alonso/Desktop/2025-03-04_18-51-40_TIFF/RAW_18-51-46.tiff
Guardado: /home/alonso/Desktop/2025-03-04_18-51-40_RGB/RGB_18-51-48.png y /home/alonso/Desktop/2025-03-04_18-51-40_TIFF/RAW_18-51-48.tiff
Guardado: /home/alonso/Desktop/2025-03-04_18-51-40_RGB/RGB_18-51-50.png y /home/alonso/Desktop/2025-03-04_18-51-40_TIFF/RAW_18-51-50.tiff
2025-03-04 18:51:57.196 Port 8501 is already in use
2025-03-04 18:51:57.744 Port 8501 is already in use
xiAPI: ---- xiOpenDevice API:V4.29.17.00 started ----
xiAPI: XIMEA Camera API V4.29.17.00
xiAPI: Adding camera context: dwID=26270971  ptr=8DDE9000 processID=00003FE8
xiAPI: Create handles 1 Process 00003FE8
xiAPI: FindModelnfoAltInDevAltXml searching... for model info from dev-alt.xml SN:
xiAPI: FindModelnfoAltInDevAltXml searching... for model info from dev-alt.xml SN:
xiAPI: xiOpenDevice - legacy SN used for identification 26270971
xiAPI: Enable sensor
xiAPI: OK retrains 0
xiAPI: xiReadFileFFS 'SensFPNCorrections' not found
xiAPI: ScmCorrectorA::LoadAndParseConfigurationFile Warning: file SensFPNCorrections not found
xiAPI: xiReadFileFFS 'SensFPNCorrections' not found
xiAPI: ScmCorrectorA::LoadAndParseConfigurationFile Warning: file SensFPNCorrections not found
xiAPI: Sensor SetExposure freq=48MHz exp=0us regexp=x1
xiAPI: Bad Pixel List file 'mmf1/bad_pixel_list.txt' not found
xiAPI: Sensor SetExposure freq=48MHz exp=0us regexp=x1
xiAPI: AutoSetBandwidth measurement
xiAPI: CalculateResources : Context 8DDE9000 ID 26270971 m_maxBytes=1024 m_maxBufferSize=1048576
2025-03-04 18:52:05.263 Port 8501 is already in use
xiAPI: AutoSetBandwidth measured 3616Mbps. Safe margin 10% will be used.
xiAPI: Current bandwidth limit auto-set to 3254 Mbps (min:80Mbps,max:3616Mbps)
2025-03-04 18:52:05.840 Port 8501 is already in use
xiAPI: Sensor SetExposure freq=48MHz exp=16us regexp=x1
xiAPI: Sensor SetExposure freq=48MHz exp=16us regexp=x1
xiAPI: ---- Device opened. Model:MQ022HG-IM-SM4X4-VIS3 SN:26270971 FwF1: API:V4.29.17.00 ----
xiAPI: Sensor SetExposure freq=48MHz exp=30000us regexp=x2B96
xiAPI: Sensor SetExposure freq=48MHz exp=29998us regexp=x2B96
xiAPI: CalculateResources : Context 8DDE9000 ID 26270971 m_maxBytes=1024 m_maxBufferSize=1048576
xiAPI: StartVideoStream
xiAPI: WorkerThread is up
Warning: Ignoring XDG_SESSION_TYPE=wayland on Gnome. Use QT_QPA_PLATFORM=wayland to run on Wayland anyway.
2025-03-04 18:52:13.417 Port 8501 is already in use
2025-03-04 18:52:13.976 Port 8501 is already in use
xiAPI: WorkerThread is down: ret 0
xiAPI: xiCloseDevice
xiAPI: DisableSensor
xiAPI: DisableDevice
xiAPI: deleting camera context: dwID=26270971, ptr=8dde9000 processID=00003FE8
Guardado: /home/alonso/Desktop/2025-03-04_18-52-04_RGB/RGB_18-52-07.png y /home/alonso/Desktop/2025-03-04_18-52-04_TIFF/RAW_18-52-07.tiff
Guardado: /home/alonso/Desktop/2025-03-04_18-52-04_RGB/RGB_18-52-10.png y /home/alonso/Desktop/2025-03-04_18-52-04_TIFF/RAW_18-52-10.tiff
Guardado: /home/alonso/Desktop/2025-03-04_18-52-04_RGB/RGB_18-52-12.png y /home/alonso/Desktop/2025-03-04_18-52-04_TIFF/RAW_18-52-12.tiff
Guardado: /home/alonso/Desktop/2025-03-04_18-52-04_RGB/RGB_18-52-14.png y /home/alonso/Desktop/2025-03-04_18-52-04_TIFF/RAW_18-52-14.tiff
Guardado: /home/alonso/Desktop/2025-03-04_18-52-04_RGB/RGB_18-52-16.png y /home/alonso/Desktop/2025-03-04_18-52-04_TIFF/RAW_18-52-16.tiff
2025-03-04 18:52:21.418 Port 8501 is already in use
2025-03-04 18:52:22.010 Port 8501 is already in use
xiAPI: ---- xiOpenDevice API:V4.29.17.00 started ----
2025-03-04 18:52:29.501 Port 8501 is already in use
xiAPI: XIMEA Camera API V4.29.17.00
xiAPI: Adding camera context: dwID=26270971  ptr=2A357000 processID=000040CD
xiAPI: Create handles 1 Process 000040CD
xiAPI: FindModelnfoAltInDevAltXml searching... for model info from dev-alt.xml SN:
xiAPI: FindModelnfoAltInDevAltXml searching... for model info from dev-alt.xml SN:
xiAPI: xiOpenDevice - legacy SN used for identification 26270971
xiAPI: Enable sensor
xiAPI: OK retrains 0
xiAPI: xiReadFileFFS 'SensFPNCorrections' not found
xiAPI: ScmCorrectorA::LoadAndParseConfigurationFile Warning: file SensFPNCorrections not found
xiAPI: xiReadFileFFS 'SensFPNCorrections' not found
xiAPI: ScmCorrectorA::LoadAndParseConfigurationFile Warning: file SensFPNCorrections not found
xiAPI: Sensor SetExposure freq=48MHz exp=0us regexp=x1
xiAPI: Bad Pixel List file 'mmf1/bad_pixel_list.txt' not found
xiAPI: Sensor SetExposure freq=48MHz exp=0us regexp=x1
xiAPI: AutoSetBandwidth measurement
xiAPI: CalculateResources : Context 2A357000 ID 26270971 m_maxBytes=1024 m_maxBufferSize=1048576
2025-03-04 18:52:30.084 Port 8501 is already in use
xiAPI: AutoSetBandwidth measured 3625Mbps. Safe margin 10% will be used.
xiAPI: Current bandwidth limit auto-set to 3262 Mbps (min:80Mbps,max:3625Mbps)
xiAPI: Sensor SetExposure freq=48MHz exp=16us regexp=x1
xiAPI: Sensor SetExposure freq=48MHz exp=16us regexp=x1
xiAPI: ---- Device opened. Model:MQ022HG-IM-SM4X4-VIS3 SN:26270971 FwF1: API:V4.29.17.00 ----
xiAPI: Sensor SetExposure freq=48MHz exp=30000us regexp=x2B96
xiAPI: Sensor SetExposure freq=48MHz exp=29998us regexp=x2B96
xiAPI: CalculateResources : Context 2A357000 ID 26270971 m_maxBytes=1024 m_maxBufferSize=1048576
xiAPI: StartVideoStream
xiAPI: WorkerThread is up
Warning: Ignoring XDG_SESSION_TYPE=wayland on Gnome. Use QT_QPA_PLATFORM=wayland to run on Wayland anyway.
2025-03-04 18:52:37.608 Port 8501 is already in use
2025-03-04 18:52:38.203 Port 8501 is already in use
xiAPI: WorkerThread is down: ret 0
xiAPI: xiCloseDevice
xiAPI: DisableSensor
xiAPI: DisableDevice
xiAPI: deleting camera context: dwID=26270971, ptr=2a357000 processID=000040CD
Guardado: /home/alonso/Desktop/2025-03-04_18-52-29_RGB/RGB_18-52-33.png y /home/alonso/Desktop/2025-03-04_18-52-29_TIFF/RAW_18-52-33.tiff
Guardado: /home/alonso/Desktop/2025-03-04_18-52-29_RGB/RGB_18-52-35.png y /home/alonso/Desktop/2025-03-04_18-52-29_TIFF/RAW_18-52-35.tiff
Guardado: /home/alonso/Desktop/2025-03-04_18-52-29_RGB/RGB_18-52-37.png y /home/alonso/Desktop/2025-03-04_18-52-29_TIFF/RAW_18-52-37.tiff
Guardado: /home/alonso/Desktop/2025-03-04_18-52-29_RGB/RGB_18-52-39.png y /home/alonso/Desktop/2025-03-04_18-52-29_TIFF/RAW_18-52-39.tiff
2025-03-04 18:52:45.625 Port 8501 is already in use
2025-03-04 18:52:46.191 Port 8501 is already in use
2025-03-04 18:52:53.696 Port 8501 is already in use
2025-03-04 18:52:54.300 Port 8501 is already in use
2025-03-04 18:53:01.766 Port 8501 is already in use
2025-03-04 18:53:02.354 Port 8501 is already in use
xiAPI: ---- xiOpenDevice API:V4.29.17.00 started ----
xiAPI: XIMEA Camera API V4.29.17.00
xiAPI: Adding camera context: dwID=26270971  ptr=8BCB5000 processID=000041E7
xiAPI: Create handles 1 Process 000041E7
xiAPI: FindModelnfoAltInDevAltXml searching... for model info from dev-alt.xml SN:
xiAPI: FindModelnfoAltInDevAltXml searching... for model info from dev-alt.xml SN:
xiAPI: xiOpenDevice - legacy SN used for identification 26270971
xiAPI: Enable sensor
xiAPI: OK retrains 0
xiAPI: xiReadFileFFS 'SensFPNCorrections' not found
xiAPI: ScmCorrectorA::LoadAndParseConfigurationFile Warning: file SensFPNCorrections not found
xiAPI: xiReadFileFFS 'SensFPNCorrections' not found
xiAPI: ScmCorrectorA::LoadAndParseConfigurationFile Warning: file SensFPNCorrections not found
xiAPI: Sensor SetExposure freq=48MHz exp=0us regexp=x1
xiAPI: Bad Pixel List file 'mmf1/bad_pixel_list.txt' not found
xiAPI: Sensor SetExposure freq=48MHz exp=0us regexp=x1
xiAPI: AutoSetBandwidth measurement
xiAPI: CalculateResources : Context 8BCB5000 ID 26270971 m_maxBytes=1024 m_maxBufferSize=1048576
xiAPI: AutoSetBandwidth measured 3608Mbps. Safe margin 10% will be used.
xiAPI: Current bandwidth limit auto-set to 3247 Mbps (min:80Mbps,max:3608Mbps)
xiAPI: Sensor SetExposure freq=48MHz exp=16us regexp=x1
xiAPI: Sensor SetExposure freq=48MHz exp=16us regexp=x1
xiAPI: ---- Device opened. Model:MQ022HG-IM-SM4X4-VIS3 SN:26270971 FwF1: API:V4.29.17.00 ----
xiAPI: Sensor SetExposure freq=48MHz exp=30000us regexp=x2B96
xiAPI: Sensor SetExposure freq=48MHz exp=29998us regexp=x2B96
xiAPI: CalculateResources : Context 8BCB5000 ID 26270971 m_maxBytes=1024 m_maxBufferSize=1048576
xiAPI: StartVideoStream
xiAPI: WorkerThread is up
Warning: Ignoring XDG_SESSION_TYPE=wayland on Gnome. Use QT_QPA_PLATFORM=wayland to run on Wayland anyway.
2025-03-04 18:53:10.026 Port 8501 is already in use
2025-03-04 18:53:10.460 Port 8501 is already in use
xiAPI: WorkerThread is down: ret 0
xiAPI: xiCloseDevice
xiAPI: DisableSensor
xiAPI: DisableDevice
xiAPI: deleting camera context: dwID=26270971, ptr=8bcb5000 processID=000041E7
Guardado: /home/alonso/Desktop/2025-03-04_18-53-02_RGB/RGB_18-53-06.png y /home/alonso/Desktop/2025-03-04_18-53-02_TIFF/RAW_18-53-06.tiff
Guardado: /home/alonso/Desktop/2025-03-04_18-53-02_RGB/RGB_18-53-08.png y /home/alonso/Desktop/2025-03-04_18-53-02_TIFF/RAW_18-53-08.tiff
Guardado: /home/alonso/Desktop/2025-03-04_18-53-02_RGB/RGB_18-53-10.png y /home/alonso/Desktop/2025-03-04_18-53-02_TIFF/RAW_18-53-10.tiff
2025-03-04 18:53:17.904 Port 8501 is already in use
2025-03-04 18:53:18.524 Port 8501 is already in use
2025-03-04 18:53:25.953 Port 8501 is already in use
2025-03-04 18:53:26.597 Port 8501 is already in use
xiAPI: ---- xiOpenDevice API:V4.29.17.00 started ----
xiAPI: XIMEA Camera API V4.29.17.00
xiAPI: Adding camera context: dwID=26270971  ptr=9588C000 processID=0000431E
xiAPI: Create handles 1 Process 0000431E
xiAPI: FindModelnfoAltInDevAltXml searching... for model info from dev-alt.xml SN:
xiAPI: FindModelnfoAltInDevAltXml searching... for model info from dev-alt.xml SN:
xiAPI: xiOpenDevice - legacy SN used for identification 26270971
xiAPI: Enable sensor
xiAPI: OK retrains 0
xiAPI: xiReadFileFFS 'SensFPNCorrections' not found
xiAPI: ScmCorrectorA::LoadAndParseConfigurationFile Warning: file SensFPNCorrections not found
xiAPI: xiReadFileFFS 'SensFPNCorrections' not found
xiAPI: ScmCorrectorA::LoadAndParseConfigurationFile Warning: file SensFPNCorrections not found
xiAPI: Sensor SetExposure freq=48MHz exp=0us regexp=x1
xiAPI: Bad Pixel List file 'mmf1/bad_pixel_list.txt' not found
xiAPI: Sensor SetExposure freq=48MHz exp=0us regexp=x1
xiAPI: AutoSetBandwidth measurement
xiAPI: CalculateResources : Context 9588C000 ID 26270971 m_maxBytes=1024 m_maxBufferSize=1048576
xiAPI: AutoSetBandwidth measured 3609Mbps. Safe margin 10% will be used.
xiAPI: Current bandwidth limit auto-set to 3248 Mbps (min:80Mbps,max:3609Mbps)
xiAPI: Sensor SetExposure freq=48MHz exp=16us regexp=x1
xiAPI: Sensor SetExposure freq=48MHz exp=16us regexp=x1
xiAPI: ---- Device opened. Model:MQ022HG-IM-SM4X4-VIS3 SN:26270971 FwF1: API:V4.29.17.00 ----
xiAPI: Sensor SetExposure freq=48MHz exp=30000us regexp=x2B96
xiAPI: Sensor SetExposure freq=48MHz exp=29998us regexp=x2B96
xiAPI: CalculateResources : Context 9588C000 ID 26270971 m_maxBytes=1024 m_maxBufferSize=1048576
xiAPI: StartVideoStream
xiAPI: WorkerThread is up
Warning: Ignoring XDG_SESSION_TYPE=wayland on Gnome. Use QT_QPA_PLATFORM=wayland to run on Wayland anyway.
2025-03-04 18:53:34.161 Port 8501 is already in use
2025-03-04 18:53:34.852 Port 8501 is already in use
2025-03-04 18:53:42.157 Port 8501 is already in use
2025-03-04 18:53:42.759 Port 8501 is already in use
xiAPI: WorkerThread is down: ret 0
xiAPI: xiCloseDevice
xiAPI: DisableSensor
xiAPI: DisableDevice
xiAPI: deleting camera context: dwID=26270971, ptr=9588c000 processID=0000431E
Guardado: /home/alonso/Desktop/2025-03-04_18-53-31_RGB/RGB_18-53-35.png y /home/alonso/Desktop/2025-03-04_18-53-31_TIFF/RAW_18-53-35.tiff
Guardado: /home/alonso/Desktop/2025-03-04_18-53-31_RGB/RGB_18-53-37.png y /home/alonso/Desktop/2025-03-04_18-53-31_TIFF/RAW_18-53-37.tiff
Guardado: /home/alonso/Desktop/2025-03-04_18-53-31_RGB/RGB_18-53-39.png y /home/alonso/Desktop/2025-03-04_18-53-31_TIFF/RAW_18-53-39.tiff
Guardado: /home/alonso/Desktop/2025-03-04_18-53-31_RGB/RGB_18-53-41.png y /home/alonso/Desktop/2025-03-04_18-53-31_TIFF/RAW_18-53-41.tiff
Guardado: /home/alonso/Desktop/2025-03-04_18-53-31_RGB/RGB_18-53-43.png y /home/alonso/Desktop/2025-03-04_18-53-31_TIFF/RAW_18-53-43.tiff
Guardado: /home/alonso/Desktop/2025-03-04_18-53-31_RGB/RGB_18-53-45.png y /home/alonso/Desktop/2025-03-04_18-53-31_TIFF/RAW_18-53-45.tiff
Guardado: /home/alonso/Desktop/2025-03-04_18-53-31_RGB/RGB_18-53-47.png y /home/alonso/Desktop/2025-03-04_18-53-31_TIFF/RAW_18-53-47.tiff
2025-03-04 18:53:50.162 Port 8501 is already in use
2025-03-04 18:53:50.773 Port 8501 is already in use
2025-03-04 18:53:58.250 Port 8501 is already in use
2025-03-04 18:53:58.996 Port 8501 is already in use
2025-03-04 18:54:06.313 Port 8501 is already in use
2025-03-04 18:54:07.004 Port 8501 is already in use
2025-03-04 18:54:14.315 Port 8501 is already in use
2025-03-04 18:54:14.934 Port 8501 is already in use
2025-03-04 18:54:22.443 Port 8501 is already in use
2025-03-04 18:54:23.089 Port 8501 is already in use
2025-03-04 18:54:30.495 Port 8501 is already in use
2025-03-04 18:54:31.134 Port 8501 is already in use
2025-03-04 18:54:38.543 Port 8501 is already in use
2025-03-04 18:54:39.116 Port 8501 is already in use
2025-03-04 18:54:46.603 Port 8501 is already in use
2025-03-04 18:54:47.172 Port 8501 is already in use
2025-03-04 18:54:54.700 Port 8501 is already in use
2025-03-04 18:54:55.238 Port 8501 is already in use
2025-03-04 18:55:02.674 Port 8501 is already in use
2025-03-04 18:55:03.263 Port 8501 is already in use
2025-03-04 18:55:10.761 Port 8501 is already in use
2025-03-04 18:55:11.310 Port 8501 is already in use
2025-03-04 18:55:18.812 Port 8501 is already in use
2025-03-04 18:55:19.403 Port 8501 is already in use
2025-03-04 18:55:26.888 Port 8501 is already in use
2025-03-04 18:55:27.440 Port 8501 is already in use
xiAPI: ---- xiOpenDevice API:V4.29.17.00 started ----
xiAPI: XIMEA Camera API V4.29.17.00
xiAPI: Adding camera context: dwID=26270971  ptr=7168C000 processID=0000454C
xiAPI: Create handles 1 Process 0000454C
xiAPI: FindModelnfoAltInDevAltXml searching... for model info from dev-alt.xml SN:
xiAPI: FindModelnfoAltInDevAltXml searching... for model info from dev-alt.xml SN:
xiAPI: xiOpenDevice - legacy SN used for identification 26270971
xiAPI: Enable sensor
xiAPI: OK retrains 0
xiAPI: xiReadFileFFS 'SensFPNCorrections' not found
xiAPI: ScmCorrectorA::LoadAndParseConfigurationFile Warning: file SensFPNCorrections not found
xiAPI: xiReadFileFFS 'SensFPNCorrections' not found
xiAPI: ScmCorrectorA::LoadAndParseConfigurationFile Warning: file SensFPNCorrections not found
xiAPI: Sensor SetExposure freq=48MHz exp=0us regexp=x1
xiAPI: Bad Pixel List file 'mmf1/bad_pixel_list.txt' not found
xiAPI: Sensor SetExposure freq=48MHz exp=0us regexp=x1
xiAPI: AutoSetBandwidth measurement
xiAPI: CalculateResources : Context 7168C000 ID 26270971 m_maxBytes=1024 m_maxBufferSize=1048576
xiAPI: AutoSetBandwidth measured 3617Mbps. Safe margin 10% will be used.
xiAPI: Current bandwidth limit auto-set to 3255 Mbps (min:80Mbps,max:3617Mbps)
xiAPI: Sensor SetExposure freq=48MHz exp=16us regexp=x1
xiAPI: Sensor SetExposure freq=48MHz exp=16us regexp=x1
xiAPI: ---- Device opened. Model:MQ022HG-IM-SM4X4-VIS3 SN:26270971 FwF1: API:V4.29.17.00 ----
xiAPI: Sensor SetExposure freq=48MHz exp=30000us regexp=x2B96
xiAPI: Sensor SetExposure freq=48MHz exp=29998us regexp=x2B96
xiAPI: CalculateResources : Context 7168C000 ID 26270971 m_maxBytes=1024 m_maxBufferSize=1048576
xiAPI: StartVideoStream
xiAPI: WorkerThread is up
Warning: Ignoring XDG_SESSION_TYPE=wayland on Gnome. Use QT_QPA_PLATFORM=wayland to run on Wayland anyway.
2025-03-04 18:55:34.984 Port 8501 is already in use
2025-03-04 18:55:35.536 Port 8501 is already in use
xiAPI: WorkerThread is down: ret 0
xiAPI: xiCloseDevice
xiAPI: DisableSensor
xiAPI: DisableDevice
xiAPI: deleting camera context: dwID=26270971, ptr=7168c000 processID=0000454C
Guardado: /home/alonso/Desktop/2025-03-04_18-55-27_RGB/RGB_18-55-31.png y /home/alonso/Desktop/2025-03-04_18-55-27_TIFF/RAW_18-55-31.tiff
Guardado: /home/alonso/Desktop/2025-03-04_18-55-27_RGB/RGB_18-55-33.png y /home/alonso/Desktop/2025-03-04_18-55-27_TIFF/RAW_18-55-33.tiff
Guardado: /home/alonso/Desktop/2025-03-04_18-55-27_RGB/RGB_18-55-35.png y /home/alonso/Desktop/2025-03-04_18-55-27_TIFF/RAW_18-55-35.tiff
2025-03-04 18:55:43.027 Port 8501 is already in use
2025-03-04 18:55:43.540 Port 8501 is already in use
xiAPI: ---- xiOpenDevice API:V4.29.17.00 started ----
xiAPI: XIMEA Camera API V4.29.17.00
xiAPI: Adding camera context: dwID=26270971  ptr=42157000 processID=00004606
xiAPI: Create handles 1 Process 00004606
xiAPI: FindModelnfoAltInDevAltXml searching... for model info from dev-alt.xml SN:
xiAPI: FindModelnfoAltInDevAltXml searching... for model info from dev-alt.xml SN:
xiAPI: xiOpenDevice - legacy SN used for identification 26270971
xiAPI: Enable sensor
xiAPI: OK retrains 0
xiAPI: xiReadFileFFS 'SensFPNCorrections' not found
xiAPI: ScmCorrectorA::LoadAndParseConfigurationFile Warning: file SensFPNCorrections not found
xiAPI: xiReadFileFFS 'SensFPNCorrections' not found
xiAPI: ScmCorrectorA::LoadAndParseConfigurationFile Warning: file SensFPNCorrections not found
xiAPI: Sensor SetExposure freq=48MHz exp=0us regexp=x1
xiAPI: Bad Pixel List file 'mmf1/bad_pixel_list.txt' not found
xiAPI: Sensor SetExposure freq=48MHz exp=0us regexp=x1
xiAPI: AutoSetBandwidth measurement
xiAPI: CalculateResources : Context 42157000 ID 26270971 m_maxBytes=1024 m_maxBufferSize=1048576
xiAPI: AutoSetBandwidth measured 3617Mbps. Safe margin 10% will be used.
xiAPI: Current bandwidth limit auto-set to 3255 Mbps (min:80Mbps,max:3617Mbps)
xiAPI: Sensor SetExposure freq=48MHz exp=16us regexp=x1
xiAPI: Sensor SetExposure freq=48MHz exp=16us regexp=x1
xiAPI: ---- Device opened. Model:MQ022HG-IM-SM4X4-VIS3 SN:26270971 FwF1: API:V4.29.17.00 ----
xiAPI: Sensor SetExposure freq=48MHz exp=30000us regexp=x2B96
xiAPI: Sensor SetExposure freq=48MHz exp=29998us regexp=x2B96
xiAPI: CalculateResources : Context 42157000 ID 26270971 m_maxBytes=1024 m_maxBufferSize=1048576
xiAPI: StartVideoStream
xiAPI: WorkerThread is up
Warning: Ignoring XDG_SESSION_TYPE=wayland on Gnome. Use QT_QPA_PLATFORM=wayland to run on Wayland anyway.
2025-03-04 18:55:51.119 Port 8501 is already in use
2025-03-04 18:55:51.709 Port 8501 is already in use
xiAPI: WorkerThread is down: ret 0
xiAPI: xiCloseDevice
xiAPI: DisableSensor
xiAPI: DisableDevice
xiAPI: deleting camera context: dwID=26270971, ptr=42157000 processID=00004606
Guardado: /home/alonso/Desktop/2025-03-04_18-55-46_RGB/RGB_18-55-50.png y /home/alonso/Desktop/2025-03-04_18-55-46_TIFF/RAW_18-55-50.tiff
Guardado: /home/alonso/Desktop/2025-03-04_18-55-46_RGB/RGB_18-55-52.png y /home/alonso/Desktop/2025-03-04_18-55-46_TIFF/RAW_18-55-52.tiff
Guardado: /home/alonso/Desktop/2025-03-04_18-55-46_RGB/RGB_18-55-54.png y /home/alonso/Desktop/2025-03-04_18-55-46_TIFF/RAW_18-55-54.tiff
Guardado: /home/alonso/Desktop/2025-03-04_18-55-46_RGB/RGB_18-55-56.png y /home/alonso/Desktop/2025-03-04_18-55-46_TIFF/RAW_18-55-56.tiff
2025-03-04 18:55:59.125 Port 8501 is already in use
2025-03-04 18:55:59.682 Port 8501 is already in use
2025-03-04 18:56:07.128 Port 8501 is already in use
2025-03-04 18:56:07.771 Port 8501 is already in use
xiAPI: ---- xiOpenDevice API:V4.29.17.00 started ----
xiAPI: XIMEA Camera API V4.29.17.00
xiAPI: Adding camera context: dwID=26270971  ptr=78EB5000 processID=00004700
xiAPI: Create handles 1 Process 00004700
xiAPI: FindModelnfoAltInDevAltXml searching... for model info from dev-alt.xml SN:
xiAPI: FindModelnfoAltInDevAltXml searching... for model info from dev-alt.xml SN:
xiAPI: xiOpenDevice - legacy SN used for identification 26270971
xiAPI: Enable sensor
xiAPI: OK retrains 0
xiAPI: xiReadFileFFS 'SensFPNCorrections' not found
xiAPI: ScmCorrectorA::LoadAndParseConfigurationFile Warning: file SensFPNCorrections not found
xiAPI: xiReadFileFFS 'SensFPNCorrections' not found
xiAPI: ScmCorrectorA::LoadAndParseConfigurationFile Warning: file SensFPNCorrections not found
xiAPI: Sensor SetExposure freq=48MHz exp=0us regexp=x1
xiAPI: Bad Pixel List file 'mmf1/bad_pixel_list.txt' not found
xiAPI: Sensor SetExposure freq=48MHz exp=0us regexp=x1
xiAPI: AutoSetBandwidth measurement
xiAPI: CalculateResources : Context 78EB5000 ID 26270971 m_maxBytes=1024 m_maxBufferSize=1048576
xiAPI: AutoSetBandwidth measured 3617Mbps. Safe margin 10% will be used.
xiAPI: Current bandwidth limit auto-set to 3255 Mbps (min:80Mbps,max:3617Mbps)
xiAPI: Sensor SetExposure freq=48MHz exp=16us regexp=x1
xiAPI: Sensor SetExposure freq=48MHz exp=16us regexp=x1
xiAPI: ---- Device opened. Model:MQ022HG-IM-SM4X4-VIS3 SN:26270971 FwF1: API:V4.29.17.00 ----
xiAPI: Sensor SetExposure freq=48MHz exp=30000us regexp=x2B96
xiAPI: Sensor SetExposure freq=48MHz exp=29998us regexp=x2B96
xiAPI: CalculateResources : Context 78EB5000 ID 26270971 m_maxBytes=1024 m_maxBufferSize=1048576
xiAPI: StartVideoStream
xiAPI: WorkerThread is up
Warning: Ignoring XDG_SESSION_TYPE=wayland on Gnome. Use QT_QPA_PLATFORM=wayland to run on Wayland anyway.
2025-03-04 18:56:15.326 Port 8501 is already in use
2025-03-04 18:56:15.845 Port 8501 is already in use
xiAPI: WorkerThread is down: ret 0
xiAPI: xiCloseDevice
xiAPI: DisableSensor
xiAPI: DisableDevice
xiAPI: deleting camera context: dwID=26270971, ptr=78eb5000 processID=00004700
Guardado: /home/alonso/Desktop/2025-03-04_18-56-12_RGB/RGB_18-56-16.png y /home/alonso/Desktop/2025-03-04_18-56-12_TIFF/RAW_18-56-16.tiff
2025-03-04 18:56:23.252 Port 8501 is already in use
2025-03-04 18:56:23.836 Port 8501 is already in use
2025-03-04 18:56:31.319 Port 8501 is already in use
2025-03-04 18:56:31.889 Port 8501 is already in use
2025-03-04 18:56:39.557 Port 8501 is already in use
2025-03-04 18:56:40.027 Port 8501 is already in use
xiAPI: ---- xiOpenDevice API:V4.29.17.00 started ----
xiAPI: XIMEA Camera API V4.29.17.00
xiAPI: Adding camera context: dwID=26270971  ptr=9E08C000 processID=00004813
xiAPI: Create handles 1 Process 00004813
xiAPI: FindModelnfoAltInDevAltXml searching... for model info from dev-alt.xml SN:
xiAPI: FindModelnfoAltInDevAltXml searching... for model info from dev-alt.xml SN:
xiAPI: xiOpenDevice - legacy SN used for identification 26270971
xiAPI: Enable sensor
xiAPI: OK retrains 0
xiAPI: xiReadFileFFS 'SensFPNCorrections' not found
xiAPI: ScmCorrectorA::LoadAndParseConfigurationFile Warning: file SensFPNCorrections not found
xiAPI: xiReadFileFFS 'SensFPNCorrections' not found
xiAPI: ScmCorrectorA::LoadAndParseConfigurationFile Warning: file SensFPNCorrections not found
xiAPI: Sensor SetExposure freq=48MHz exp=0us regexp=x1
xiAPI: Bad Pixel List file 'mmf1/bad_pixel_list.txt' not found
xiAPI: Sensor SetExposure freq=48MHz exp=0us regexp=x1
xiAPI: AutoSetBandwidth measurement
xiAPI: CalculateResources : Context 9E08C000 ID 26270971 m_maxBytes=1024 m_maxBufferSize=1048576
xiAPI: AutoSetBandwidth measured 3613Mbps. Safe margin 10% will be used.
xiAPI: Current bandwidth limit auto-set to 3251 Mbps (min:80Mbps,max:3613Mbps)
xiAPI: Sensor SetExposure freq=48MHz exp=16us regexp=x1
xiAPI: Sensor SetExposure freq=48MHz exp=16us regexp=x1
xiAPI: ---- Device opened. Model:MQ022HG-IM-SM4X4-VIS3 SN:26270971 FwF1: API:V4.29.17.00 ----
xiAPI: Sensor SetExposure freq=48MHz exp=30000us regexp=x2B96
xiAPI: Sensor SetExposure freq=48MHz exp=29998us regexp=x2B96
xiAPI: CalculateResources : Context 9E08C000 ID 26270971 m_maxBytes=1024 m_maxBufferSize=1048576
xiAPI: StartVideoStream
xiAPI: WorkerThread is up
Warning: Ignoring XDG_SESSION_TYPE=wayland on Gnome. Use QT_QPA_PLATFORM=wayland to run on Wayland anyway.
2025-03-04 18:56:47.474 Port 8501 is already in use
2025-03-04 18:56:48.024 Port 8501 is already in use
xiAPI: WorkerThread is down: ret 0
xiAPI: xiCloseDevice
xiAPI: DisableSensor
xiAPI: DisableDevice
xiAPI: deleting camera context: dwID=26270971, ptr=9e08c000 processID=00004813
Guardado: /home/alonso/Desktop/2025-03-04_18-56-43_RGB/RGB_18-56-47.png y /home/alonso/Desktop/2025-03-04_18-56-43_TIFF/RAW_18-56-47.tiff
2025-03-04 18:56:55.516 Port 8501 is already in use
No se seleccionó ninguna carpeta. Saliendo...
2025-03-04 18:56:56.095 Port 8501 is already in use
2025-03-04 18:57:03.538 Port 8501 is already in use
2025-03-04 18:57:04.117 Port 8501 is already in use
xiAPI: ---- xiOpenDevice API:V4.29.17.00 started ----
xiAPI: XIMEA Camera API V4.29.17.00
xiAPI: Adding camera context: dwID=26270971  ptr=5E0F9000 processID=000048BF
xiAPI: Create handles 1 Process 000048BF
xiAPI: FindModelnfoAltInDevAltXml searching... for model info from dev-alt.xml SN:
xiAPI: FindModelnfoAltInDevAltXml searching... for model info from dev-alt.xml SN:
xiAPI: xiOpenDevice - legacy SN used for identification 26270971
xiAPI: Enable sensor
xiAPI: OK retrains 0
xiAPI: xiReadFileFFS 'SensFPNCorrections' not found
xiAPI: ScmCorrectorA::LoadAndParseConfigurationFile Warning: file SensFPNCorrections not found
xiAPI: xiReadFileFFS 'SensFPNCorrections' not found
xiAPI: ScmCorrectorA::LoadAndParseConfigurationFile Warning: file SensFPNCorrections not found
xiAPI: Sensor SetExposure freq=48MHz exp=0us regexp=x1
xiAPI: Bad Pixel List file 'mmf1/bad_pixel_list.txt' not found
xiAPI: Sensor SetExposure freq=48MHz exp=0us regexp=x1
xiAPI: AutoSetBandwidth measurement
xiAPI: CalculateResources : Context 5E0F9000 ID 26270971 m_maxBytes=1024 m_maxBufferSize=1048576
xiAPI: AutoSetBandwidth measured 3617Mbps. Safe margin 10% will be used.
xiAPI: Current bandwidth limit auto-set to 3255 Mbps (min:80Mbps,max:3617Mbps)
xiAPI: Sensor SetExposure freq=48MHz exp=16us regexp=x1
xiAPI: Sensor SetExposure freq=48MHz exp=16us regexp=x1
xiAPI: ---- Device opened. Model:MQ022HG-IM-SM4X4-VIS3 SN:26270971 FwF1: API:V4.29.17.00 ----
xiAPI: Sensor SetExposure freq=48MHz exp=30000us regexp=x2B96
xiAPI: Sensor SetExposure freq=48MHz exp=29998us regexp=x2B96
xiAPI: CalculateResources : Context 5E0F9000 ID 26270971 m_maxBytes=1024 m_maxBufferSize=1048576
xiAPI: StartVideoStream
xiAPI: WorkerThread is up
Warning: Ignoring XDG_SESSION_TYPE=wayland on Gnome. Use QT_QPA_PLATFORM=wayland to run on Wayland anyway.
2025-03-04 18:57:11.666 Port 8501 is already in use
2025-03-04 18:57:12.280 Port 8501 is already in use
2025-03-04 18:57:19.724 Port 8501 is already in use
2025-03-04 18:57:20.377 Port 8501 is already in use
2025-03-04 18:57:27.766 Port 8501 is already in use
2025-03-04 18:57:28.437 Port 8501 is already in use
2025-03-04 18:57:35.861 Port 8501 is already in use
2025-03-04 18:57:36.497 Port 8501 is already in use
2025-03-04 18:57:43.909 Port 8501 is already in use
2025-03-04 18:57:44.569 Port 8501 is already in use
2025-03-04 18:57:51.985 Port 8501 is already in use
2025-03-04 18:57:52.597 Port 8501 is already in use
2025-03-04 18:58:00.063 Port 8501 is already in use
2025-03-04 18:58:00.648 Port 8501 is already in use
2025-03-04 18:58:08.111 Port 8501 is already in use
2025-03-04 18:58:08.753 Port 8501 is already in use
2025-03-04 18:58:16.212 Port 8501 is already in use
2025-03-04 18:58:16.795 Port 8501 is already in use
2025-03-04 18:58:24.251 Port 8501 is already in use
2025-03-04 18:58:24.844 Port 8501 is already in use
2025-03-04 18:58:32.500 Port 8501 is already in use
2025-03-04 18:58:32.983 Port 8501 is already in use
2025-03-04 18:58:40.364 Port 8501 is already in use
2025-03-04 18:58:40.944 Port 8501 is already in use
2025-03-04 18:58:48.524 Port 8501 is already in use
2025-03-04 18:58:49.028 Port 8501 is already in use
xiAPI: WorkerThread is down: ret 0
xiAPI: xiCloseDevice
xiAPI: DisableSensor
xiAPI: DisableDevice
xiAPI: deleting camera context: dwID=26270971, ptr=5e0f9000 processID=000048BF
Guardado: /home/alonso/Desktop/2025-03-04_18-57-04_RGB/RGB_18-57-08.png y /home/alonso/Desktop/2025-03-04_18-57-04_TIFF/RAW_18-57-08.tiff
Guardado: /home/alonso/Desktop/2025-03-04_18-57-04_RGB/RGB_18-57-10.png y /home/alonso/Desktop/2025-03-04_18-57-04_TIFF/RAW_18-57-10.tiff
Guardado: /home/alonso/Desktop/2025-03-04_18-57-04_RGB/RGB_18-57-12.png y /home/alonso/Desktop/2025-03-04_18-57-04_TIFF/RAW_18-57-12.tiff
Guardado: /home/alonso/Desktop/2025-03-04_18-57-04_RGB/RGB_18-57-14.png y /home/alonso/Desktop/2025-03-04_18-57-04_TIFF/RAW_18-57-14.tiff
Guardado: /home/alonso/Desktop/2025-03-04_18-57-04_RGB/RGB_18-57-16.png y /home/alonso/Desktop/2025-03-04_18-57-04_TIFF/RAW_18-57-16.tiff
Guardado: /home/alonso/Desktop/2025-03-04_18-57-04_RGB/RGB_18-57-18.png y /home/alonso/Desktop/2025-03-04_18-57-04_TIFF/RAW_18-57-18.tiff
Guardado: /home/alonso/Desktop/2025-03-04_18-57-04_RGB/RGB_18-57-20.png y /home/alonso/Desktop/2025-03-04_18-57-04_TIFF/RAW_18-57-20.tiff
Guardado: /home/alonso/Desktop/2025-03-04_18-57-04_RGB/RGB_18-57-22.png y /home/alonso/Desktop/2025-03-04_18-57-04_TIFF/RAW_18-57-22.tiff
Guardado: /home/alonso/Desktop/2025-03-04_18-57-04_RGB/RGB_18-57-24.png y /home/alonso/Desktop/2025-03-04_18-57-04_TIFF/RAW_18-57-24.tiff
Guardado: /home/alonso/Desktop/2025-03-04_18-57-04_RGB/RGB_18-57-26.png y /home/alonso/Desktop/2025-03-04_18-57-04_TIFF/RAW_18-57-26.tiff
Guardado: /home/alonso/Desktop/2025-03-04_18-57-04_RGB/RGB_18-57-28.png y /home/alonso/Desktop/2025-03-04_18-57-04_TIFF/RAW_18-57-28.tiff
Guardado: /home/alonso/Desktop/2025-03-04_18-57-04_RGB/RGB_18-57-30.png y /home/alonso/Desktop/2025-03-04_18-57-04_TIFF/RAW_18-57-30.tiff
Guardado: /home/alonso/Desktop/2025-03-04_18-57-04_RGB/RGB_18-57-32.png y /home/alonso/Desktop/2025-03-04_18-57-04_TIFF/RAW_18-57-32.tiff
Guardado: /home/alonso/Desktop/2025-03-04_18-57-04_RGB/RGB_18-57-34.png y /home/alonso/Desktop/2025-03-04_18-57-04_TIFF/RAW_18-57-34.tiff
Guardado: /home/alonso/Desktop/2025-03-04_18-57-04_RGB/RGB_18-57-36.png y /home/alonso/Desktop/2025-03-04_18-57-04_TIFF/RAW_18-57-36.tiff
Guardado: /home/alonso/Desktop/2025-03-04_18-57-04_RGB/RGB_18-57-38.png y /home/alonso/Desktop/2025-03-04_18-57-04_TIFF/RAW_18-57-38.tiff
Guardado: /home/alonso/Desktop/2025-03-04_18-57-04_RGB/RGB_18-57-40.png y /home/alonso/Desktop/2025-03-04_18-57-04_TIFF/RAW_18-57-40.tiff
Guardado: /home/alonso/Desktop/2025-03-04_18-57-04_RGB/RGB_18-57-42.png y /home/alonso/Desktop/2025-03-04_18-57-04_TIFF/RAW_18-57-42.tiff
Guardado: /home/alonso/Desktop/2025-03-04_18-57-04_RGB/RGB_18-57-44.png y /home/alonso/Desktop/2025-03-04_18-57-04_TIFF/RAW_18-57-44.tiff
Guardado: /home/alonso/Desktop/2025-03-04_18-57-04_RGB/RGB_18-57-46.png y /home/alonso/Desktop/2025-03-04_18-57-04_TIFF/RAW_18-57-46.tiff
Guardado: /home/alonso/Desktop/2025-03-04_18-57-04_RGB/RGB_18-57-48.png y /home/alonso/Desktop/2025-03-04_18-57-04_TIFF/RAW_18-57-48.tiff
Guardado: /home/alonso/Desktop/2025-03-04_18-57-04_RGB/RGB_18-57-50.png y /home/alonso/Desktop/2025-03-04_18-57-04_TIFF/RAW_18-57-50.tiff
Guardado: /home/alonso/Desktop/2025-03-04_18-57-04_RGB/RGB_18-57-52.png y /home/alonso/Desktop/2025-03-04_18-57-04_TIFF/RAW_18-57-52.tiff
Guardado: /home/alonso/Desktop/2025-03-04_18-57-04_RGB/RGB_18-57-54.png y /home/alonso/Desktop/2025-03-04_18-57-04_TIFF/RAW_18-57-54.tiff
Guardado: /home/alonso/Desktop/2025-03-04_18-57-04_RGB/RGB_18-57-56.png y /home/alonso/Desktop/2025-03-04_18-57-04_TIFF/RAW_18-57-56.tiff
Guardado: /home/alonso/Desktop/2025-03-04_18-57-04_RGB/RGB_18-57-58.png y /home/alonso/Desktop/2025-03-04_18-57-04_TIFF/RAW_18-57-58.tiff
Guardado: /home/alonso/Desktop/2025-03-04_18-57-04_RGB/RGB_18-58-00.png y /home/alonso/Desktop/2025-03-04_18-57-04_TIFF/RAW_18-58-00.tiff
Guardado: /home/alonso/Desktop/2025-03-04_18-57-04_RGB/RGB_18-58-02.png y /home/alonso/Desktop/2025-03-04_18-57-04_TIFF/RAW_18-58-02.tiff
Guardado: /home/alonso/Desktop/2025-03-04_18-57-04_RGB/RGB_18-58-04.png y /home/alonso/Desktop/2025-03-04_18-57-04_TIFF/RAW_18-58-04.tiff
Guardado: /home/alonso/Desktop/2025-03-04_18-57-04_RGB/RGB_18-58-06.png y /home/alonso/Desktop/2025-03-04_18-57-04_TIFF/RAW_18-58-06.tiff
Guardado: /home/alonso/Desktop/2025-03-04_18-57-04_RGB/RGB_18-58-08.png y /home/alonso/Desktop/2025-03-04_18-57-04_TIFF/RAW_18-58-08.tiff
Guardado: /home/alonso/Desktop/2025-03-04_18-57-04_RGB/RGB_18-58-10.png y /home/alonso/Desktop/2025-03-04_18-57-04_TIFF/RAW_18-58-10.tiff
Guardado: /home/alonso/Desktop/2025-03-04_18-57-04_RGB/RGB_18-58-12.png y /home/alonso/Desktop/2025-03-04_18-57-04_TIFF/RAW_18-58-12.tiff
Guardado: /home/alonso/Desktop/2025-03-04_18-57-04_RGB/RGB_18-58-14.png y /home/alonso/Desktop/2025-03-04_18-57-04_TIFF/RAW_18-58-14.tiff
Guardado: /home/alonso/Desktop/2025-03-04_18-57-04_RGB/RGB_18-58-16.png y /home/alonso/Desktop/2025-03-04_18-57-04_TIFF/RAW_18-58-16.tiff
Guardado: /home/alonso/Desktop/2025-03-04_18-57-04_RGB/RGB_18-58-18.png y /home/alonso/Desktop/2025-03-04_18-57-04_TIFF/RAW_18-58-18.tiff
Guardado: /home/alonso/Desktop/2025-03-04_18-57-04_RGB/RGB_18-58-20.png y /home/alonso/Desktop/2025-03-04_18-57-04_TIFF/RAW_18-58-20.tiff
Guardado: /home/alonso/Desktop/2025-03-04_18-57-04_RGB/RGB_18-58-22.png y /home/alonso/Desktop/2025-03-04_18-57-04_TIFF/RAW_18-58-22.tiff
Guardado: /home/alonso/Desktop/2025-03-04_18-57-04_RGB/RGB_18-58-24.png y /home/alonso/Desktop/2025-03-04_18-57-04_TIFF/RAW_18-58-24.tiff
Guardado: /home/alonso/Desktop/2025-03-04_18-57-04_RGB/RGB_18-58-26.png y /home/alonso/Desktop/2025-03-04_18-57-04_TIFF/RAW_18-58-26.tiff
Guardado: /home/alonso/Desktop/2025-03-04_18-57-04_RGB/RGB_18-58-28.png y /home/alonso/Desktop/2025-03-04_18-57-04_TIFF/RAW_18-58-28.tiff
Guardado: /home/alonso/Desktop/2025-03-04_18-57-04_RGB/RGB_18-58-30.png y /home/alonso/Desktop/2025-03-04_18-57-04_TIFF/RAW_18-58-30.tiff
Guardado: /home/alonso/Desktop/2025-03-04_18-57-04_RGB/RGB_18-58-32.png y /home/alonso/Desktop/2025-03-04_18-57-04_TIFF/RAW_18-58-32.tiff
Guardado: /home/alonso/Desktop/2025-03-04_18-57-04_RGB/RGB_18-58-34.png y /home/alonso/Desktop/2025-03-04_18-57-04_TIFF/RAW_18-58-34.tiff
Guardado: /home/alonso/Desktop/2025-03-04_18-57-04_RGB/RGB_18-58-36.png y /home/alonso/Desktop/2025-03-04_18-57-04_TIFF/RAW_18-58-36.tiff
Guardado: /home/alonso/Desktop/2025-03-04_18-57-04_RGB/RGB_18-58-38.png y /home/alonso/Desktop/2025-03-04_18-57-04_TIFF/RAW_18-58-38.tiff
Guardado: /home/alonso/Desktop/2025-03-04_18-57-04_RGB/RGB_18-58-40.png y /home/alonso/Desktop/2025-03-04_18-57-04_TIFF/RAW_18-58-40.tiff
Guardado: /home/alonso/Desktop/2025-03-04_18-57-04_RGB/RGB_18-58-42.png y /home/alonso/Desktop/2025-03-04_18-57-04_TIFF/RAW_18-58-42.tiff
Guardado: /home/alonso/Desktop/2025-03-04_18-57-04_RGB/RGB_18-58-44.png y /home/alonso/Desktop/2025-03-04_18-57-04_TIFF/RAW_18-58-44.tiff
Guardado: /home/alonso/Desktop/2025-03-04_18-57-04_RGB/RGB_18-58-46.png y /home/alonso/Desktop/2025-03-04_18-57-04_TIFF/RAW_18-58-46.tiff
Guardado: /home/alonso/Desktop/2025-03-04_18-57-04_RGB/RGB_18-58-49.png y /home/alonso/Desktop/2025-03-04_18-57-04_TIFF/RAW_18-58-49.tiff
Guardado: /home/alonso/Desktop/2025-03-04_18-57-04_RGB/RGB_18-58-51.png y /home/alonso/Desktop/2025-03-04_18-57-04_TIFF/RAW_18-58-51.tiff
Guardado: /home/alonso/Desktop/2025-03-04_18-57-04_RGB/RGB_18-58-53.png y /home/alonso/Desktop/2025-03-04_18-57-04_TIFF/RAW_18-58-53.tiff
Guardado: /home/alonso/Desktop/2025-03-04_18-57-04_RGB/RGB_18-58-55.png y /home/alonso/Desktop/2025-03-04_18-57-04_TIFF/RAW_18-58-55.tiff
2025-03-04 18:58:56.419 Port 8501 is already in use
2025-03-04 18:58:57.106 Port 8501 is already in use
xiAPI: ---- xiOpenDevice API:V4.29.17.00 started ----
xiAPI: XIMEA Camera API V4.29.17.00
xiAPI: Adding camera context: dwID=26270971  ptr=03B57000 processID=00004DCF
xiAPI: Create handles 1 Process 00004DCF
xiAPI: FindModelnfoAltInDevAltXml searching... for model info from dev-alt.xml SN:
xiAPI: FindModelnfoAltInDevAltXml searching... for model info from dev-alt.xml SN:
xiAPI: xiOpenDevice - legacy SN used for identification 26270971
xiAPI: Enable sensor
xiAPI: OK retrains 0
xiAPI: xiReadFileFFS 'SensFPNCorrections' not found
xiAPI: ScmCorrectorA::LoadAndParseConfigurationFile Warning: file SensFPNCorrections not found
xiAPI: xiReadFileFFS 'SensFPNCorrections' not found
xiAPI: ScmCorrectorA::LoadAndParseConfigurationFile Warning: file SensFPNCorrections not found
xiAPI: Sensor SetExposure freq=48MHz exp=0us regexp=x1
xiAPI: Bad Pixel List file 'mmf1/bad_pixel_list.txt' not found
xiAPI: Sensor SetExposure freq=48MHz exp=0us regexp=x1
xiAPI: AutoSetBandwidth measurement
xiAPI: CalculateResources : Context 03B57000 ID 26270971 m_maxBytes=1024 m_maxBufferSize=1048576
xiAPI: AutoSetBandwidth measured 3617Mbps. Safe margin 10% will be used.
xiAPI: Current bandwidth limit auto-set to 3255 Mbps (min:80Mbps,max:3617Mbps)
xiAPI: Sensor SetExposure freq=48MHz exp=16us regexp=x1
xiAPI: Sensor SetExposure freq=48MHz exp=16us regexp=x1
xiAPI: ---- Device opened. Model:MQ022HG-IM-SM4X4-VIS3 SN:26270971 FwF1: API:V4.29.17.00 ----
xiAPI: Sensor SetExposure freq=48MHz exp=30000us regexp=x2B96
xiAPI: Sensor SetExposure freq=48MHz exp=29998us regexp=x2B96
xiAPI: CalculateResources : Context 03B57000 ID 26270971 m_maxBytes=1024 m_maxBufferSize=1048576
xiAPI: StartVideoStream
xiAPI: WorkerThread is up
Warning: Ignoring XDG_SESSION_TYPE=wayland on Gnome. Use QT_QPA_PLATFORM=wayland to run on Wayland anyway.
2025-03-04 18:59:04.561 Port 8501 is already in use
2025-03-04 18:59:05.106 Port 8501 is already in use
2025-03-04 18:59:12.562 Port 8501 is already in use
2025-03-04 18:59:13.176 Port 8501 is already in use
2025-03-04 18:59:20.616 Port 8501 is already in use
xiAPI: WorkerThread is down: ret 0
xiAPI: xiCloseDevice
xiAPI: DisableSensor
xiAPI: DisableDevice
xiAPI: deleting camera context: dwID=26270971, ptr=03b57000 processID=00004DCF
Guardado: /home/alonso/Desktop/2025-03-04_18-59-01_RGB/RGB_18-59-05.png y /home/alonso/Desktop/2025-03-04_18-59-01_TIFF/RAW_18-59-05.tiff
Guardado: /home/alonso/Desktop/2025-03-04_18-59-01_RGB/RGB_18-59-07.png y /home/alonso/Desktop/2025-03-04_18-59-01_TIFF/RAW_18-59-07.tiff
Guardado: /home/alonso/Desktop/2025-03-04_18-59-01_RGB/RGB_18-59-09.png y /home/alonso/Desktop/2025-03-04_18-59-01_TIFF/RAW_18-59-09.tiff
Guardado: /home/alonso/Desktop/2025-03-04_18-59-01_RGB/RGB_18-59-11.png y /home/alonso/Desktop/2025-03-04_18-59-01_TIFF/RAW_18-59-11.tiff
Guardado: /home/alonso/Desktop/2025-03-04_18-59-01_RGB/RGB_18-59-13.png y /home/alonso/Desktop/2025-03-04_18-59-01_TIFF/RAW_18-59-13.tiff
Guardado: /home/alonso/Desktop/2025-03-04_18-59-01_RGB/RGB_18-59-15.png y /home/alonso/Desktop/2025-03-04_18-59-01_TIFF/RAW_18-59-15.tiff
Guardado: /home/alonso/Desktop/2025-03-04_18-59-01_RGB/RGB_18-59-17.png y /home/alonso/Desktop/2025-03-04_18-59-01_TIFF/RAW_18-59-17.tiff
Guardado: /home/alonso/Desktop/2025-03-04_18-59-01_RGB/RGB_18-59-19.png y /home/alonso/Desktop/2025-03-04_18-59-01_TIFF/RAW_18-59-19.tiff
2025-03-04 18:59:21.225 Port 8501 is already in use
2025-03-04 18:59:28.628 Port 8501 is already in use
2025-03-04 18:59:29.243 Port 8501 is already in use
2025-03-04 18:59:36.714 Port 8501 is already in use
2025-03-04 18:59:37.345 Port 8501 is already in use
xiAPI: ---- xiOpenDevice API:V4.29.17.00 started ----
xiAPI: XIMEA Camera API V4.29.17.00
xiAPI: Adding camera context: dwID=26270971  ptr=33E8C000 processID=00004F64
xiAPI: Create handles 1 Process 00004F64
xiAPI: FindModelnfoAltInDevAltXml searching... for model info from dev-alt.xml SN:
xiAPI: FindModelnfoAltInDevAltXml searching... for model info from dev-alt.xml SN:
xiAPI: xiOpenDevice - legacy SN used for identification 26270971
xiAPI: Enable sensor
xiAPI: OK retrains 0
xiAPI: xiReadFileFFS 'SensFPNCorrections' not found
xiAPI: ScmCorrectorA::LoadAndParseConfigurationFile Warning: file SensFPNCorrections not found
xiAPI: xiReadFileFFS 'SensFPNCorrections' not found
xiAPI: ScmCorrectorA::LoadAndParseConfigurationFile Warning: file SensFPNCorrections not found
xiAPI: Sensor SetExposure freq=48MHz exp=0us regexp=x1
xiAPI: Bad Pixel List file 'mmf1/bad_pixel_list.txt' not found
xiAPI: Sensor SetExposure freq=48MHz exp=0us regexp=x1
xiAPI: AutoSetBandwidth measurement
xiAPI: CalculateResources : Context 33E8C000 ID 26270971 m_maxBytes=1024 m_maxBufferSize=1048576
xiAPI: AutoSetBandwidth measured 3614Mbps. Safe margin 10% will be used.
xiAPI: Current bandwidth limit auto-set to 3252 Mbps (min:80Mbps,max:3614Mbps)
xiAPI: Sensor SetExposure freq=48MHz exp=16us regexp=x1
xiAPI: Sensor SetExposure freq=48MHz exp=16us regexp=x1
xiAPI: ---- Device opened. Model:MQ022HG-IM-SM4X4-VIS3 SN:26270971 FwF1: API:V4.29.17.00 ----
xiAPI: Sensor SetExposure freq=48MHz exp=30000us regexp=x2B96
xiAPI: Sensor SetExposure freq=48MHz exp=29998us regexp=x2B96
xiAPI: CalculateResources : Context 33E8C000 ID 26270971 m_maxBytes=1024 m_maxBufferSize=1048576
xiAPI: StartVideoStream
xiAPI: WorkerThread is up
Warning: Ignoring XDG_SESSION_TYPE=wayland on Gnome. Use QT_QPA_PLATFORM=wayland to run on Wayland anyway.
2025-03-04 18:59:44.767 Port 8501 is already in use
2025-03-04 18:59:45.412 Port 8501 is already in use
2025-03-04 18:59:52.846 Port 8501 is already in use
2025-03-04 18:59:53.470 Port 8501 is already in use
2025-03-04 19:00:00.913 Port 8501 is already in use
2025-03-04 19:00:01.536 Port 8501 is already in use
2025-03-04 19:00:09.117 Port 8501 is already in use
xiAPI: WorkerThread is down: ret 0
xiAPI: xiCloseDevice
xiAPI: DisableSensor
xiAPI: DisableDevice
xiAPI: deleting camera context: dwID=26270971, ptr=33e8c000 processID=00004F64
Guardado: /home/alonso/Desktop/2025-03-04_18-59-40_RGB/RGB_18-59-44.png y /home/alonso/Desktop/2025-03-04_18-59-40_TIFF/RAW_18-59-44.tiff
Guardado: /home/alonso/Desktop/2025-03-04_18-59-40_RGB/RGB_18-59-46.png y /home/alonso/Desktop/2025-03-04_18-59-40_TIFF/RAW_18-59-46.tiff
Guardado: /home/alonso/Desktop/2025-03-04_18-59-40_RGB/RGB_18-59-48.png y /home/alonso/Desktop/2025-03-04_18-59-40_TIFF/RAW_18-59-48.tiff
Guardado: /home/alonso/Desktop/2025-03-04_18-59-40_RGB/RGB_18-59-50.png y /home/alonso/Desktop/2025-03-04_18-59-40_TIFF/RAW_18-59-50.tiff
Guardado: /home/alonso/Desktop/2025-03-04_18-59-40_RGB/RGB_18-59-52.png y /home/alonso/Desktop/2025-03-04_18-59-40_TIFF/RAW_18-59-52.tiff
Guardado: /home/alonso/Desktop/2025-03-04_18-59-40_RGB/RGB_18-59-54.png y /home/alonso/Desktop/2025-03-04_18-59-40_TIFF/RAW_18-59-54.tiff
Guardado: /home/alonso/Desktop/2025-03-04_18-59-40_RGB/RGB_18-59-56.png y /home/alonso/Desktop/2025-03-04_18-59-40_TIFF/RAW_18-59-56.tiff
Guardado: /home/alonso/Desktop/2025-03-04_18-59-40_RGB/RGB_18-59-58.png y /home/alonso/Desktop/2025-03-04_18-59-40_TIFF/RAW_18-59-58.tiff
Guardado: /home/alonso/Desktop/2025-03-04_18-59-40_RGB/RGB_19-00-00.png y /home/alonso/Desktop/2025-03-04_18-59-40_TIFF/RAW_19-00-00.tiff
Guardado: /home/alonso/Desktop/2025-03-04_18-59-40_RGB/RGB_19-00-02.png y /home/alonso/Desktop/2025-03-04_18-59-40_TIFF/RAW_19-00-02.tiff
Guardado: /home/alonso/Desktop/2025-03-04_18-59-40_RGB/RGB_19-00-04.png y /home/alonso/Desktop/2025-03-04_18-59-40_TIFF/RAW_19-00-04.tiff
Guardado: /home/alonso/Desktop/2025-03-04_18-59-40_RGB/RGB_19-00-06.png y /home/alonso/Desktop/2025-03-04_18-59-40_TIFF/RAW_19-00-06.tiff
Guardado: /home/alonso/Desktop/2025-03-04_18-59-40_RGB/RGB_19-00-08.png y /home/alonso/Desktop/2025-03-04_18-59-40_TIFF/RAW_19-00-08.tiff
2025-03-04 19:00:09.625 Port 8501 is already in use
xiAPI: ---- xiOpenDevice API:V4.29.17.00 started ----
xiAPI: XIMEA Camera API V4.29.17.00
xiAPI: Adding camera context: dwID=26270971  ptr=29E2E000 processID=00005120
xiAPI: Create handles 1 Process 00005120
xiAPI: FindModelnfoAltInDevAltXml searching... for model info from dev-alt.xml SN:
xiAPI: FindModelnfoAltInDevAltXml searching... for model info from dev-alt.xml SN:
xiAPI: xiOpenDevice - legacy SN used for identification 26270971
xiAPI: Enable sensor
xiAPI: OK retrains 0
2025-03-04 19:00:17.045 Port 8501 is already in use
xiAPI: xiReadFileFFS 'SensFPNCorrections' not found
xiAPI: ScmCorrectorA::LoadAndParseConfigurationFile Warning: file SensFPNCorrections not found
xiAPI: xiReadFileFFS 'SensFPNCorrections' not found
xiAPI: ScmCorrectorA::LoadAndParseConfigurationFile Warning: file SensFPNCorrections not found
xiAPI: Sensor SetExposure freq=48MHz exp=0us regexp=x1
xiAPI: Bad Pixel List file 'mmf1/bad_pixel_list.txt' not found
xiAPI: Sensor SetExposure freq=48MHz exp=0us regexp=x1
xiAPI: AutoSetBandwidth measurement
xiAPI: CalculateResources : Context 29E2E000 ID 26270971 m_maxBytes=1024 m_maxBufferSize=1048576
2025-03-04 19:00:17.641 Port 8501 is already in use
xiAPI: AutoSetBandwidth measured 3617Mbps. Safe margin 10% will be used.
xiAPI: Current bandwidth limit auto-set to 3255 Mbps (min:80Mbps,max:3617Mbps)
xiAPI: Sensor SetExposure freq=48MHz exp=16us regexp=x1
xiAPI: Sensor SetExposure freq=48MHz exp=16us regexp=x1
xiAPI: ---- Device opened. Model:MQ022HG-IM-SM4X4-VIS3 SN:26270971 FwF1: API:V4.29.17.00 ----
xiAPI: Sensor SetExposure freq=48MHz exp=30000us regexp=x2B96
xiAPI: Sensor SetExposure freq=48MHz exp=29998us regexp=x2B96
xiAPI: CalculateResources : Context 29E2E000 ID 26270971 m_maxBytes=1024 m_maxBufferSize=1048576
xiAPI: StartVideoStream
xiAPI: WorkerThread is up
Warning: Ignoring XDG_SESSION_TYPE=wayland on Gnome. Use QT_QPA_PLATFORM=wayland to run on Wayland anyway.
xiAPI: WorkerThread is down: ret 0
xiAPI: xiCloseDevice
xiAPI: DisableSensor
xiAPI: DisableDevice
xiAPI: deleting camera context: dwID=26270971, ptr=29e2e000 processID=00005120
Guardado: /home/alonso/Desktop/2025-03-04_19-00-16_RGB/RGB_19-00-20.png y /home/alonso/Desktop/2025-03-04_19-00-16_TIFF/RAW_19-00-20.tiff
Guardado: /home/alonso/Desktop/2025-03-04_19-00-16_RGB/RGB_19-00-22.png y /home/alonso/Desktop/2025-03-04_19-00-16_TIFF/RAW_19-00-22.tiff
Guardado: /home/alonso/Desktop/2025-03-04_19-00-16_RGB/RGB_19-00-24.png y /home/alonso/Desktop/2025-03-04_19-00-16_TIFF/RAW_19-00-24.tiff
2025-03-04 19:00:25.092 Port 8501 is already in use
2025-03-04 19:00:25.683 Port 8501 is already in use
2025-03-04 19:00:33.112 Port 8501 is already in use
2025-03-04 19:00:33.740 Port 8501 is already in use
2025-03-04 19:00:41.240 Port 8501 is already in use
2025-03-04 19:00:41.830 Port 8501 is already in use
xiAPI: ---- xiOpenDevice API:V4.29.17.00 started ----
xiAPI: XIMEA Camera API V4.29.17.00
xiAPI: Adding camera context: dwID=26270971  ptr=88AF9000 processID=00005211
xiAPI: Create handles 1 Process 00005211
xiAPI: FindModelnfoAltInDevAltXml searching... for model info from dev-alt.xml SN:
xiAPI: FindModelnfoAltInDevAltXml searching... for model info from dev-alt.xml SN:
xiAPI: xiOpenDevice - legacy SN used for identification 26270971
xiAPI: Enable sensor
xiAPI: OK retrains 0
xiAPI: xiReadFileFFS 'SensFPNCorrections' not found
xiAPI: ScmCorrectorA::LoadAndParseConfigurationFile Warning: file SensFPNCorrections not found
xiAPI: xiReadFileFFS 'SensFPNCorrections' not found
xiAPI: ScmCorrectorA::LoadAndParseConfigurationFile Warning: file SensFPNCorrections not found
xiAPI: Sensor SetExposure freq=48MHz exp=0us regexp=x1
xiAPI: Bad Pixel List file 'mmf1/bad_pixel_list.txt' not found
xiAPI: Sensor SetExposure freq=48MHz exp=0us regexp=x1
xiAPI: AutoSetBandwidth measurement
xiAPI: CalculateResources : Context 88AF9000 ID 26270971 m_maxBytes=1024 m_maxBufferSize=1048576
2025-03-04 19:00:49.274 Port 8501 is already in use
xiAPI: AutoSetBandwidth measured 3614Mbps. Safe margin 10% will be used.
xiAPI: Current bandwidth limit auto-set to 3252 Mbps (min:80Mbps,max:3614Mbps)
xiAPI: Sensor SetExposure freq=48MHz exp=16us regexp=x1
xiAPI: Sensor SetExposure freq=48MHz exp=16us regexp=x1
xiAPI: ---- Device opened. Model:MQ022HG-IM-SM4X4-VIS3 SN:26270971 FwF1: API:V4.29.17.00 ----
xiAPI: Sensor SetExposure freq=48MHz exp=30000us regexp=x2B96
xiAPI: Sensor SetExposure freq=48MHz exp=29998us regexp=x2B96
xiAPI: CalculateResources : Context 88AF9000 ID 26270971 m_maxBytes=1024 m_maxBufferSize=1048576
xiAPI: StartVideoStream
xiAPI: WorkerThread is up
Warning: Ignoring XDG_SESSION_TYPE=wayland on Gnome. Use QT_QPA_PLATFORM=wayland to run on Wayland anyway.
2025-03-04 19:00:50.021 Port 8501 is already in use
xiAPI: WorkerThread is down: ret 0
xiAPI: xiCloseDevice
xiAPI: DisableSensor
xiAPI: DisableDevice
xiAPI: deleting camera context: dwID=26270971, ptr=88af9000 processID=00005211
Guardado: /home/alonso/Desktop/2025-03-04_19-00-47_RGB/RGB_19-00-51.png y /home/alonso/Desktop/2025-03-04_19-00-47_TIFF/RAW_19-00-51.tiff
Guardado: /home/alonso/Desktop/2025-03-04_19-00-47_RGB/RGB_19-00-53.png y /home/alonso/Desktop/2025-03-04_19-00-47_TIFF/RAW_19-00-53.tiff
2025-03-04 19:00:57.335 Port 8501 is already in use
2025-03-04 19:00:57.954 Port 8501 is already in use
2025-03-04 19:01:05.396 Port 8501 is already in use
2025-03-04 19:01:06.061 Port 8501 is already in use
2025-03-04 19:01:13.435 Port 8501 is already in use
2025-03-04 19:01:14.083 Port 8501 is already in use
xiAPI: ---- xiOpenDevice API:V4.29.17.00 started ----
xiAPI: XIMEA Camera API V4.29.17.00
xiAPI: Adding camera context: dwID=26270971  ptr=2D22E000 processID=0000531C
xiAPI: Create handles 1 Process 0000531C
xiAPI: FindModelnfoAltInDevAltXml searching... for model info from dev-alt.xml SN:
xiAPI: FindModelnfoAltInDevAltXml searching... for model info from dev-alt.xml SN:
xiAPI: xiOpenDevice - legacy SN used for identification 26270971
xiAPI: Enable sensor
xiAPI: OK retrains 0
xiAPI: xiReadFileFFS 'SensFPNCorrections' not found
xiAPI: ScmCorrectorA::LoadAndParseConfigurationFile Warning: file SensFPNCorrections not found
xiAPI: xiReadFileFFS 'SensFPNCorrections' not found
xiAPI: ScmCorrectorA::LoadAndParseConfigurationFile Warning: file SensFPNCorrections not found
xiAPI: Sensor SetExposure freq=48MHz exp=0us regexp=x1
xiAPI: Bad Pixel List file 'mmf1/bad_pixel_list.txt' not found
xiAPI: Sensor SetExposure freq=48MHz exp=0us regexp=x1
xiAPI: AutoSetBandwidth measurement
xiAPI: CalculateResources : Context 2D22E000 ID 26270971 m_maxBytes=1024 m_maxBufferSize=1048576
xiAPI: AutoSetBandwidth measured 3617Mbps. Safe margin 10% will be used.
xiAPI: Current bandwidth limit auto-set to 3255 Mbps (min:80Mbps,max:3617Mbps)
xiAPI: Sensor SetExposure freq=48MHz exp=16us regexp=x1
xiAPI: Sensor SetExposure freq=48MHz exp=16us regexp=x1
xiAPI: ---- Device opened. Model:MQ022HG-IM-SM4X4-VIS3 SN:26270971 FwF1: API:V4.29.17.00 ----
xiAPI: Sensor SetExposure freq=48MHz exp=30000us regexp=x2B96
xiAPI: Sensor SetExposure freq=48MHz exp=29998us regexp=x2B96
xiAPI: CalculateResources : Context 2D22E000 ID 26270971 m_maxBytes=1024 m_maxBufferSize=1048576
xiAPI: StartVideoStream
xiAPI: WorkerThread is up
Warning: Ignoring XDG_SESSION_TYPE=wayland on Gnome. Use QT_QPA_PLATFORM=wayland to run on Wayland anyway.
xiAPI: WorkerThread is down: ret 0
xiAPI: xiCloseDevice
xiAPI: DisableSensor
xiAPI: DisableDevice
xiAPI: deleting camera context: dwID=26270971, ptr=2d22e000 processID=0000531C
Guardado: /home/alonso/Desktop/2025-03-04_19-01-14_RGB/RGB_19-01-18.png y /home/alonso/Desktop/2025-03-04_19-01-14_TIFF/RAW_19-01-18.tiff
Guardado: /home/alonso/Desktop/2025-03-04_19-01-14_RGB/RGB_19-01-20.png y /home/alonso/Desktop/2025-03-04_19-01-14_TIFF/RAW_19-01-20.tiff
2025-03-04 19:01:21.568 Port 8501 is already in use
2025-03-04 19:01:22.188 Port 8501 is already in use
2025-03-04 19:01:29.597 Port 8501 is already in use
2025-03-04 19:01:30.220 Port 8501 is already in use
2025-03-04 19:01:37.657 Port 8501 is already in use
2025-03-04 19:01:38.271 Port 8501 is already in use
xiAPI: ---- xiOpenDevice API:V4.29.17.00 started ----
xiAPI: XIMEA Camera API V4.29.17.00
xiAPI: Adding camera context: dwID=26270971  ptr=C51E9000 processID=00005400
xiAPI: Create handles 1 Process 00005400
xiAPI: FindModelnfoAltInDevAltXml searching... for model info from dev-alt.xml SN:
xiAPI: FindModelnfoAltInDevAltXml searching... for model info from dev-alt.xml SN:
xiAPI: xiOpenDevice - legacy SN used for identification 26270971
xiAPI: Enable sensor
xiAPI: OK retrains 0
xiAPI: xiReadFileFFS 'SensFPNCorrections' not found
xiAPI: ScmCorrectorA::LoadAndParseConfigurationFile Warning: file SensFPNCorrections not found
xiAPI: xiReadFileFFS 'SensFPNCorrections' not found
xiAPI: ScmCorrectorA::LoadAndParseConfigurationFile Warning: file SensFPNCorrections not found
xiAPI: Sensor SetExposure freq=48MHz exp=0us regexp=x1
xiAPI: Bad Pixel List file 'mmf1/bad_pixel_list.txt' not found
xiAPI: Sensor SetExposure freq=48MHz exp=0us regexp=x1
xiAPI: AutoSetBandwidth measurement
xiAPI: CalculateResources : Context C51E9000 ID 26270971 m_maxBytes=1024 m_maxBufferSize=1048576
xiAPI: AutoSetBandwidth measured 3617Mbps. Safe margin 10% will be used.
xiAPI: Current bandwidth limit auto-set to 3255 Mbps (min:80Mbps,max:3617Mbps)
xiAPI: Sensor SetExposure freq=48MHz exp=16us regexp=x1
xiAPI: Sensor SetExposure freq=48MHz exp=16us regexp=x1
xiAPI: ---- Device opened. Model:MQ022HG-IM-SM4X4-VIS3 SN:26270971 FwF1: API:V4.29.17.00 ----
xiAPI: Sensor SetExposure freq=48MHz exp=30000us regexp=x2B96
xiAPI: Sensor SetExposure freq=48MHz exp=29998us regexp=x2B96
xiAPI: CalculateResources : Context C51E9000 ID 26270971 m_maxBytes=1024 m_maxBufferSize=1048576
xiAPI: StartVideoStream
xiAPI: WorkerThread is up
Warning: Ignoring XDG_SESSION_TYPE=wayland on Gnome. Use QT_QPA_PLATFORM=wayland to run on Wayland anyway.
2025-03-04 19:01:45.758 Port 8501 is already in use
2025-03-04 19:01:46.360 Port 8501 is already in use
xiAPI: WorkerThread is down: ret 0
xiAPI: xiCloseDevice
xiAPI: DisableSensor
xiAPI: DisableDevice
xiAPI: deleting camera context: dwID=26270971, ptr=c51e9000 processID=00005400
Guardado: /home/alonso/Desktop/2025-03-04_19-01-38_RGB/RGB_19-01-42.png y /home/alonso/Desktop/2025-03-04_19-01-38_TIFF/RAW_19-01-42.tiff
Guardado: /home/alonso/Desktop/2025-03-04_19-01-38_RGB/RGB_19-01-44.png y /home/alonso/Desktop/2025-03-04_19-01-38_TIFF/RAW_19-01-44.tiff
Guardado: /home/alonso/Desktop/2025-03-04_19-01-38_RGB/RGB_19-01-46.png y /home/alonso/Desktop/2025-03-04_19-01-38_TIFF/RAW_19-01-46.tiff
Guardado: /home/alonso/Desktop/2025-03-04_19-01-38_RGB/RGB_19-01-48.png y /home/alonso/Desktop/2025-03-04_19-01-38_TIFF/RAW_19-01-48.tiff
Guardado: /home/alonso/Desktop/2025-03-04_19-01-38_RGB/RGB_19-01-50.png y /home/alonso/Desktop/2025-03-04_19-01-38_TIFF/RAW_19-01-50.tiff
Guardado: /home/alonso/Desktop/2025-03-04_19-01-38_RGB/RGB_19-01-52.png y /home/alonso/Desktop/2025-03-04_19-01-38_TIFF/RAW_19-01-52.tiff
2025-03-04 19:01:53.773 Port 8501 is already in use
2025-03-04 19:01:54.390 Port 8501 is already in use
2025-03-04 19:02:01.845 Port 8501 is already in use
2025-03-04 19:02:02.468 Port 8501 is already in use
2025-03-04 19:02:09.858 Port 8501 is already in use
2025-03-04 19:02:10.534 Port 8501 is already in use
xiAPI: ---- xiOpenDevice API:V4.29.17.00 started ----
xiAPI: XIMEA Camera API V4.29.17.00
xiAPI: Adding camera context: dwID=26270971  ptr=C25E9000 processID=00005522
xiAPI: Create handles 1 Process 00005522
xiAPI: FindModelnfoAltInDevAltXml searching... for model info from dev-alt.xml SN:
xiAPI: FindModelnfoAltInDevAltXml searching... for model info from dev-alt.xml SN:
xiAPI: xiOpenDevice - legacy SN used for identification 26270971
xiAPI: Enable sensor
xiAPI: OK retrains 0
xiAPI: xiReadFileFFS 'SensFPNCorrections' not found
xiAPI: ScmCorrectorA::LoadAndParseConfigurationFile Warning: file SensFPNCorrections not found
xiAPI: xiReadFileFFS 'SensFPNCorrections' not found
xiAPI: ScmCorrectorA::LoadAndParseConfigurationFile Warning: file SensFPNCorrections not found
xiAPI: Sensor SetExposure freq=48MHz exp=0us regexp=x1
xiAPI: Bad Pixel List file 'mmf1/bad_pixel_list.txt' not found
xiAPI: Sensor SetExposure freq=48MHz exp=0us regexp=x1
xiAPI: AutoSetBandwidth measurement
xiAPI: CalculateResources : Context C25E9000 ID 26270971 m_maxBytes=1024 m_maxBufferSize=1048576
xiAPI: AutoSetBandwidth measured 3616Mbps. Safe margin 10% will be used.
xiAPI: Current bandwidth limit auto-set to 3254 Mbps (min:80Mbps,max:3616Mbps)
xiAPI: Sensor SetExposure freq=48MHz exp=16us regexp=x1
xiAPI: Sensor SetExposure freq=48MHz exp=16us regexp=x1
xiAPI: ---- Device opened. Model:MQ022HG-IM-SM4X4-VIS3 SN:26270971 FwF1: API:V4.29.17.00 ----
xiAPI: Sensor SetExposure freq=48MHz exp=30000us regexp=x2B96
xiAPI: Sensor SetExposure freq=48MHz exp=29998us regexp=x2B96
xiAPI: CalculateResources : Context C25E9000 ID 26270971 m_maxBytes=1024 m_maxBufferSize=1048576
xiAPI: StartVideoStream
xiAPI: WorkerThread is up
Warning: Ignoring XDG_SESSION_TYPE=wayland on Gnome. Use QT_QPA_PLATFORM=wayland to run on Wayland anyway.
2025-03-04 19:02:17.955 Port 8501 is already in use
2025-03-04 19:02:18.643 Port 8501 is already in use
2025-03-04 19:02:26.032 Port 8501 is already in use
2025-03-04 19:02:26.717 Port 8501 is already in use
2025-03-04 19:02:34.098 Port 8501 is already in use
2025-03-04 19:02:34.765 Port 8501 is already in use
2025-03-04 19:02:42.194 Port 8501 is already in use
2025-03-04 19:02:42.949 Port 8501 is already in use
2025-03-04 19:02:50.222 Port 8501 is already in use
2025-03-04 19:02:50.924 Port 8501 is already in use
2025-03-04 19:02:58.265 Port 8501 is already in use
2025-03-04 19:02:59.059 Port 8501 is already in use
xiAPI: WorkerThread is down: ret 0
xiAPI: xiCloseDevice
xiAPI: DisableSensor
xiAPI: DisableDevice
xiAPI: deleting camera context: dwID=26270971, ptr=c25e9000 processID=00005522
Guardado: /home/alonso/Desktop/2025-03-04_19-02-11_RGB/RGB_19-02-14.png y /home/alonso/Desktop/2025-03-04_19-02-11_TIFF/RAW_19-02-14.tiff
Guardado: /home/alonso/Desktop/2025-03-04_19-02-11_RGB/RGB_19-02-16.png y /home/alonso/Desktop/2025-03-04_19-02-11_TIFF/RAW_19-02-16.tiff
Guardado: /home/alonso/Desktop/2025-03-04_19-02-11_RGB/RGB_19-02-18.png y /home/alonso/Desktop/2025-03-04_19-02-11_TIFF/RAW_19-02-18.tiff
Guardado: /home/alonso/Desktop/2025-03-04_19-02-11_RGB/RGB_19-02-20.png y /home/alonso/Desktop/2025-03-04_19-02-11_TIFF/RAW_19-02-20.tiff
Guardado: /home/alonso/Desktop/2025-03-04_19-02-11_RGB/RGB_19-02-22.png y /home/alonso/Desktop/2025-03-04_19-02-11_TIFF/RAW_19-02-22.tiff
Guardado: /home/alonso/Desktop/2025-03-04_19-02-11_RGB/RGB_19-02-24.png y /home/alonso/Desktop/2025-03-04_19-02-11_TIFF/RAW_19-02-24.tiff
Guardado: /home/alonso/Desktop/2025-03-04_19-02-11_RGB/RGB_19-02-26.png y /home/alonso/Desktop/2025-03-04_19-02-11_TIFF/RAW_19-02-26.tiff
Guardado: /home/alonso/Desktop/2025-03-04_19-02-11_RGB/RGB_19-02-28.png y /home/alonso/Desktop/2025-03-04_19-02-11_TIFF/RAW_19-02-28.tiff
Guardado: /home/alonso/Desktop/2025-03-04_19-02-11_RGB/RGB_19-02-30.png y /home/alonso/Desktop/2025-03-04_19-02-11_TIFF/RAW_19-02-30.tiff
Guardado: /home/alonso/Desktop/2025-03-04_19-02-11_RGB/RGB_19-02-32.png y /home/alonso/Desktop/2025-03-04_19-02-11_TIFF/RAW_19-02-32.tiff
Guardado: /home/alonso/Desktop/2025-03-04_19-02-11_RGB/RGB_19-02-34.png y /home/alonso/Desktop/2025-03-04_19-02-11_TIFF/RAW_19-02-34.tiff
Guardado: /home/alonso/Desktop/2025-03-04_19-02-11_RGB/RGB_19-02-36.png y /home/alonso/Desktop/2025-03-04_19-02-11_TIFF/RAW_19-02-36.tiff
Guardado: /home/alonso/Desktop/2025-03-04_19-02-11_RGB/RGB_19-02-39.png y /home/alonso/Desktop/2025-03-04_19-02-11_TIFF/RAW_19-02-39.tiff
Guardado: /home/alonso/Desktop/2025-03-04_19-02-11_RGB/RGB_19-02-41.png y /home/alonso/Desktop/2025-03-04_19-02-11_TIFF/RAW_19-02-41.tiff
Guardado: /home/alonso/Desktop/2025-03-04_19-02-11_RGB/RGB_19-02-43.png y /home/alonso/Desktop/2025-03-04_19-02-11_TIFF/RAW_19-02-43.tiff
Guardado: /home/alonso/Desktop/2025-03-04_19-02-11_RGB/RGB_19-02-45.png y /home/alonso/Desktop/2025-03-04_19-02-11_TIFF/RAW_19-02-45.tiff
Guardado: /home/alonso/Desktop/2025-03-04_19-02-11_RGB/RGB_19-02-47.png y /home/alonso/Desktop/2025-03-04_19-02-11_TIFF/RAW_19-02-47.tiff
Guardado: /home/alonso/Desktop/2025-03-04_19-02-11_RGB/RGB_19-02-49.png y /home/alonso/Desktop/2025-03-04_19-02-11_TIFF/RAW_19-02-49.tiff
Guardado: /home/alonso/Desktop/2025-03-04_19-02-11_RGB/RGB_19-02-51.png y /home/alonso/Desktop/2025-03-04_19-02-11_TIFF/RAW_19-02-51.tiff
Guardado: /home/alonso/Desktop/2025-03-04_19-02-11_RGB/RGB_19-02-53.png y /home/alonso/Desktop/2025-03-04_19-02-11_TIFF/RAW_19-02-53.tiff
Guardado: /home/alonso/Desktop/2025-03-04_19-02-11_RGB/RGB_19-02-55.png y /home/alonso/Desktop/2025-03-04_19-02-11_TIFF/RAW_19-02-55.tiff
Guardado: /home/alonso/Desktop/2025-03-04_19-02-11_RGB/RGB_19-02-57.png y /home/alonso/Desktop/2025-03-04_19-02-11_TIFF/RAW_19-02-57.tiff
Guardado: /home/alonso/Desktop/2025-03-04_19-02-11_RGB/RGB_19-02-59.png y /home/alonso/Desktop/2025-03-04_19-02-11_TIFF/RAW_19-02-59.tiff
Guardado: /home/alonso/Desktop/2025-03-04_19-02-11_RGB/RGB_19-03-01.png y /home/alonso/Desktop/2025-03-04_19-02-11_TIFF/RAW_19-03-01.tiff
Guardado: /home/alonso/Desktop/2025-03-04_19-02-11_RGB/RGB_19-03-03.png y /home/alonso/Desktop/2025-03-04_19-02-11_TIFF/RAW_19-03-03.tiff
2025-03-04 19:03:06.340 Port 8501 is already in use
2025-03-04 19:03:07.131 Port 8501 is already in use
xiAPI: ---- xiOpenDevice API:V4.29.17.00 started ----
xiAPI: XIMEA Camera API V4.29.17.00
xiAPI: Adding camera context: dwID=26270971  ptr=27157000 processID=000057E4
xiAPI: Create handles 1 Process 000057E4
xiAPI: FindModelnfoAltInDevAltXml searching... for model info from dev-alt.xml SN:
xiAPI: FindModelnfoAltInDevAltXml searching... for model info from dev-alt.xml SN:
xiAPI: xiOpenDevice - legacy SN used for identification 26270971
xiAPI: Enable sensor
xiAPI: OK retrains 0
xiAPI: xiReadFileFFS 'SensFPNCorrections' not found
xiAPI: ScmCorrectorA::LoadAndParseConfigurationFile Warning: file SensFPNCorrections not found
xiAPI: xiReadFileFFS 'SensFPNCorrections' not found
xiAPI: ScmCorrectorA::LoadAndParseConfigurationFile Warning: file SensFPNCorrections not found
xiAPI: Sensor SetExposure freq=48MHz exp=0us regexp=x1
xiAPI: Bad Pixel List file 'mmf1/bad_pixel_list.txt' not found
xiAPI: Sensor SetExposure freq=48MHz exp=0us regexp=x1
xiAPI: AutoSetBandwidth measurement
xiAPI: CalculateResources : Context 27157000 ID 26270971 m_maxBytes=1024 m_maxBufferSize=1048576
xiAPI: AutoSetBandwidth measured 3611Mbps. Safe margin 10% will be used.
xiAPI: Current bandwidth limit auto-set to 3249 Mbps (min:80Mbps,max:3611Mbps)
xiAPI: Sensor SetExposure freq=48MHz exp=16us regexp=x1
xiAPI: Sensor SetExposure freq=48MHz exp=16us regexp=x1
xiAPI: ---- Device opened. Model:MQ022HG-IM-SM4X4-VIS3 SN:26270971 FwF1: API:V4.29.17.00 ----
xiAPI: Sensor SetExposure freq=48MHz exp=30000us regexp=x2B96
xiAPI: Sensor SetExposure freq=48MHz exp=29998us regexp=x2B96
xiAPI: CalculateResources : Context 27157000 ID 26270971 m_maxBytes=1024 m_maxBufferSize=1048576
xiAPI: StartVideoStream
xiAPI: WorkerThread is up
Warning: Ignoring XDG_SESSION_TYPE=wayland on Gnome. Use QT_QPA_PLATFORM=wayland to run on Wayland anyway.
2025-03-04 19:03:14.409 Port 8501 is already in use
2025-03-04 19:03:15.158 Port 8501 is already in use
xiAPI: WorkerThread is down: ret 0
xiAPI: xiCloseDevice
xiAPI: DisableSensor
xiAPI: DisableDevice
xiAPI: deleting camera context: dwID=26270971, ptr=27157000 processID=000057E4
Guardado: /home/alonso/Desktop/2025-03-04_19-03-11_RGB/RGB_19-03-14.png y /home/alonso/Desktop/2025-03-04_19-03-11_TIFF/RAW_19-03-14.tiff
Guardado: /home/alonso/Desktop/2025-03-04_19-03-11_RGB/RGB_19-03-16.png y /home/alonso/Desktop/2025-03-04_19-03-11_TIFF/RAW_19-03-16.tiff
Guardado: /home/alonso/Desktop/2025-03-04_19-03-11_RGB/RGB_19-03-18.png y /home/alonso/Desktop/2025-03-04_19-03-11_TIFF/RAW_19-03-18.tiff
2025-03-04 19:03:22.433 Port 8501 is already in use
2025-03-04 19:03:23.170 Port 8501 is already in use
2025-03-04 19:03:30.488 Port 8501 is already in use
2025-03-04 19:03:31.215 Port 8501 is already in use
2025-03-04 19:03:38.522 Port 8501 is already in use
2025-03-04 19:03:39.325 Port 8501 is already in use
xiAPI: ---- xiOpenDevice API:V4.29.17.00 started ----
xiAPI: XIMEA Camera API V4.29.17.00
xiAPI: Adding camera context: dwID=26270971  ptr=C3F57000 processID=000058B4
xiAPI: Create handles 1 Process 000058B4
xiAPI: FindModelnfoAltInDevAltXml searching... for model info from dev-alt.xml SN:
xiAPI: FindModelnfoAltInDevAltXml searching... for model info from dev-alt.xml SN:
xiAPI: xiOpenDevice - legacy SN used for identification 26270971
xiAPI: Enable sensor
xiAPI: OK retrains 0
xiAPI: xiReadFileFFS 'SensFPNCorrections' not found
xiAPI: ScmCorrectorA::LoadAndParseConfigurationFile Warning: file SensFPNCorrections not found
xiAPI: xiReadFileFFS 'SensFPNCorrections' not found
xiAPI: ScmCorrectorA::LoadAndParseConfigurationFile Warning: file SensFPNCorrections not found
xiAPI: Sensor SetExposure freq=48MHz exp=0us regexp=x1
xiAPI: Bad Pixel List file 'mmf1/bad_pixel_list.txt' not found
xiAPI: Sensor SetExposure freq=48MHz exp=0us regexp=x1
xiAPI: AutoSetBandwidth measurement
xiAPI: CalculateResources : Context C3F57000 ID 26270971 m_maxBytes=1024 m_maxBufferSize=1048576
xiAPI: AutoSetBandwidth measured 3613Mbps. Safe margin 10% will be used.
xiAPI: Current bandwidth limit auto-set to 3251 Mbps (min:80Mbps,max:3613Mbps)
xiAPI: Sensor SetExposure freq=48MHz exp=16us regexp=x1
xiAPI: Sensor SetExposure freq=48MHz exp=16us regexp=x1
xiAPI: ---- Device opened. Model:MQ022HG-IM-SM4X4-VIS3 SN:26270971 FwF1: API:V4.29.17.00 ----
xiAPI: Sensor SetExposure freq=48MHz exp=30000us regexp=x2B96
xiAPI: Sensor SetExposure freq=48MHz exp=29998us regexp=x2B96
xiAPI: CalculateResources : Context C3F57000 ID 26270971 m_maxBytes=1024 m_maxBufferSize=1048576
xiAPI: StartVideoStream
xiAPI: WorkerThread is up
Warning: Ignoring XDG_SESSION_TYPE=wayland on Gnome. Use QT_QPA_PLATFORM=wayland to run on Wayland anyway.
2025-03-04 19:03:46.636 Port 8501 is already in use
2025-03-04 19:03:47.448 Port 8501 is already in use
2025-03-04 19:03:54.821 Port 8501 is already in use
2025-03-04 19:03:55.487 Port 8501 is already in use
2025-03-04 19:04:02.837 Port 8501 is already in use
2025-03-04 19:04:03.545 Port 8501 is already in use
xiAPI: WorkerThread is down: ret 0
xiAPI: xiCloseDevice
xiAPI: DisableSensor
xiAPI: DisableDevice
xiAPI: deleting camera context: dwID=26270971, ptr=c3f57000 processID=000058B4
Guardado: /home/alonso/Desktop/2025-03-04_19-03-40_RGB/RGB_19-03-44.png y /home/alonso/Desktop/2025-03-04_19-03-40_TIFF/RAW_19-03-44.tiff
Guardado: /home/alonso/Desktop/2025-03-04_19-03-40_RGB/RGB_19-03-46.png y /home/alonso/Desktop/2025-03-04_19-03-40_TIFF/RAW_19-03-46.tiff
Guardado: /home/alonso/Desktop/2025-03-04_19-03-40_RGB/RGB_19-03-48.png y /home/alonso/Desktop/2025-03-04_19-03-40_TIFF/RAW_19-03-48.tiff
Guardado: /home/alonso/Desktop/2025-03-04_19-03-40_RGB/RGB_19-03-50.png y /home/alonso/Desktop/2025-03-04_19-03-40_TIFF/RAW_19-03-50.tiff
Guardado: /home/alonso/Desktop/2025-03-04_19-03-40_RGB/RGB_19-03-52.png y /home/alonso/Desktop/2025-03-04_19-03-40_TIFF/RAW_19-03-52.tiff
Guardado: /home/alonso/Desktop/2025-03-04_19-03-40_RGB/RGB_19-03-54.png y /home/alonso/Desktop/2025-03-04_19-03-40_TIFF/RAW_19-03-54.tiff
Guardado: /home/alonso/Desktop/2025-03-04_19-03-40_RGB/RGB_19-03-56.png y /home/alonso/Desktop/2025-03-04_19-03-40_TIFF/RAW_19-03-56.tiff
Guardado: /home/alonso/Desktop/2025-03-04_19-03-40_RGB/RGB_19-03-58.png y /home/alonso/Desktop/2025-03-04_19-03-40_TIFF/RAW_19-03-58.tiff
Guardado: /home/alonso/Desktop/2025-03-04_19-03-40_RGB/RGB_19-04-00.png y /home/alonso/Desktop/2025-03-04_19-03-40_TIFF/RAW_19-04-00.tiff
Guardado: /home/alonso/Desktop/2025-03-04_19-03-40_RGB/RGB_19-04-02.png y /home/alonso/Desktop/2025-03-04_19-03-40_TIFF/RAW_19-04-02.tiff
Guardado: /home/alonso/Desktop/2025-03-04_19-03-40_RGB/RGB_19-04-04.png y /home/alonso/Desktop/2025-03-04_19-03-40_TIFF/RAW_19-04-04.tiff
2025-03-04 19:04:10.815 Port 8501 is already in use
2025-03-04 19:04:11.525 Port 8501 is already in use
2025-03-04 19:04:18.848 Port 8501 is already in use
2025-03-04 19:04:19.681 Port 8501 is already in use
2025-03-04 19:04:26.888 Port 8501 is already in use
2025-03-04 19:04:27.669 Port 8501 is already in use
2025-03-04 19:04:34.966 Port 8501 is already in use
2025-03-04 19:04:35.733 Port 8501 is already in use
xiAPI: ---- xiOpenDevice API:V4.29.17.00 started ----
xiAPI: XIMEA Camera API V4.29.17.00
xiAPI: Adding camera context: dwID=26270971  ptr=EC5E9000 processID=00005B10
xiAPI: Create handles 1 Process 00005B10
xiAPI: FindModelnfoAltInDevAltXml searching... for model info from dev-alt.xml SN:
xiAPI: FindModelnfoAltInDevAltXml searching... for model info from dev-alt.xml SN:
xiAPI: xiOpenDevice - legacy SN used for identification 26270971
xiAPI: Enable sensor
xiAPI: OK retrains 0
xiAPI: xiReadFileFFS 'SensFPNCorrections' not found
xiAPI: ScmCorrectorA::LoadAndParseConfigurationFile Warning: file SensFPNCorrections not found
xiAPI: xiReadFileFFS 'SensFPNCorrections' not found
xiAPI: ScmCorrectorA::LoadAndParseConfigurationFile Warning: file SensFPNCorrections not found
xiAPI: Sensor SetExposure freq=48MHz exp=0us regexp=x1
xiAPI: Bad Pixel List file 'mmf1/bad_pixel_list.txt' not found
xiAPI: Sensor SetExposure freq=48MHz exp=0us regexp=x1
xiAPI: AutoSetBandwidth measurement
xiAPI: CalculateResources : Context EC5E9000 ID 26270971 m_maxBytes=1024 m_maxBufferSize=1048576
2025-03-04 19:04:43.047 Port 8501 is already in use
xiAPI: AutoSetBandwidth measured 3609Mbps. Safe margin 10% will be used.
xiAPI: Current bandwidth limit auto-set to 3248 Mbps (min:80Mbps,max:3609Mbps)
xiAPI: Sensor SetExposure freq=48MHz exp=16us regexp=x1
xiAPI: Sensor SetExposure freq=48MHz exp=16us regexp=x1
xiAPI: ---- Device opened. Model:MQ022HG-IM-SM4X4-VIS3 SN:26270971 FwF1: API:V4.29.17.00 ----
xiAPI: Sensor SetExposure freq=48MHz exp=30000us regexp=x2B96
xiAPI: Sensor SetExposure freq=48MHz exp=29998us regexp=x2B96
xiAPI: CalculateResources : Context EC5E9000 ID 26270971 m_maxBytes=1024 m_maxBufferSize=1048576
xiAPI: StartVideoStream
xiAPI: WorkerThread is up
Warning: Ignoring XDG_SESSION_TYPE=wayland on Gnome. Use QT_QPA_PLATFORM=wayland to run on Wayland anyway.
2025-03-04 19:04:43.828 Port 8501 is already in use
2025-03-04 19:04:51.160 Port 8501 is already in use
2025-03-04 19:04:51.867 Port 8501 is already in use
2025-03-04 19:04:59.213 Port 8501 is already in use
2025-03-04 19:04:59.969 Port 8501 is already in use
2025-03-04 19:05:07.290 Port 8501 is already in use
2025-03-04 19:05:08.032 Port 8501 is already in use
2025-03-04 19:05:15.407 Port 8501 is already in use
2025-03-04 19:05:16.096 Port 8501 is already in use
2025-03-04 19:05:23.436 Port 8501 is already in use
2025-03-04 19:05:24.160 Port 8501 is already in use
2025-03-04 19:05:31.523 Port 8501 is already in use
2025-03-04 19:05:32.227 Port 8501 is already in use
2025-03-04 19:05:39.599 Port 8501 is already in use
2025-03-04 19:05:40.289 Port 8501 is already in use
2025-03-04 19:05:47.650 Port 8501 is already in use
2025-03-04 19:05:48.325 Port 8501 is already in use
2025-03-04 19:05:55.761 Port 8501 is already in use
2025-03-04 19:05:56.459 Port 8501 is already in use
2025-03-04 19:06:03.826 Port 8501 is already in use
2025-03-04 19:06:04.486 Port 8501 is already in use
2025-03-04 19:06:12.080 Port 8501 is already in use
2025-03-04 19:06:12.631 Port 8501 is already in use
2025-03-04 19:06:19.988 Port 8501 is already in use
2025-03-04 19:06:20.694 Port 8501 is already in use
2025-03-04 19:06:28.070 Port 8501 is already in use
2025-03-04 19:06:29.022 Port 8501 is already in use
2025-03-04 19:06:36.171 Port 8501 is already in use
2025-03-04 19:06:36.976 Port 8501 is already in use
2025-03-04 19:06:44.278 Port 8501 is already in use
Guardado: /home/alonso/Desktop/2025-03-04_19-04-41_RGB/RGB_19-04-45.png y /home/alonso/Desktop/2025-03-04_19-04-41_TIFF/RAW_19-04-45.tiff
Guardado: /home/alonso/Desktop/2025-03-04_19-04-41_RGB/RGB_19-04-47.png y /home/alonso/Desktop/2025-03-04_19-04-41_TIFF/RAW_19-04-47.tiff
Guardado: /home/alonso/Desktop/2025-03-04_19-04-41_RGB/RGB_19-04-49.png y /home/alonso/Desktop/2025-03-04_19-04-41_TIFF/RAW_19-04-49.tiff
Guardado: /home/alonso/Desktop/2025-03-04_19-04-41_RGB/RGB_19-04-51.png y /home/alonso/Desktop/2025-03-04_19-04-41_TIFF/RAW_19-04-51.tiff
Guardado: /home/alonso/Desktop/2025-03-04_19-04-41_RGB/RGB_19-04-53.png y /home/alonso/Desktop/2025-03-04_19-04-41_TIFF/RAW_19-04-53.tiff
Guardado: /home/alonso/Desktop/2025-03-04_19-04-41_RGB/RGB_19-04-55.png y /home/alonso/Desktop/2025-03-04_19-04-41_TIFF/RAW_19-04-55.tiff
Guardado: /home/alonso/Desktop/2025-03-04_19-04-41_RGB/RGB_19-04-57.png y /home/alonso/Desktop/2025-03-04_19-04-41_TIFF/RAW_19-04-57.tiff
Guardado: /home/alonso/Desktop/2025-03-04_19-04-41_RGB/RGB_19-04-59.png y /home/alonso/Desktop/2025-03-04_19-04-41_TIFF/RAW_19-04-59.tiff
Guardado: /home/alonso/Desktop/2025-03-04_19-04-41_RGB/RGB_19-05-01.png y /home/alonso/Desktop/2025-03-04_19-04-41_TIFF/RAW_19-05-01.tiff
Guardado: /home/alonso/Desktop/2025-03-04_19-04-41_RGB/RGB_19-05-03.png y /home/alonso/Desktop/2025-03-04_19-04-41_TIFF/RAW_19-05-03.tiff
Guardado: /home/alonso/Desktop/2025-03-04_19-04-41_RGB/RGB_19-05-05.png y /home/alonso/Desktop/2025-03-04_19-04-41_TIFF/RAW_19-05-05.tiff
Guardado: /home/alonso/Desktop/2025-03-04_19-04-41_RGB/RGB_19-05-07.png y /home/alonso/Desktop/2025-03-04_19-04-41_TIFF/RAW_19-05-07.tiff
Guardado: /home/alonso/Desktop/2025-03-04_19-04-41_RGB/RGB_19-05-09.png y /home/alonso/Desktop/2025-03-04_19-04-41_TIFF/RAW_19-05-09.tiff
Guardado: /home/alonso/Desktop/2025-03-04_19-04-41_RGB/RGB_19-05-11.png y /home/alonso/Desktop/2025-03-04_19-04-41_TIFF/RAW_19-05-11.tiff
Guardado: /home/alonso/Desktop/2025-03-04_19-04-41_RGB/RGB_19-05-13.png y /home/alonso/Desktop/2025-03-04_19-04-41_TIFF/RAW_19-05-13.tiff
Guardado: /home/alonso/Desktop/2025-03-04_19-04-41_RGB/RGB_19-05-15.png y /home/alonso/Desktop/2025-03-04_19-04-41_TIFF/RAW_19-05-15.tiff
Guardado: /home/alonso/Desktop/2025-03-04_19-04-41_RGB/RGB_19-05-17.png y /home/alonso/Desktop/2025-03-04_19-04-41_TIFF/RAW_19-05-17.tiff
Guardado: /home/alonso/Desktop/2025-03-04_19-04-41_RGB/RGB_19-05-19.png y /home/alonso/Desktop/2025-03-04_19-04-41_TIFF/RAW_19-05-19.tiff
Guardado: /home/alonso/Desktop/2025-03-04_19-04-41_RGB/RGB_19-05-21.png y /home/alonso/Desktop/2025-03-04_19-04-41_TIFF/RAW_19-05-21.tiff
Guardado: /home/alonso/Desktop/2025-03-04_19-04-41_RGB/RGB_19-05-23.png y /home/alonso/Desktop/2025-03-04_19-04-41_TIFF/RAW_19-05-23.tiff
Guardado: /home/alonso/Desktop/2025-03-04_19-04-41_RGB/RGB_19-05-25.png y /home/alonso/Desktop/2025-03-04_19-04-41_TIFF/RAW_19-05-25.tiff
Guardado: /home/alonso/Desktop/2025-03-04_19-04-41_RGB/RGB_19-05-27.png y /home/alonso/Desktop/2025-03-04_19-04-41_TIFF/RAW_19-05-27.tiff
Guardado: /home/alonso/Desktop/2025-03-04_19-04-41_RGB/RGB_19-05-29.png y /home/alonso/Desktop/2025-03-04_19-04-41_TIFF/RAW_19-05-29.tiff
Guardado: /home/alonso/Desktop/2025-03-04_19-04-41_RGB/RGB_19-05-31.png y /home/alonso/Desktop/2025-03-04_19-04-41_TIFF/RAW_19-05-31.tiff
Guardado: /home/alonso/Desktop/2025-03-04_19-04-41_RGB/RGB_19-05-33.png y /home/alonso/Desktop/2025-03-04_19-04-41_TIFF/RAW_19-05-33.tiff
Guardado: /home/alonso/Desktop/2025-03-04_19-04-41_RGB/RGB_19-05-35.png y /home/alonso/Desktop/2025-03-04_19-04-41_TIFF/RAW_19-05-35.tiff
Guardado: /home/alonso/Desktop/2025-03-04_19-04-41_RGB/RGB_19-05-37.png y /home/alonso/Desktop/2025-03-04_19-04-41_TIFF/RAW_19-05-37.tiff
Guardado: /home/alonso/Desktop/2025-03-04_19-04-41_RGB/RGB_19-05-39.png y /home/alonso/Desktop/2025-03-04_19-04-41_TIFF/RAW_19-05-39.tiff
Guardado: /home/alonso/Desktop/2025-03-04_19-04-41_RGB/RGB_19-05-41.png y /home/alonso/Desktop/2025-03-04_19-04-41_TIFF/RAW_19-05-41.tiff
Guardado: /home/alonso/Desktop/2025-03-04_19-04-41_RGB/RGB_19-05-43.png y /home/alonso/Desktop/2025-03-04_19-04-41_TIFF/RAW_19-05-43.tiff
Guardado: /home/alonso/Desktop/2025-03-04_19-04-41_RGB/RGB_19-05-45.png y /home/alonso/Desktop/2025-03-04_19-04-41_TIFF/RAW_19-05-45.tiff
Guardado: /home/alonso/Desktop/2025-03-04_19-04-41_RGB/RGB_19-05-47.png y /home/alonso/Desktop/2025-03-04_19-04-41_TIFF/RAW_19-05-47.tiff
Guardado: /home/alonso/Desktop/2025-03-04_19-04-41_RGB/RGB_19-05-49.png y /home/alonso/Desktop/2025-03-04_19-04-41_TIFF/RAW_19-05-49.tiff
Guardado: /home/alonso/Desktop/2025-03-04_19-04-41_RGB/RGB_19-05-51.png y /home/alonso/Desktop/2025-03-04_19-04-41_TIFF/RAW_19-05-51.tiff
Guardado: /home/alonso/Desktop/2025-03-04_19-04-41_RGB/RGB_19-05-53.png y /home/alonso/Desktop/2025-03-04_19-04-41_TIFF/RAW_19-05-53.tiff
Guardado: /home/alonso/Desktop/2025-03-04_19-04-41_RGB/RGB_19-05-55.png y /home/alonso/Desktop/2025-03-04_19-04-41_TIFF/RAW_19-05-55.tiff
Guardado: /home/alonso/Desktop/2025-03-04_19-04-41_RGB/RGB_19-05-57.png y /home/alonso/Desktop/2025-03-04_19-04-41_TIFF/RAW_19-05-57.tiff
Guardado: /home/alonso/Desktop/2025-03-04_19-04-41_RGB/RGB_19-05-59.png y /home/alonso/Desktop/2025-03-04_19-04-41_TIFF/RAW_19-05-59.tiff
Guardado: /home/alonso/Desktop/2025-03-04_19-04-41_RGB/RGB_19-06-01.png y /home/alonso/Desktop/2025-03-04_19-04-41_TIFF/RAW_19-06-01.tiff
Guardado: /home/alonso/Desktop/2025-03-04_19-04-41_RGB/RGB_19-06-03.png y /home/alonso/Desktop/2025-03-04_19-04-41_TIFF/RAW_19-06-03.tiff
Guardado: /home/alonso/Desktop/2025-03-04_19-04-41_RGB/RGB_19-06-05.png y /home/alonso/Desktop/2025-03-04_19-04-41_TIFF/RAW_19-06-05.tiff
Guardado: /home/alonso/Desktop/2025-03-04_19-04-41_RGB/RGB_19-06-07.png y /home/alonso/Desktop/2025-03-04_19-04-41_TIFF/RAW_19-06-07.tiff
Guardado: /home/alonso/Desktop/2025-03-04_19-04-41_RGB/RGB_19-06-10.png y /home/alonso/Desktop/2025-03-04_19-04-41_TIFF/RAW_19-06-10.tiff
Guardado: /home/alonso/Desktop/2025-03-04_19-04-41_RGB/RGB_19-06-12.png y /home/alonso/Desktop/2025-03-04_19-04-41_TIFF/RAW_19-06-12.tiff
Guardado: /home/alonso/Desktop/2025-03-04_19-04-41_RGB/RGB_19-06-14.png y /home/alonso/Desktop/2025-03-04_19-04-41_TIFF/RAW_19-06-14.tiff
Guardado: /home/alonso/Desktop/2025-03-04_19-04-41_RGB/RGB_19-06-16.png y /home/alonso/Desktop/2025-03-04_19-04-41_TIFF/RAW_19-06-16.tiff
Guardado: /home/alonso/Desktop/2025-03-04_19-04-41_RGB/RGB_19-06-18.png y /home/alonso/Desktop/2025-03-04_19-04-41_TIFF/RAW_19-06-18.tiff
Guardado: /home/alonso/Desktop/2025-03-04_19-04-41_RGB/RGB_19-06-20.png y /home/alonso/Desktop/2025-03-04_19-04-41_TIFF/RAW_19-06-20.tiff
Guardado: /home/alonso/Desktop/2025-03-04_19-04-41_RGB/RGB_19-06-22.png y /home/alonso/Desktop/2025-03-04_19-04-41_TIFF/RAW_19-06-22.tiff
Guardado: /home/alonso/Desktop/2025-03-04_19-04-41_RGB/RGB_19-06-24.png y /home/alonso/Desktop/2025-03-04_19-04-41_TIFF/RAW_19-06-24.tiff
Guardado: /home/alonso/Desktop/2025-03-04_19-04-41_RGB/RGB_19-06-26.png y /home/alonso/Desktop/2025-03-04_19-04-41_TIFF/RAW_19-06-26.tiff
Guardado: /home/alonso/Desktop/2025-03-04_19-04-41_RGB/RGB_19-06-28.png y /home/alonso/Desktop/2025-03-04_19-04-41_TIFF/RAW_19-06-28.tiff
Guardado: /home/alonso/Desktop/2025-03-04_19-04-41_RGB/RGB_19-06-30.png y /home/alonso/Desktop/2025-03-04_19-04-41_TIFF/RAW_19-06-30.tiff
Guardado: /home/alonso/Desktop/2025-03-04_19-04-41_RGB/RGB_19-06-32.png y /home/alonso/Desktop/2025-03-04_19-04-41_TIFF/RAW_19-06-32.tiff
Guardado: /home/alonso/Desktop/2025-03-04_19-04-41_RGB/RGB_19-06-34.png y /home/alonso/Desktop/2025-03-04_19-04-41_TIFF/RAW_19-06-34.tiff
Guardado: /home/alonso/Desktop/2025-03-04_19-04-41_RGB/RGB_19-06-36.png y /home/alonso/Desktop/2025-03-04_19-04-41_TIFF/RAW_19-06-36.tiff
Guardado: /home/alonso/Desktop/2025-03-04_19-04-41_RGB/RGB_19-06-38.png y /home/alonso/Desktop/2025-03-04_19-04-41_TIFF/RAW_19-06-38.tiff
Guardado: /home/alonso/Desktop/2025-03-04_19-04-41_RGB/RGB_19-06-40.png y /home/alonso/Desktop/2025-03-04_19-04-41_TIFF/RAW_19-06-40.tiff
Guardado: /home/alonso/Desktop/2025-03-04_19-04-41_RGB/RGB_19-06-42.png y /home/alonso/Desktop/2025-03-04_19-04-41_TIFF/RAW_19-06-42.tiff
2025-03-04 19:06:45.115 Port 8501 is already in use
2025-03-04 19:06:52.326 Port 8501 is already in use
2025-03-04 19:06:53.059 Port 8501 is already in use
2025-03-04 19:07:00.508 Port 8501 is already in use
2025-03-04 19:07:01.147 Port 8501 is already in use
2025-03-04 19:07:08.562 Port 8501 is already in use
2025-03-04 19:07:09.325 Port 8501 is already in use
2025-03-04 19:07:16.701 Port 8501 is already in use
2025-03-04 19:07:17.327 Port 8501 is already in use
2025-03-04 19:07:24.600 Port 8501 is already in use
2025-03-04 19:07:25.402 Port 8501 is already in use
2025-03-04 19:07:32.699 Port 8501 is already in use
2025-03-04 19:07:33.454 Port 8501 is already in use
2025-03-04 19:07:40.748 Port 8501 is already in use
2025-03-04 19:07:41.539 Port 8501 is already in use
2025-03-04 19:07:48.854 Port 8501 is already in use
2025-03-04 19:07:49.628 Port 8501 is already in use
2025-03-04 19:07:56.880 Port 8501 is already in use
2025-03-04 19:07:57.721 Port 8501 is already in use
2025-03-04 19:08:05.018 Port 8501 is already in use
2025-03-04 19:08:05.749 Port 8501 is already in use
xiAPI: WorkerThread is down: ret 0
xiAPI: xiCloseDevice
xiAPI: DisableSensor
xiAPI: DisableDevice
xiAPI: deleting camera context: dwID=26270971, ptr=ec5e9000 processID=00005B10
Guardado: /home/alonso/Desktop/2025-03-04_19-04-41_RGB/RGB_19-06-44.png y /home/alonso/Desktop/2025-03-04_19-04-41_TIFF/RAW_19-06-44.tiff
Guardado: /home/alonso/Desktop/2025-03-04_19-04-41_RGB/RGB_19-06-46.png y /home/alonso/Desktop/2025-03-04_19-04-41_TIFF/RAW_19-06-46.tiff
Guardado: /home/alonso/Desktop/2025-03-04_19-04-41_RGB/RGB_19-06-48.png y /home/alonso/Desktop/2025-03-04_19-04-41_TIFF/RAW_19-06-48.tiff
Guardado: /home/alonso/Desktop/2025-03-04_19-04-41_RGB/RGB_19-06-50.png y /home/alonso/Desktop/2025-03-04_19-04-41_TIFF/RAW_19-06-50.tiff
Guardado: /home/alonso/Desktop/2025-03-04_19-04-41_RGB/RGB_19-06-52.png y /home/alonso/Desktop/2025-03-04_19-04-41_TIFF/RAW_19-06-52.tiff
Guardado: /home/alonso/Desktop/2025-03-04_19-04-41_RGB/RGB_19-06-54.png y /home/alonso/Desktop/2025-03-04_19-04-41_TIFF/RAW_19-06-54.tiff
Guardado: /home/alonso/Desktop/2025-03-04_19-04-41_RGB/RGB_19-06-56.png y /home/alonso/Desktop/2025-03-04_19-04-41_TIFF/RAW_19-06-56.tiff
Guardado: /home/alonso/Desktop/2025-03-04_19-04-41_RGB/RGB_19-06-58.png y /home/alonso/Desktop/2025-03-04_19-04-41_TIFF/RAW_19-06-58.tiff
Guardado: /home/alonso/Desktop/2025-03-04_19-04-41_RGB/RGB_19-07-00.png y /home/alonso/Desktop/2025-03-04_19-04-41_TIFF/RAW_19-07-00.tiff
Guardado: /home/alonso/Desktop/2025-03-04_19-04-41_RGB/RGB_19-07-02.png y /home/alonso/Desktop/2025-03-04_19-04-41_TIFF/RAW_19-07-02.tiff
Guardado: /home/alonso/Desktop/2025-03-04_19-04-41_RGB/RGB_19-07-04.png y /home/alonso/Desktop/2025-03-04_19-04-41_TIFF/RAW_19-07-04.tiff
Guardado: /home/alonso/Desktop/2025-03-04_19-04-41_RGB/RGB_19-07-06.png y /home/alonso/Desktop/2025-03-04_19-04-41_TIFF/RAW_19-07-06.tiff
Guardado: /home/alonso/Desktop/2025-03-04_19-04-41_RGB/RGB_19-07-08.png y /home/alonso/Desktop/2025-03-04_19-04-41_TIFF/RAW_19-07-08.tiff
Guardado: /home/alonso/Desktop/2025-03-04_19-04-41_RGB/RGB_19-07-10.png y /home/alonso/Desktop/2025-03-04_19-04-41_TIFF/RAW_19-07-10.tiff
Guardado: /home/alonso/Desktop/2025-03-04_19-04-41_RGB/RGB_19-07-12.png y /home/alonso/Desktop/2025-03-04_19-04-41_TIFF/RAW_19-07-12.tiff
Guardado: /home/alonso/Desktop/2025-03-04_19-04-41_RGB/RGB_19-07-14.png y /home/alonso/Desktop/2025-03-04_19-04-41_TIFF/RAW_19-07-14.tiff
Guardado: /home/alonso/Desktop/2025-03-04_19-04-41_RGB/RGB_19-07-16.png y /home/alonso/Desktop/2025-03-04_19-04-41_TIFF/RAW_19-07-16.tiff
Guardado: /home/alonso/Desktop/2025-03-04_19-04-41_RGB/RGB_19-07-18.png y /home/alonso/Desktop/2025-03-04_19-04-41_TIFF/RAW_19-07-18.tiff
Guardado: /home/alonso/Desktop/2025-03-04_19-04-41_RGB/RGB_19-07-20.png y /home/alonso/Desktop/2025-03-04_19-04-41_TIFF/RAW_19-07-20.tiff
Guardado: /home/alonso/Desktop/2025-03-04_19-04-41_RGB/RGB_19-07-22.png y /home/alonso/Desktop/2025-03-04_19-04-41_TIFF/RAW_19-07-22.tiff
Guardado: /home/alonso/Desktop/2025-03-04_19-04-41_RGB/RGB_19-07-24.png y /home/alonso/Desktop/2025-03-04_19-04-41_TIFF/RAW_19-07-24.tiff
Guardado: /home/alonso/Desktop/2025-03-04_19-04-41_RGB/RGB_19-07-26.png y /home/alonso/Desktop/2025-03-04_19-04-41_TIFF/RAW_19-07-26.tiff
Guardado: /home/alonso/Desktop/2025-03-04_19-04-41_RGB/RGB_19-07-28.png y /home/alonso/Desktop/2025-03-04_19-04-41_TIFF/RAW_19-07-28.tiff
Guardado: /home/alonso/Desktop/2025-03-04_19-04-41_RGB/RGB_19-07-30.png y /home/alonso/Desktop/2025-03-04_19-04-41_TIFF/RAW_19-07-30.tiff
Guardado: /home/alonso/Desktop/2025-03-04_19-04-41_RGB/RGB_19-07-32.png y /home/alonso/Desktop/2025-03-04_19-04-41_TIFF/RAW_19-07-32.tiff
Guardado: /home/alonso/Desktop/2025-03-04_19-04-41_RGB/RGB_19-07-34.png y /home/alonso/Desktop/2025-03-04_19-04-41_TIFF/RAW_19-07-34.tiff
Guardado: /home/alonso/Desktop/2025-03-04_19-04-41_RGB/RGB_19-07-36.png y /home/alonso/Desktop/2025-03-04_19-04-41_TIFF/RAW_19-07-36.tiff
Guardado: /home/alonso/Desktop/2025-03-04_19-04-41_RGB/RGB_19-07-38.png y /home/alonso/Desktop/2025-03-04_19-04-41_TIFF/RAW_19-07-38.tiff
Guardado: /home/alonso/Desktop/2025-03-04_19-04-41_RGB/RGB_19-07-40.png y /home/alonso/Desktop/2025-03-04_19-04-41_TIFF/RAW_19-07-40.tiff
Guardado: /home/alonso/Desktop/2025-03-04_19-04-41_RGB/RGB_19-07-42.png y /home/alonso/Desktop/2025-03-04_19-04-41_TIFF/RAW_19-07-42.tiff
Guardado: /home/alonso/Desktop/2025-03-04_19-04-41_RGB/RGB_19-07-44.png y /home/alonso/Desktop/2025-03-04_19-04-41_TIFF/RAW_19-07-44.tiff
Guardado: /home/alonso/Desktop/2025-03-04_19-04-41_RGB/RGB_19-07-46.png y /home/alonso/Desktop/2025-03-04_19-04-41_TIFF/RAW_19-07-46.tiff
Guardado: /home/alonso/Desktop/2025-03-04_19-04-41_RGB/RGB_19-07-48.png y /home/alonso/Desktop/2025-03-04_19-04-41_TIFF/RAW_19-07-48.tiff
Guardado: /home/alonso/Desktop/2025-03-04_19-04-41_RGB/RGB_19-07-50.png y /home/alonso/Desktop/2025-03-04_19-04-41_TIFF/RAW_19-07-50.tiff
Guardado: /home/alonso/Desktop/2025-03-04_19-04-41_RGB/RGB_19-07-52.png y /home/alonso/Desktop/2025-03-04_19-04-41_TIFF/RAW_19-07-52.tiff
Guardado: /home/alonso/Desktop/2025-03-04_19-04-41_RGB/RGB_19-07-54.png y /home/alonso/Desktop/2025-03-04_19-04-41_TIFF/RAW_19-07-54.tiff
Guardado: /home/alonso/Desktop/2025-03-04_19-04-41_RGB/RGB_19-07-56.png y /home/alonso/Desktop/2025-03-04_19-04-41_TIFF/RAW_19-07-56.tiff
Guardado: /home/alonso/Desktop/2025-03-04_19-04-41_RGB/RGB_19-07-58.png y /home/alonso/Desktop/2025-03-04_19-04-41_TIFF/RAW_19-07-58.tiff
Guardado: /home/alonso/Desktop/2025-03-04_19-04-41_RGB/RGB_19-08-00.png y /home/alonso/Desktop/2025-03-04_19-04-41_TIFF/RAW_19-08-00.tiff
Guardado: /home/alonso/Desktop/2025-03-04_19-04-41_RGB/RGB_19-08-02.png y /home/alonso/Desktop/2025-03-04_19-04-41_TIFF/RAW_19-08-02.tiff
Guardado: /home/alonso/Desktop/2025-03-04_19-04-41_RGB/RGB_19-08-04.png y /home/alonso/Desktop/2025-03-04_19-04-41_TIFF/RAW_19-08-04.tiff
Guardado: /home/alonso/Desktop/2025-03-04_19-04-41_RGB/RGB_19-08-06.png y /home/alonso/Desktop/2025-03-04_19-04-41_TIFF/RAW_19-08-06.tiff
Guardado: /home/alonso/Desktop/2025-03-04_19-04-41_RGB/RGB_19-08-08.png y /home/alonso/Desktop/2025-03-04_19-04-41_TIFF/RAW_19-08-08.tiff
2025-03-04 19:08:13.102 Port 8501 is already in use
2025-03-04 19:08:13.760 Port 8501 is already in use
2025-03-04 19:08:21.160 Port 8501 is already in use
2025-03-04 19:08:21.820 Port 8501 is already in use
2025-03-04 19:08:29.231 Port 8501 is already in use
2025-03-04 19:08:29.914 Port 8501 is already in use
2025-03-04 19:08:37.286 Port 8501 is already in use
2025-03-04 19:08:37.953 Port 8501 is already in use
2025-03-04 19:08:45.396 Port 8501 is already in use
2025-03-04 19:08:46.064 Port 8501 is already in use
xiAPI: ---- xiOpenDevice API:V4.29.17.00 started ----
xiAPI: XIMEA Camera API V4.29.17.00
xiAPI: Adding camera context: dwID=26270971  ptr=E22F9000 processID=00006475
xiAPI: Create handles 1 Process 00006475
xiAPI: FindModelnfoAltInDevAltXml searching... for model info from dev-alt.xml SN:
xiAPI: FindModelnfoAltInDevAltXml searching... for model info from dev-alt.xml SN:
xiAPI: xiOpenDevice - legacy SN used for identification 26270971
xiAPI: Enable sensor
xiAPI: OK retrains 0
xiAPI: xiReadFileFFS 'SensFPNCorrections' not found
xiAPI: ScmCorrectorA::LoadAndParseConfigurationFile Warning: file SensFPNCorrections not found
xiAPI: xiReadFileFFS 'SensFPNCorrections' not found
xiAPI: ScmCorrectorA::LoadAndParseConfigurationFile Warning: file SensFPNCorrections not found
xiAPI: Sensor SetExposure freq=48MHz exp=0us regexp=x1
xiAPI: Bad Pixel List file 'mmf1/bad_pixel_list.txt' not found
xiAPI: Sensor SetExposure freq=48MHz exp=0us regexp=x1
xiAPI: AutoSetBandwidth measurement
xiAPI: CalculateResources : Context E22F9000 ID 26270971 m_maxBytes=1024 m_maxBufferSize=1048576
xiAPI: AutoSetBandwidth measured 3609Mbps. Safe margin 10% will be used.
xiAPI: Current bandwidth limit auto-set to 3248 Mbps (min:80Mbps,max:3609Mbps)
xiAPI: Sensor SetExposure freq=48MHz exp=16us regexp=x1
xiAPI: Sensor SetExposure freq=48MHz exp=16us regexp=x1
xiAPI: ---- Device opened. Model:MQ022HG-IM-SM4X4-VIS3 SN:26270971 FwF1: API:V4.29.17.00 ----
xiAPI: Sensor SetExposure freq=48MHz exp=30000us regexp=x2B96
xiAPI: Sensor SetExposure freq=48MHz exp=29998us regexp=x2B96
xiAPI: CalculateResources : Context E22F9000 ID 26270971 m_maxBytes=1024 m_maxBufferSize=1048576
xiAPI: StartVideoStream
xiAPI: WorkerThread is up
Warning: Ignoring XDG_SESSION_TYPE=wayland on Gnome. Use QT_QPA_PLATFORM=wayland to run on Wayland anyway.
2025-03-04 19:08:53.438 Port 8501 is already in use
2025-03-04 19:08:54.150 Port 8501 is already in use
xiAPI: WorkerThread is down: ret 0
xiAPI: xiCloseDevice
xiAPI: DisableSensor
xiAPI: DisableDevice
xiAPI: deleting camera context: dwID=26270971, ptr=e22f9000 processID=00006475
Guardado: /home/alonso/Desktop/2025-03-04_19-08-49_RGB/RGB_19-08-52.png y /home/alonso/Desktop/2025-03-04_19-08-49_TIFF/RAW_19-08-52.tiff
Guardado: /home/alonso/Desktop/2025-03-04_19-08-49_RGB/RGB_19-08-54.png y /home/alonso/Desktop/2025-03-04_19-08-49_TIFF/RAW_19-08-54.tiff
Guardado: /home/alonso/Desktop/2025-03-04_19-08-49_RGB/RGB_19-08-56.png y /home/alonso/Desktop/2025-03-04_19-08-49_TIFF/RAW_19-08-56.tiff
Guardado: /home/alonso/Desktop/2025-03-04_19-08-49_RGB/RGB_19-08-58.png y /home/alonso/Desktop/2025-03-04_19-08-49_TIFF/RAW_19-08-58.tiff
2025-03-04 19:09:01.510 Port 8501 is already in use
2025-03-04 19:09:02.135 Port 8501 is already in use
2025-03-04 19:09:09.507 Port 8501 is already in use
2025-03-04 19:09:10.194 Port 8501 is already in use
xiAPI: ---- xiOpenDevice API:V4.29.17.00 started ----
xiAPI: XIMEA Camera API V4.29.17.00
xiAPI: Adding camera context: dwID=26270971  ptr=13E8C000 processID=00006527
xiAPI: Create handles 1 Process 00006527
xiAPI: FindModelnfoAltInDevAltXml searching... for model info from dev-alt.xml SN:
xiAPI: FindModelnfoAltInDevAltXml searching... for model info from dev-alt.xml SN:
xiAPI: xiOpenDevice - legacy SN used for identification 26270971
xiAPI: Enable sensor
xiAPI: OK retrains 0
xiAPI: xiReadFileFFS 'SensFPNCorrections' not found
xiAPI: ScmCorrectorA::LoadAndParseConfigurationFile Warning: file SensFPNCorrections not found
xiAPI: xiReadFileFFS 'SensFPNCorrections' not found
xiAPI: ScmCorrectorA::LoadAndParseConfigurationFile Warning: file SensFPNCorrections not found
xiAPI: Sensor SetExposure freq=48MHz exp=0us regexp=x1
xiAPI: Bad Pixel List file 'mmf1/bad_pixel_list.txt' not found
xiAPI: Sensor SetExposure freq=48MHz exp=0us regexp=x1
xiAPI: AutoSetBandwidth measurement
xiAPI: CalculateResources : Context 13E8C000 ID 26270971 m_maxBytes=1024 m_maxBufferSize=1048576
xiAPI: AutoSetBandwidth measured 3608Mbps. Safe margin 10% will be used.
xiAPI: Current bandwidth limit auto-set to 3247 Mbps (min:80Mbps,max:3608Mbps)
xiAPI: Sensor SetExposure freq=48MHz exp=16us regexp=x1
xiAPI: Sensor SetExposure freq=48MHz exp=16us regexp=x1
xiAPI: ---- Device opened. Model:MQ022HG-IM-SM4X4-VIS3 SN:26270971 FwF1: API:V4.29.17.00 ----
xiAPI: Sensor SetExposure freq=48MHz exp=30000us regexp=x2B96
xiAPI: Sensor SetExposure freq=48MHz exp=29998us regexp=x2B96
xiAPI: CalculateResources : Context 13E8C000 ID 26270971 m_maxBytes=1024 m_maxBufferSize=1048576
xiAPI: StartVideoStream
xiAPI: WorkerThread is up
Warning: Ignoring XDG_SESSION_TYPE=wayland on Gnome. Use QT_QPA_PLATFORM=wayland to run on Wayland anyway.
2025-03-04 19:09:17.622 Port 8501 is already in use
xiAPI: WorkerThread is down: ret 0
xiAPI: xiCloseDevice
xiAPI: DisableSensor
xiAPI: DisableDevice
xiAPI: deleting camera context: dwID=26270971, ptr=13e8c000 processID=00006527
2025-03-04 19:09:18.329 Port 8501 is already in use
Guardado: /home/alonso/Desktop/2025-03-04_19-09-11_RGB/RGB_19-09-15.png y /home/alonso/Desktop/2025-03-04_19-09-11_TIFF/RAW_19-09-15.tiff
Guardado: /home/alonso/Desktop/2025-03-04_19-09-11_RGB/RGB_19-09-17.png y /home/alonso/Desktop/2025-03-04_19-09-11_TIFF/RAW_19-09-17.tiff
2025-03-04 19:09:25.615 Port 8501 is already in use
2025-03-04 19:09:26.383 Port 8501 is already in use
2025-03-04 19:09:33.687 Port 8501 is already in use
2025-03-04 19:09:34.406 Port 8501 is already in use
xiAPI: ---- xiOpenDevice API:V4.29.17.00 started ----
xiAPI: XIMEA Camera API V4.29.17.00
xiAPI: Adding camera context: dwID=26270971  ptr=DCF57000 processID=0000663D
xiAPI: Create handles 1 Process 0000663D
xiAPI: FindModelnfoAltInDevAltXml searching... for model info from dev-alt.xml SN:
xiAPI: FindModelnfoAltInDevAltXml searching... for model info from dev-alt.xml SN:
xiAPI: xiOpenDevice - legacy SN used for identification 26270971
xiAPI: Enable sensor
xiAPI: OK retrains 0
xiAPI: xiReadFileFFS 'SensFPNCorrections' not found
xiAPI: ScmCorrectorA::LoadAndParseConfigurationFile Warning: file SensFPNCorrections not found
xiAPI: xiReadFileFFS 'SensFPNCorrections' not found
xiAPI: ScmCorrectorA::LoadAndParseConfigurationFile Warning: file SensFPNCorrections not found
xiAPI: Sensor SetExposure freq=48MHz exp=0us regexp=x1
xiAPI: Bad Pixel List file 'mmf1/bad_pixel_list.txt' not found
xiAPI: Sensor SetExposure freq=48MHz exp=0us regexp=x1
xiAPI: AutoSetBandwidth measurement
xiAPI: CalculateResources : Context DCF57000 ID 26270971 m_maxBytes=1024 m_maxBufferSize=1048576
xiAPI: AutoSetBandwidth measured 3613Mbps. Safe margin 10% will be used.
xiAPI: Current bandwidth limit auto-set to 3251 Mbps (min:80Mbps,max:3613Mbps)
xiAPI: Sensor SetExposure freq=48MHz exp=16us regexp=x1
xiAPI: Sensor SetExposure freq=48MHz exp=16us regexp=x1
xiAPI: ---- Device opened. Model:MQ022HG-IM-SM4X4-VIS3 SN:26270971 FwF1: API:V4.29.17.00 ----
xiAPI: Sensor SetExposure freq=48MHz exp=30000us regexp=x2B96
xiAPI: Sensor SetExposure freq=48MHz exp=29998us regexp=x2B96
xiAPI: CalculateResources : Context DCF57000 ID 26270971 m_maxBytes=1024 m_maxBufferSize=1048576
xiAPI: StartVideoStream
xiAPI: WorkerThread is up
Warning: Ignoring XDG_SESSION_TYPE=wayland on Gnome. Use QT_QPA_PLATFORM=wayland to run on Wayland anyway.
xiAPI: WorkerThread is down: ret 0
xiAPI: xiCloseDevice
xiAPI: DisableSensor
xiAPI: DisableDevice
xiAPI: deleting camera context: dwID=26270971, ptr=dcf57000 processID=0000663D
Guardado: /home/alonso/Desktop/2025-03-04_19-09-35_RGB/RGB_19-09-39.png y /home/alonso/Desktop/2025-03-04_19-09-35_TIFF/RAW_19-09-39.tiff
2025-03-04 19:09:41.747 Port 8501 is already in use
2025-03-04 19:09:42.454 Port 8501 is already in use
2025-03-04 19:09:49.841 Port 8501 is already in use
2025-03-04 19:09:50.533 Port 8501 is already in use
2025-03-04 19:09:57.890 Port 8501 is already in use
2025-03-04 19:09:58.562 Port 8501 is already in use
xiAPI: ---- xiOpenDevice API:V4.29.17.00 started ----
xiAPI: XIMEA Camera API V4.29.17.00
xiAPI: Adding camera context: dwID=26270971  ptr=1222E000 processID=0000672F
xiAPI: Create handles 1 Process 0000672F
xiAPI: FindModelnfoAltInDevAltXml searching... for model info from dev-alt.xml SN:
xiAPI: FindModelnfoAltInDevAltXml searching... for model info from dev-alt.xml SN:
xiAPI: xiOpenDevice - legacy SN used for identification 26270971
xiAPI: Enable sensor
xiAPI: OK retrains 0
xiAPI: xiReadFileFFS 'SensFPNCorrections' not found
xiAPI: ScmCorrectorA::LoadAndParseConfigurationFile Warning: file SensFPNCorrections not found
xiAPI: xiReadFileFFS 'SensFPNCorrections' not found
xiAPI: ScmCorrectorA::LoadAndParseConfigurationFile Warning: file SensFPNCorrections not found
xiAPI: Sensor SetExposure freq=48MHz exp=0us regexp=x1
xiAPI: Bad Pixel List file 'mmf1/bad_pixel_list.txt' not found
xiAPI: Sensor SetExposure freq=48MHz exp=0us regexp=x1
xiAPI: AutoSetBandwidth measurement
xiAPI: CalculateResources : Context 1222E000 ID 26270971 m_maxBytes=1024 m_maxBufferSize=1048576
xiAPI: AutoSetBandwidth measured 3604Mbps. Safe margin 10% will be used.
xiAPI: Current bandwidth limit auto-set to 3243 Mbps (min:80Mbps,max:3604Mbps)
xiAPI: Sensor SetExposure freq=48MHz exp=16us regexp=x1
xiAPI: Sensor SetExposure freq=48MHz exp=16us regexp=x1
xiAPI: ---- Device opened. Model:MQ022HG-IM-SM4X4-VIS3 SN:26270971 FwF1: API:V4.29.17.00 ----
xiAPI: Sensor SetExposure freq=48MHz exp=30000us regexp=x2B96
xiAPI: Sensor SetExposure freq=48MHz exp=29998us regexp=x2B96
xiAPI: CalculateResources : Context 1222E000 ID 26270971 m_maxBytes=1024 m_maxBufferSize=1048576
xiAPI: StartVideoStream
xiAPI: WorkerThread is up
Warning: Ignoring XDG_SESSION_TYPE=wayland on Gnome. Use QT_QPA_PLATFORM=wayland to run on Wayland anyway.
2025-03-04 19:10:05.991 Port 8501 is already in use
xiAPI: WorkerThread is down: ret 0
xiAPI: xiCloseDevice
xiAPI: DisableSensor
xiAPI: DisableDevice
xiAPI: deleting camera context: dwID=26270971, ptr=1222e000 processID=0000672F
Guardado: /home/alonso/Desktop/2025-03-04_19-10-01_RGB/RGB_19-10-05.png y /home/alonso/Desktop/2025-03-04_19-10-01_TIFF/RAW_19-10-05.tiff
2025-03-04 19:10:06.673 Port 8501 is already in use
2025-03-04 19:10:14.115 Port 8501 is already in use
2025-03-04 19:10:14.770 Port 8501 is already in use
xiAPI: ---- xiOpenDevice API:V4.29.17.00 started ----
xiAPI: XIMEA Camera API V4.29.17.00
xiAPI: Adding camera context: dwID=26270971  ptr=4502E000 processID=000067F2
xiAPI: Create handles 1 Process 000067F2
xiAPI: FindModelnfoAltInDevAltXml searching... for model info from dev-alt.xml SN:
xiAPI: FindModelnfoAltInDevAltXml searching... for model info from dev-alt.xml SN:
xiAPI: xiOpenDevice - legacy SN used for identification 26270971
xiAPI: Enable sensor
xiAPI: OK retrains 0
xiAPI: xiReadFileFFS 'SensFPNCorrections' not found
xiAPI: ScmCorrectorA::LoadAndParseConfigurationFile Warning: file SensFPNCorrections not found
xiAPI: xiReadFileFFS 'SensFPNCorrections' not found
xiAPI: ScmCorrectorA::LoadAndParseConfigurationFile Warning: file SensFPNCorrections not found
xiAPI: Sensor SetExposure freq=48MHz exp=0us regexp=x1
xiAPI: Bad Pixel List file 'mmf1/bad_pixel_list.txt' not found
xiAPI: Sensor SetExposure freq=48MHz exp=0us regexp=x1
xiAPI: AutoSetBandwidth measurement
xiAPI: CalculateResources : Context 4502E000 ID 26270971 m_maxBytes=1024 m_maxBufferSize=1048576
xiAPI: AutoSetBandwidth measured 3616Mbps. Safe margin 10% will be used.
xiAPI: Current bandwidth limit auto-set to 3254 Mbps (min:80Mbps,max:3616Mbps)
xiAPI: Sensor SetExposure freq=48MHz exp=16us regexp=x1
xiAPI: Sensor SetExposure freq=48MHz exp=16us regexp=x1
xiAPI: ---- Device opened. Model:MQ022HG-IM-SM4X4-VIS3 SN:26270971 FwF1: API:V4.29.17.00 ----
xiAPI: Sensor SetExposure freq=48MHz exp=30000us regexp=x2B96
xiAPI: Sensor SetExposure freq=48MHz exp=29998us regexp=x2B96
xiAPI: CalculateResources : Context 4502E000 ID 26270971 m_maxBytes=1024 m_maxBufferSize=1048576
xiAPI: StartVideoStream
xiAPI: WorkerThread is up
Warning: Ignoring XDG_SESSION_TYPE=wayland on Gnome. Use QT_QPA_PLATFORM=wayland to run on Wayland anyway.
2025-03-04 19:10:22.026 Port 8501 is already in use
2025-03-04 19:10:22.789 Port 8501 is already in use
xiAPI: WorkerThread is down: ret 0
xiAPI: xiCloseDevice
xiAPI: DisableSensor
xiAPI: DisableDevice
xiAPI: deleting camera context: dwID=26270971, ptr=4502e000 processID=000067F2
Guardado: /home/alonso/Desktop/2025-03-04_19-10-17_RGB/RGB_19-10-21.png y /home/alonso/Desktop/2025-03-04_19-10-17_TIFF/RAW_19-10-21.tiff
2025-03-04 19:10:30.083 Port 8501 is already in use
2025-03-04 19:10:30.793 Port 8501 is already in use
2025-03-04 19:10:38.106 Port 8501 is already in use
2025-03-04 19:10:38.844 Port 8501 is already in use
xiAPI: ---- xiOpenDevice API:V4.29.17.00 started ----
xiAPI: XIMEA Camera API V4.29.17.00
xiAPI: Adding camera context: dwID=26270971  ptr=F37E9000 processID=000068B3
xiAPI: Create handles 1 Process 000068B3
xiAPI: FindModelnfoAltInDevAltXml searching... for model info from dev-alt.xml SN:
xiAPI: FindModelnfoAltInDevAltXml searching... for model info from dev-alt.xml SN:
xiAPI: xiOpenDevice - legacy SN used for identification 26270971
xiAPI: Enable sensor
xiAPI: OK retrains 0
xiAPI: xiReadFileFFS 'SensFPNCorrections' not found
xiAPI: ScmCorrectorA::LoadAndParseConfigurationFile Warning: file SensFPNCorrections not found
xiAPI: xiReadFileFFS 'SensFPNCorrections' not found
xiAPI: ScmCorrectorA::LoadAndParseConfigurationFile Warning: file SensFPNCorrections not found
xiAPI: Sensor SetExposure freq=48MHz exp=0us regexp=x1
xiAPI: Bad Pixel List file 'mmf1/bad_pixel_list.txt' not found
xiAPI: Sensor SetExposure freq=48MHz exp=0us regexp=x1
xiAPI: AutoSetBandwidth measurement
xiAPI: CalculateResources : Context F37E9000 ID 26270971 m_maxBytes=1024 m_maxBufferSize=1048576
xiAPI: AutoSetBandwidth measured 3610Mbps. Safe margin 10% will be used.
xiAPI: Current bandwidth limit auto-set to 3249 Mbps (min:80Mbps,max:3610Mbps)
xiAPI: Sensor SetExposure freq=48MHz exp=16us regexp=x1
xiAPI: Sensor SetExposure freq=48MHz exp=16us regexp=x1
xiAPI: ---- Device opened. Model:MQ022HG-IM-SM4X4-VIS3 SN:26270971 FwF1: API:V4.29.17.00 ----
xiAPI: Sensor SetExposure freq=48MHz exp=30000us regexp=x2B96
xiAPI: Sensor SetExposure freq=48MHz exp=29998us regexp=x2B96
xiAPI: CalculateResources : Context F37E9000 ID 26270971 m_maxBytes=1024 m_maxBufferSize=1048576
xiAPI: StartVideoStream
xiAPI: WorkerThread is up
Warning: Ignoring XDG_SESSION_TYPE=wayland on Gnome. Use QT_QPA_PLATFORM=wayland to run on Wayland anyway.
2025-03-04 19:10:46.258 Port 8501 is already in use
2025-03-04 19:10:46.988 Port 8501 is already in use
2025-03-04 19:10:54.282 Port 8501 is already in use
2025-03-04 19:10:55.038 Port 8501 is already in use
2025-03-04 19:11:02.366 Port 8501 is already in use
2025-03-04 19:11:03.097 Port 8501 is already in use
2025-03-04 19:11:10.398 Port 8501 is already in use
2025-03-04 19:11:11.197 Port 8501 is already in use
2025-03-04 19:11:18.445 Port 8501 is already in use
2025-03-04 19:11:19.221 Port 8501 is already in use
xiAPI: WorkerThread is down: ret 0
xiAPI: xiCloseDevice
xiAPI: DisableSensor
xiAPI: DisableDevice
xiAPI: deleting camera context: dwID=26270971, ptr=f37e9000 processID=000068B3
Guardado: /home/alonso/Desktop/2025-03-04_19-10-39_RGB/RGB_19-10-42.png y /home/alonso/Desktop/2025-03-04_19-10-39_TIFF/RAW_19-10-42.tiff
Guardado: /home/alonso/Desktop/2025-03-04_19-10-39_RGB/RGB_19-10-44.png y /home/alonso/Desktop/2025-03-04_19-10-39_TIFF/RAW_19-10-44.tiff
Guardado: /home/alonso/Desktop/2025-03-04_19-10-39_RGB/RGB_19-10-47.png y /home/alonso/Desktop/2025-03-04_19-10-39_TIFF/RAW_19-10-47.tiff
Guardado: /home/alonso/Desktop/2025-03-04_19-10-39_RGB/RGB_19-10-49.png y /home/alonso/Desktop/2025-03-04_19-10-39_TIFF/RAW_19-10-49.tiff
Guardado: /home/alonso/Desktop/2025-03-04_19-10-39_RGB/RGB_19-10-51.png y /home/alonso/Desktop/2025-03-04_19-10-39_TIFF/RAW_19-10-51.tiff
Guardado: /home/alonso/Desktop/2025-03-04_19-10-39_RGB/RGB_19-10-53.png y /home/alonso/Desktop/2025-03-04_19-10-39_TIFF/RAW_19-10-53.tiff
Guardado: /home/alonso/Desktop/2025-03-04_19-10-39_RGB/RGB_19-10-55.png y /home/alonso/Desktop/2025-03-04_19-10-39_TIFF/RAW_19-10-55.tiff
Guardado: /home/alonso/Desktop/2025-03-04_19-10-39_RGB/RGB_19-10-57.png y /home/alonso/Desktop/2025-03-04_19-10-39_TIFF/RAW_19-10-57.tiff
Guardado: /home/alonso/Desktop/2025-03-04_19-10-39_RGB/RGB_19-10-59.png y /home/alonso/Desktop/2025-03-04_19-10-39_TIFF/RAW_19-10-59.tiff
Guardado: /home/alonso/Desktop/2025-03-04_19-10-39_RGB/RGB_19-11-01.png y /home/alonso/Desktop/2025-03-04_19-10-39_TIFF/RAW_19-11-01.tiff
Guardado: /home/alonso/Desktop/2025-03-04_19-10-39_RGB/RGB_19-11-03.png y /home/alonso/Desktop/2025-03-04_19-10-39_TIFF/RAW_19-11-03.tiff
Guardado: /home/alonso/Desktop/2025-03-04_19-10-39_RGB/RGB_19-11-05.png y /home/alonso/Desktop/2025-03-04_19-10-39_TIFF/RAW_19-11-05.tiff
Guardado: /home/alonso/Desktop/2025-03-04_19-10-39_RGB/RGB_19-11-07.png y /home/alonso/Desktop/2025-03-04_19-10-39_TIFF/RAW_19-11-07.tiff
Guardado: /home/alonso/Desktop/2025-03-04_19-10-39_RGB/RGB_19-11-09.png y /home/alonso/Desktop/2025-03-04_19-10-39_TIFF/RAW_19-11-09.tiff
Guardado: /home/alonso/Desktop/2025-03-04_19-10-39_RGB/RGB_19-11-11.png y /home/alonso/Desktop/2025-03-04_19-10-39_TIFF/RAW_19-11-11.tiff
Guardado: /home/alonso/Desktop/2025-03-04_19-10-39_RGB/RGB_19-11-13.png y /home/alonso/Desktop/2025-03-04_19-10-39_TIFF/RAW_19-11-13.tiff
Guardado: /home/alonso/Desktop/2025-03-04_19-10-39_RGB/RGB_19-11-15.png y /home/alonso/Desktop/2025-03-04_19-10-39_TIFF/RAW_19-11-15.tiff
Guardado: /home/alonso/Desktop/2025-03-04_19-10-39_RGB/RGB_19-11-17.png y /home/alonso/Desktop/2025-03-04_19-10-39_TIFF/RAW_19-11-17.tiff
Guardado: /home/alonso/Desktop/2025-03-04_19-10-39_RGB/RGB_19-11-19.png y /home/alonso/Desktop/2025-03-04_19-10-39_TIFF/RAW_19-11-19.tiff
Guardado: /home/alonso/Desktop/2025-03-04_19-10-39_RGB/RGB_19-11-21.png y /home/alonso/Desktop/2025-03-04_19-10-39_TIFF/RAW_19-11-21.tiff
2025-03-04 19:11:26.536 Port 8501 is already in use
2025-03-04 19:11:27.220 Port 8501 is already in use
2025-03-04 19:11:34.580 Port 8501 is already in use
2025-03-04 19:11:35.374 Port 8501 is already in use
xiAPI: ---- xiOpenDevice API:V4.29.17.00 started ----
xiAPI: XIMEA Camera API V4.29.17.00
xiAPI: Adding camera context: dwID=26270971  ptr=F1557000 processID=00006AEF
xiAPI: Create handles 1 Process 00006AEF
xiAPI: FindModelnfoAltInDevAltXml searching... for model info from dev-alt.xml SN:
xiAPI: FindModelnfoAltInDevAltXml searching... for model info from dev-alt.xml SN:
xiAPI: xiOpenDevice - legacy SN used for identification 26270971
xiAPI: Enable sensor
xiAPI: OK retrains 0
xiAPI: xiReadFileFFS 'SensFPNCorrections' not found
xiAPI: ScmCorrectorA::LoadAndParseConfigurationFile Warning: file SensFPNCorrections not found
xiAPI: xiReadFileFFS 'SensFPNCorrections' not found
xiAPI: ScmCorrectorA::LoadAndParseConfigurationFile Warning: file SensFPNCorrections not found
xiAPI: Sensor SetExposure freq=48MHz exp=0us regexp=x1
xiAPI: Bad Pixel List file 'mmf1/bad_pixel_list.txt' not found
xiAPI: Sensor SetExposure freq=48MHz exp=0us regexp=x1
xiAPI: AutoSetBandwidth measurement
xiAPI: CalculateResources : Context F1557000 ID 26270971 m_maxBytes=1024 m_maxBufferSize=1048576
2025-03-04 19:11:42.594 Port 8501 is already in use
xiAPI: AutoSetBandwidth measured 3611Mbps. Safe margin 10% will be used.
xiAPI: Current bandwidth limit auto-set to 3249 Mbps (min:80Mbps,max:3611Mbps)
xiAPI: Sensor SetExposure freq=48MHz exp=16us regexp=x1
xiAPI: Sensor SetExposure freq=48MHz exp=16us regexp=x1
xiAPI: ---- Device opened. Model:MQ022HG-IM-SM4X4-VIS3 SN:26270971 FwF1: API:V4.29.17.00 ----
xiAPI: Sensor SetExposure freq=48MHz exp=30000us regexp=x2B96
2025-03-04 19:11:43.365 Port 8501 is already in use
xiAPI: Sensor SetExposure freq=48MHz exp=29998us regexp=x2B96
xiAPI: CalculateResources : Context F1557000 ID 26270971 m_maxBytes=1024 m_maxBufferSize=1048576
xiAPI: StartVideoStream
xiAPI: WorkerThread is up
Warning: Ignoring XDG_SESSION_TYPE=wayland on Gnome. Use QT_QPA_PLATFORM=wayland to run on Wayland anyway.
xiAPI: WorkerThread is down: ret 0
xiAPI: xiCloseDevice
xiAPI: DisableSensor
xiAPI: DisableDevice
xiAPI: deleting camera context: dwID=26270971, ptr=f1557000 processID=00006AEF
Guardado: /home/alonso/Desktop/2025-03-04_19-11-41_RGB/RGB_19-11-45.png y /home/alonso/Desktop/2025-03-04_19-11-41_TIFF/RAW_19-11-45.tiff
2025-03-04 19:11:50.716 Port 8501 is already in use
2025-03-04 19:11:51.433 Port 8501 is already in use
2025-03-04 19:11:58.722 Port 8501 is already in use
2025-03-04 19:11:59.498 Port 8501 is already in use
xiAPI: ---- xiOpenDevice API:V4.29.17.00 started ----
xiAPI: XIMEA Camera API V4.29.17.00
xiAPI: Adding camera context: dwID=26270971  ptr=D0957000 processID=00006BC4
xiAPI: Create handles 1 Process 00006BC4
xiAPI: FindModelnfoAltInDevAltXml searching... for model info from dev-alt.xml SN:
xiAPI: FindModelnfoAltInDevAltXml searching... for model info from dev-alt.xml SN:
xiAPI: xiOpenDevice - legacy SN used for identification 26270971
xiAPI: Enable sensor
xiAPI: OK retrains 0
xiAPI: xiReadFileFFS 'SensFPNCorrections' not found
xiAPI: ScmCorrectorA::LoadAndParseConfigurationFile Warning: file SensFPNCorrections not found
xiAPI: xiReadFileFFS 'SensFPNCorrections' not found
xiAPI: ScmCorrectorA::LoadAndParseConfigurationFile Warning: file SensFPNCorrections not found
xiAPI: Sensor SetExposure freq=48MHz exp=0us regexp=x1
xiAPI: Bad Pixel List file 'mmf1/bad_pixel_list.txt' not found
xiAPI: Sensor SetExposure freq=48MHz exp=0us regexp=x1
xiAPI: AutoSetBandwidth measurement
xiAPI: CalculateResources : Context D0957000 ID 26270971 m_maxBytes=1024 m_maxBufferSize=1048576
xiAPI: AutoSetBandwidth measured 3601Mbps. Safe margin 10% will be used.
xiAPI: Current bandwidth limit auto-set to 3240 Mbps (min:80Mbps,max:3601Mbps)
xiAPI: Sensor SetExposure freq=48MHz exp=16us regexp=x1
xiAPI: Sensor SetExposure freq=48MHz exp=16us regexp=x1
xiAPI: ---- Device opened. Model:MQ022HG-IM-SM4X4-VIS3 SN:26270971 FwF1: API:V4.29.17.00 ----
xiAPI: Sensor SetExposure freq=48MHz exp=30000us regexp=x2B96
xiAPI: Sensor SetExposure freq=48MHz exp=29998us regexp=x2B96
xiAPI: CalculateResources : Context D0957000 ID 26270971 m_maxBytes=1024 m_maxBufferSize=1048576
xiAPI: StartVideoStream
xiAPI: WorkerThread is up
Warning: Ignoring XDG_SESSION_TYPE=wayland on Gnome. Use QT_QPA_PLATFORM=wayland to run on Wayland anyway.
2025-03-04 19:12:06.856 Port 8501 is already in use
2025-03-04 19:12:07.638 Port 8501 is already in use
2025-03-04 19:12:14.870 Port 8501 is already in use
2025-03-04 19:12:15.666 Port 8501 is already in use
2025-03-04 19:12:22.929 Port 8501 is already in use
2025-03-04 19:12:23.748 Port 8501 is already in use
2025-03-04 19:12:30.997 Port 8501 is already in use
2025-03-04 19:12:31.792 Port 8501 is already in use
2025-03-04 19:12:39.076 Port 8501 is already in use
2025-03-04 19:12:39.925 Port 8501 is already in use
2025-03-04 19:12:47.177 Port 8501 is already in use
2025-03-04 19:12:47.994 Port 8501 is already in use
2025-03-04 19:12:55.253 Port 8501 is already in use
2025-03-04 19:12:56.065 Port 8501 is already in use
2025-03-04 19:13:03.381 Port 8501 is already in use
2025-03-04 19:13:04.240 Port 8501 is already in use
2025-03-04 19:13:11.408 Port 8501 is already in use
2025-03-04 19:13:12.224 Port 8501 is already in use
xiAPI: WorkerThread is down: ret 0
xiAPI: xiCloseDevice
xiAPI: DisableSensor
xiAPI: DisableDevice
xiAPI: deleting camera context: dwID=26270971, ptr=d0957000 processID=00006BC4
Guardado: /home/alonso/Desktop/2025-03-04_19-12-00_RGB/RGB_19-12-04.png y /home/alonso/Desktop/2025-03-04_19-12-00_TIFF/RAW_19-12-04.tiff
Guardado: /home/alonso/Desktop/2025-03-04_19-12-00_RGB/RGB_19-12-06.png y /home/alonso/Desktop/2025-03-04_19-12-00_TIFF/RAW_19-12-06.tiff
Guardado: /home/alonso/Desktop/2025-03-04_19-12-00_RGB/RGB_19-12-08.png y /home/alonso/Desktop/2025-03-04_19-12-00_TIFF/RAW_19-12-08.tiff
Guardado: /home/alonso/Desktop/2025-03-04_19-12-00_RGB/RGB_19-12-10.png y /home/alonso/Desktop/2025-03-04_19-12-00_TIFF/RAW_19-12-10.tiff
Guardado: /home/alonso/Desktop/2025-03-04_19-12-00_RGB/RGB_19-12-12.png y /home/alonso/Desktop/2025-03-04_19-12-00_TIFF/RAW_19-12-12.tiff
Guardado: /home/alonso/Desktop/2025-03-04_19-12-00_RGB/RGB_19-12-14.png y /home/alonso/Desktop/2025-03-04_19-12-00_TIFF/RAW_19-12-14.tiff
Guardado: /home/alonso/Desktop/2025-03-04_19-12-00_RGB/RGB_19-12-16.png y /home/alonso/Desktop/2025-03-04_19-12-00_TIFF/RAW_19-12-16.tiff
Guardado: /home/alonso/Desktop/2025-03-04_19-12-00_RGB/RGB_19-12-18.png y /home/alonso/Desktop/2025-03-04_19-12-00_TIFF/RAW_19-12-18.tiff
Guardado: /home/alonso/Desktop/2025-03-04_19-12-00_RGB/RGB_19-12-20.png y /home/alonso/Desktop/2025-03-04_19-12-00_TIFF/RAW_19-12-20.tiff
Guardado: /home/alonso/Desktop/2025-03-04_19-12-00_RGB/RGB_19-12-22.png y /home/alonso/Desktop/2025-03-04_19-12-00_TIFF/RAW_19-12-22.tiff
Guardado: /home/alonso/Desktop/2025-03-04_19-12-00_RGB/RGB_19-12-24.png y /home/alonso/Desktop/2025-03-04_19-12-00_TIFF/RAW_19-12-24.tiff
Guardado: /home/alonso/Desktop/2025-03-04_19-12-00_RGB/RGB_19-12-26.png y /home/alonso/Desktop/2025-03-04_19-12-00_TIFF/RAW_19-12-26.tiff
Guardado: /home/alonso/Desktop/2025-03-04_19-12-00_RGB/RGB_19-12-28.png y /home/alonso/Desktop/2025-03-04_19-12-00_TIFF/RAW_19-12-28.tiff
Guardado: /home/alonso/Desktop/2025-03-04_19-12-00_RGB/RGB_19-12-30.png y /home/alonso/Desktop/2025-03-04_19-12-00_TIFF/RAW_19-12-30.tiff
Guardado: /home/alonso/Desktop/2025-03-04_19-12-00_RGB/RGB_19-12-32.png y /home/alonso/Desktop/2025-03-04_19-12-00_TIFF/RAW_19-12-32.tiff
Guardado: /home/alonso/Desktop/2025-03-04_19-12-00_RGB/RGB_19-12-34.png y /home/alonso/Desktop/2025-03-04_19-12-00_TIFF/RAW_19-12-34.tiff
Guardado: /home/alonso/Desktop/2025-03-04_19-12-00_RGB/RGB_19-12-36.png y /home/alonso/Desktop/2025-03-04_19-12-00_TIFF/RAW_19-12-36.tiff
Guardado: /home/alonso/Desktop/2025-03-04_19-12-00_RGB/RGB_19-12-38.png y /home/alonso/Desktop/2025-03-04_19-12-00_TIFF/RAW_19-12-38.tiff
Guardado: /home/alonso/Desktop/2025-03-04_19-12-00_RGB/RGB_19-12-40.png y /home/alonso/Desktop/2025-03-04_19-12-00_TIFF/RAW_19-12-40.tiff
Guardado: /home/alonso/Desktop/2025-03-04_19-12-00_RGB/RGB_19-12-42.png y /home/alonso/Desktop/2025-03-04_19-12-00_TIFF/RAW_19-12-42.tiff
Guardado: /home/alonso/Desktop/2025-03-04_19-12-00_RGB/RGB_19-12-44.png y /home/alonso/Desktop/2025-03-04_19-12-00_TIFF/RAW_19-12-44.tiff
Guardado: /home/alonso/Desktop/2025-03-04_19-12-00_RGB/RGB_19-12-46.png y /home/alonso/Desktop/2025-03-04_19-12-00_TIFF/RAW_19-12-46.tiff
Guardado: /home/alonso/Desktop/2025-03-04_19-12-00_RGB/RGB_19-12-48.png y /home/alonso/Desktop/2025-03-04_19-12-00_TIFF/RAW_19-12-48.tiff
Guardado: /home/alonso/Desktop/2025-03-04_19-12-00_RGB/RGB_19-12-50.png y /home/alonso/Desktop/2025-03-04_19-12-00_TIFF/RAW_19-12-50.tiff
Guardado: /home/alonso/Desktop/2025-03-04_19-12-00_RGB/RGB_19-12-52.png y /home/alonso/Desktop/2025-03-04_19-12-00_TIFF/RAW_19-12-52.tiff
Guardado: /home/alonso/Desktop/2025-03-04_19-12-00_RGB/RGB_19-12-54.png y /home/alonso/Desktop/2025-03-04_19-12-00_TIFF/RAW_19-12-54.tiff
Guardado: /home/alonso/Desktop/2025-03-04_19-12-00_RGB/RGB_19-12-56.png y /home/alonso/Desktop/2025-03-04_19-12-00_TIFF/RAW_19-12-56.tiff
Guardado: /home/alonso/Desktop/2025-03-04_19-12-00_RGB/RGB_19-12-58.png y /home/alonso/Desktop/2025-03-04_19-12-00_TIFF/RAW_19-12-58.tiff
Guardado: /home/alonso/Desktop/2025-03-04_19-12-00_RGB/RGB_19-13-00.png y /home/alonso/Desktop/2025-03-04_19-12-00_TIFF/RAW_19-13-00.tiff
Guardado: /home/alonso/Desktop/2025-03-04_19-12-00_RGB/RGB_19-13-02.png y /home/alonso/Desktop/2025-03-04_19-12-00_TIFF/RAW_19-13-02.tiff
Guardado: /home/alonso/Desktop/2025-03-04_19-12-00_RGB/RGB_19-13-04.png y /home/alonso/Desktop/2025-03-04_19-12-00_TIFF/RAW_19-13-04.tiff
Guardado: /home/alonso/Desktop/2025-03-04_19-12-00_RGB/RGB_19-13-06.png y /home/alonso/Desktop/2025-03-04_19-12-00_TIFF/RAW_19-13-06.tiff
Guardado: /home/alonso/Desktop/2025-03-04_19-12-00_RGB/RGB_19-13-08.png y /home/alonso/Desktop/2025-03-04_19-12-00_TIFF/RAW_19-13-08.tiff
Guardado: /home/alonso/Desktop/2025-03-04_19-12-00_RGB/RGB_19-13-10.png y /home/alonso/Desktop/2025-03-04_19-12-00_TIFF/RAW_19-13-10.tiff
Guardado: /home/alonso/Desktop/2025-03-04_19-12-00_RGB/RGB_19-13-12.png y /home/alonso/Desktop/2025-03-04_19-12-00_TIFF/RAW_19-13-12.tiff
Guardado: /home/alonso/Desktop/2025-03-04_19-12-00_RGB/RGB_19-13-14.png y /home/alonso/Desktop/2025-03-04_19-12-00_TIFF/RAW_19-13-14.tiff
Guardado: /home/alonso/Desktop/2025-03-04_19-12-00_RGB/RGB_19-13-16.png y /home/alonso/Desktop/2025-03-04_19-12-00_TIFF/RAW_19-13-16.tiff
2025-03-04 19:13:19.429 Port 8501 is already in use
2025-03-04 19:13:20.186 Port 8501 is already in use
2025-03-04 19:13:27.499 Port 8501 is already in use
2025-03-04 19:13:28.250 Port 8501 is already in use
xiAPI: ---- xiOpenDevice API:V4.29.17.00 started ----
xiAPI: XIMEA Camera API V4.29.17.00
xiAPI: Adding camera context: dwID=26270971  ptr=77557000 processID=00006F69
xiAPI: Create handles 1 Process 00006F69
xiAPI: FindModelnfoAltInDevAltXml searching... for model info from dev-alt.xml SN:
xiAPI: FindModelnfoAltInDevAltXml searching... for model info from dev-alt.xml SN:
xiAPI: xiOpenDevice - legacy SN used for identification 26270971
xiAPI: Enable sensor
xiAPI: OK retrains 0
xiAPI: xiReadFileFFS 'SensFPNCorrections' not found
xiAPI: ScmCorrectorA::LoadAndParseConfigurationFile Warning: file SensFPNCorrections not found
xiAPI: xiReadFileFFS 'SensFPNCorrections' not found
xiAPI: ScmCorrectorA::LoadAndParseConfigurationFile Warning: file SensFPNCorrections not found
xiAPI: Sensor SetExposure freq=48MHz exp=0us regexp=x1
xiAPI: Bad Pixel List file 'mmf1/bad_pixel_list.txt' not found
xiAPI: Sensor SetExposure freq=48MHz exp=0us regexp=x1
xiAPI: AutoSetBandwidth measurement
xiAPI: CalculateResources : Context 77557000 ID 26270971 m_maxBytes=1024 m_maxBufferSize=1048576
xiAPI: AutoSetBandwidth measured 3617Mbps. Safe margin 10% will be used.
xiAPI: Current bandwidth limit auto-set to 3255 Mbps (min:80Mbps,max:3617Mbps)
xiAPI: Sensor SetExposure freq=48MHz exp=16us regexp=x1
xiAPI: Sensor SetExposure freq=48MHz exp=16us regexp=x1
xiAPI: ---- Device opened. Model:MQ022HG-IM-SM4X4-VIS3 SN:26270971 FwF1: API:V4.29.17.00 ----
xiAPI: Sensor SetExposure freq=48MHz exp=30000us regexp=x2B96
xiAPI: Sensor SetExposure freq=48MHz exp=29998us regexp=x2B96
xiAPI: CalculateResources : Context 77557000 ID 26270971 m_maxBytes=1024 m_maxBufferSize=1048576
xiAPI: StartVideoStream
xiAPI: WorkerThread is up
Warning: Ignoring XDG_SESSION_TYPE=wayland on Gnome. Use QT_QPA_PLATFORM=wayland to run on Wayland anyway.
2025-03-04 19:13:35.543 Port 8501 is already in use
2025-03-04 19:13:36.313 Port 8501 is already in use
2025-03-04 19:13:43.590 Port 8501 is already in use
2025-03-04 19:13:44.380 Port 8501 is already in use
2025-03-04 19:13:51.650 Port 8501 is already in use
2025-03-04 19:13:52.456 Port 8501 is already in use
2025-03-04 19:13:59.715 Port 8501 is already in use
2025-03-04 19:14:00.524 Port 8501 is already in use
2025-03-04 19:14:07.766 Port 8501 is already in use
2025-03-04 19:14:08.544 Port 8501 is already in use
2025-03-04 19:14:15.864 Port 8501 is already in use
2025-03-04 19:14:16.606 Port 8501 is already in use
2025-03-04 19:14:23.880 Port 8501 is already in use
2025-03-04 19:14:24.684 Port 8501 is already in use
2025-03-04 19:14:31.938 Port 8501 is already in use
2025-03-04 19:14:32.719 Port 8501 is already in use
2025-03-04 19:14:40.012 Port 8501 is already in use
2025-03-04 19:14:40.809 Port 8501 is already in use
2025-03-04 19:14:48.112 Port 8501 is already in use
2025-03-04 19:14:48.876 Port 8501 is already in use
2025-03-04 19:14:56.141 Port 8501 is already in use
2025-03-04 19:14:56.921 Port 8501 is already in use
2025-03-04 19:15:04.299 Port 8501 is already in use
2025-03-04 19:15:05.016 Port 8501 is already in use
2025-03-04 19:15:12.435 Port 8501 is already in use
2025-03-04 19:15:13.095 Port 8501 is already in use
2025-03-04 19:15:20.501 Port 8501 is already in use
2025-03-04 19:15:21.183 Port 8501 is already in use
2025-03-04 19:15:28.467 Port 8501 is already in use
2025-03-04 19:15:29.259 Port 8501 is already in use
Guardado: /home/alonso/Desktop/2025-03-04_19-13-30_RGB/RGB_19-13-34.png y /home/alonso/Desktop/2025-03-04_19-13-30_TIFF/RAW_19-13-34.tiff
Guardado: /home/alonso/Desktop/2025-03-04_19-13-30_RGB/RGB_19-13-36.png y /home/alonso/Desktop/2025-03-04_19-13-30_TIFF/RAW_19-13-36.tiff
Guardado: /home/alonso/Desktop/2025-03-04_19-13-30_RGB/RGB_19-13-38.png y /home/alonso/Desktop/2025-03-04_19-13-30_TIFF/RAW_19-13-38.tiff
Guardado: /home/alonso/Desktop/2025-03-04_19-13-30_RGB/RGB_19-13-40.png y /home/alonso/Desktop/2025-03-04_19-13-30_TIFF/RAW_19-13-40.tiff
Guardado: /home/alonso/Desktop/2025-03-04_19-13-30_RGB/RGB_19-13-42.png y /home/alonso/Desktop/2025-03-04_19-13-30_TIFF/RAW_19-13-42.tiff
Guardado: /home/alonso/Desktop/2025-03-04_19-13-30_RGB/RGB_19-13-44.png y /home/alonso/Desktop/2025-03-04_19-13-30_TIFF/RAW_19-13-44.tiff
Guardado: /home/alonso/Desktop/2025-03-04_19-13-30_RGB/RGB_19-13-46.png y /home/alonso/Desktop/2025-03-04_19-13-30_TIFF/RAW_19-13-46.tiff
Guardado: /home/alonso/Desktop/2025-03-04_19-13-30_RGB/RGB_19-13-48.png y /home/alonso/Desktop/2025-03-04_19-13-30_TIFF/RAW_19-13-48.tiff
Guardado: /home/alonso/Desktop/2025-03-04_19-13-30_RGB/RGB_19-13-50.png y /home/alonso/Desktop/2025-03-04_19-13-30_TIFF/RAW_19-13-50.tiff
Guardado: /home/alonso/Desktop/2025-03-04_19-13-30_RGB/RGB_19-13-52.png y /home/alonso/Desktop/2025-03-04_19-13-30_TIFF/RAW_19-13-52.tiff
Guardado: /home/alonso/Desktop/2025-03-04_19-13-30_RGB/RGB_19-13-54.png y /home/alonso/Desktop/2025-03-04_19-13-30_TIFF/RAW_19-13-54.tiff
Guardado: /home/alonso/Desktop/2025-03-04_19-13-30_RGB/RGB_19-13-56.png y /home/alonso/Desktop/2025-03-04_19-13-30_TIFF/RAW_19-13-56.tiff
Guardado: /home/alonso/Desktop/2025-03-04_19-13-30_RGB/RGB_19-13-58.png y /home/alonso/Desktop/2025-03-04_19-13-30_TIFF/RAW_19-13-58.tiff
Guardado: /home/alonso/Desktop/2025-03-04_19-13-30_RGB/RGB_19-14-00.png y /home/alonso/Desktop/2025-03-04_19-13-30_TIFF/RAW_19-14-00.tiff
Guardado: /home/alonso/Desktop/2025-03-04_19-13-30_RGB/RGB_19-14-02.png y /home/alonso/Desktop/2025-03-04_19-13-30_TIFF/RAW_19-14-02.tiff
Guardado: /home/alonso/Desktop/2025-03-04_19-13-30_RGB/RGB_19-14-04.png y /home/alonso/Desktop/2025-03-04_19-13-30_TIFF/RAW_19-14-04.tiff
Guardado: /home/alonso/Desktop/2025-03-04_19-13-30_RGB/RGB_19-14-06.png y /home/alonso/Desktop/2025-03-04_19-13-30_TIFF/RAW_19-14-06.tiff
Guardado: /home/alonso/Desktop/2025-03-04_19-13-30_RGB/RGB_19-14-08.png y /home/alonso/Desktop/2025-03-04_19-13-30_TIFF/RAW_19-14-08.tiff
Guardado: /home/alonso/Desktop/2025-03-04_19-13-30_RGB/RGB_19-14-10.png y /home/alonso/Desktop/2025-03-04_19-13-30_TIFF/RAW_19-14-10.tiff
Guardado: /home/alonso/Desktop/2025-03-04_19-13-30_RGB/RGB_19-14-12.png y /home/alonso/Desktop/2025-03-04_19-13-30_TIFF/RAW_19-14-12.tiff
Guardado: /home/alonso/Desktop/2025-03-04_19-13-30_RGB/RGB_19-14-14.png y /home/alonso/Desktop/2025-03-04_19-13-30_TIFF/RAW_19-14-14.tiff
Guardado: /home/alonso/Desktop/2025-03-04_19-13-30_RGB/RGB_19-14-16.png y /home/alonso/Desktop/2025-03-04_19-13-30_TIFF/RAW_19-14-16.tiff
Guardado: /home/alonso/Desktop/2025-03-04_19-13-30_RGB/RGB_19-14-18.png y /home/alonso/Desktop/2025-03-04_19-13-30_TIFF/RAW_19-14-18.tiff
Guardado: /home/alonso/Desktop/2025-03-04_19-13-30_RGB/RGB_19-14-20.png y /home/alonso/Desktop/2025-03-04_19-13-30_TIFF/RAW_19-14-20.tiff
Guardado: /home/alonso/Desktop/2025-03-04_19-13-30_RGB/RGB_19-14-22.png y /home/alonso/Desktop/2025-03-04_19-13-30_TIFF/RAW_19-14-22.tiff
Guardado: /home/alonso/Desktop/2025-03-04_19-13-30_RGB/RGB_19-14-24.png y /home/alonso/Desktop/2025-03-04_19-13-30_TIFF/RAW_19-14-24.tiff
Guardado: /home/alonso/Desktop/2025-03-04_19-13-30_RGB/RGB_19-14-26.png y /home/alonso/Desktop/2025-03-04_19-13-30_TIFF/RAW_19-14-26.tiff
Guardado: /home/alonso/Desktop/2025-03-04_19-13-30_RGB/RGB_19-14-28.png y /home/alonso/Desktop/2025-03-04_19-13-30_TIFF/RAW_19-14-28.tiff
Guardado: /home/alonso/Desktop/2025-03-04_19-13-30_RGB/RGB_19-14-30.png y /home/alonso/Desktop/2025-03-04_19-13-30_TIFF/RAW_19-14-30.tiff
Guardado: /home/alonso/Desktop/2025-03-04_19-13-30_RGB/RGB_19-14-32.png y /home/alonso/Desktop/2025-03-04_19-13-30_TIFF/RAW_19-14-32.tiff
Guardado: /home/alonso/Desktop/2025-03-04_19-13-30_RGB/RGB_19-14-34.png y /home/alonso/Desktop/2025-03-04_19-13-30_TIFF/RAW_19-14-34.tiff
Guardado: /home/alonso/Desktop/2025-03-04_19-13-30_RGB/RGB_19-14-36.png y /home/alonso/Desktop/2025-03-04_19-13-30_TIFF/RAW_19-14-36.tiff
Guardado: /home/alonso/Desktop/2025-03-04_19-13-30_RGB/RGB_19-14-38.png y /home/alonso/Desktop/2025-03-04_19-13-30_TIFF/RAW_19-14-38.tiff
Guardado: /home/alonso/Desktop/2025-03-04_19-13-30_RGB/RGB_19-14-40.png y /home/alonso/Desktop/2025-03-04_19-13-30_TIFF/RAW_19-14-40.tiff
Guardado: /home/alonso/Desktop/2025-03-04_19-13-30_RGB/RGB_19-14-42.png y /home/alonso/Desktop/2025-03-04_19-13-30_TIFF/RAW_19-14-42.tiff
Guardado: /home/alonso/Desktop/2025-03-04_19-13-30_RGB/RGB_19-14-44.png y /home/alonso/Desktop/2025-03-04_19-13-30_TIFF/RAW_19-14-44.tiff
Guardado: /home/alonso/Desktop/2025-03-04_19-13-30_RGB/RGB_19-14-46.png y /home/alonso/Desktop/2025-03-04_19-13-30_TIFF/RAW_19-14-46.tiff
Guardado: /home/alonso/Desktop/2025-03-04_19-13-30_RGB/RGB_19-14-48.png y /home/alonso/Desktop/2025-03-04_19-13-30_TIFF/RAW_19-14-48.tiff
Guardado: /home/alonso/Desktop/2025-03-04_19-13-30_RGB/RGB_19-14-50.png y /home/alonso/Desktop/2025-03-04_19-13-30_TIFF/RAW_19-14-50.tiff
Guardado: /home/alonso/Desktop/2025-03-04_19-13-30_RGB/RGB_19-14-52.png y /home/alonso/Desktop/2025-03-04_19-13-30_TIFF/RAW_19-14-52.tiff
Guardado: /home/alonso/Desktop/2025-03-04_19-13-30_RGB/RGB_19-14-54.png y /home/alonso/Desktop/2025-03-04_19-13-30_TIFF/RAW_19-14-54.tiff
Guardado: /home/alonso/Desktop/2025-03-04_19-13-30_RGB/RGB_19-14-56.png y /home/alonso/Desktop/2025-03-04_19-13-30_TIFF/RAW_19-14-56.tiff
Guardado: /home/alonso/Desktop/2025-03-04_19-13-30_RGB/RGB_19-14-58.png y /home/alonso/Desktop/2025-03-04_19-13-30_TIFF/RAW_19-14-58.tiff
Guardado: /home/alonso/Desktop/2025-03-04_19-13-30_RGB/RGB_19-15-00.png y /home/alonso/Desktop/2025-03-04_19-13-30_TIFF/RAW_19-15-00.tiff
Guardado: /home/alonso/Desktop/2025-03-04_19-13-30_RGB/RGB_19-15-02.png y /home/alonso/Desktop/2025-03-04_19-13-30_TIFF/RAW_19-15-02.tiff
Guardado: /home/alonso/Desktop/2025-03-04_19-13-30_RGB/RGB_19-15-04.png y /home/alonso/Desktop/2025-03-04_19-13-30_TIFF/RAW_19-15-04.tiff
Guardado: /home/alonso/Desktop/2025-03-04_19-13-30_RGB/RGB_19-15-06.png y /home/alonso/Desktop/2025-03-04_19-13-30_TIFF/RAW_19-15-06.tiff
Guardado: /home/alonso/Desktop/2025-03-04_19-13-30_RGB/RGB_19-15-08.png y /home/alonso/Desktop/2025-03-04_19-13-30_TIFF/RAW_19-15-08.tiff
Guardado: /home/alonso/Desktop/2025-03-04_19-13-30_RGB/RGB_19-15-10.png y /home/alonso/Desktop/2025-03-04_19-13-30_TIFF/RAW_19-15-10.tiff
Guardado: /home/alonso/Desktop/2025-03-04_19-13-30_RGB/RGB_19-15-12.png y /home/alonso/Desktop/2025-03-04_19-13-30_TIFF/RAW_19-15-12.tiff
Guardado: /home/alonso/Desktop/2025-03-04_19-13-30_RGB/RGB_19-15-14.png y /home/alonso/Desktop/2025-03-04_19-13-30_TIFF/RAW_19-15-14.tiff
Guardado: /home/alonso/Desktop/2025-03-04_19-13-30_RGB/RGB_19-15-16.png y /home/alonso/Desktop/2025-03-04_19-13-30_TIFF/RAW_19-15-16.tiff
Guardado: /home/alonso/Desktop/2025-03-04_19-13-30_RGB/RGB_19-15-18.png y /home/alonso/Desktop/2025-03-04_19-13-30_TIFF/RAW_19-15-18.tiff
Guardado: /home/alonso/Desktop/2025-03-04_19-13-30_RGB/RGB_19-15-20.png y /home/alonso/Desktop/2025-03-04_19-13-30_TIFF/RAW_19-15-20.tiff
Guardado: /home/alonso/Desktop/2025-03-04_19-13-30_RGB/RGB_19-15-22.png y /home/alonso/Desktop/2025-03-04_19-13-30_TIFF/RAW_19-15-22.tiff
Guardado: /home/alonso/Desktop/2025-03-04_19-13-30_RGB/RGB_19-15-24.png y /home/alonso/Desktop/2025-03-04_19-13-30_TIFF/RAW_19-15-24.tiff
Guardado: /home/alonso/Desktop/2025-03-04_19-13-30_RGB/RGB_19-15-26.png y /home/alonso/Desktop/2025-03-04_19-13-30_TIFF/RAW_19-15-26.tiff
Guardado: /home/alonso/Desktop/2025-03-04_19-13-30_RGB/RGB_19-15-28.png y /home/alonso/Desktop/2025-03-04_19-13-30_TIFF/RAW_19-15-28.tiff
Guardado: /home/alonso/Desktop/2025-03-04_19-13-30_RGB/RGB_19-15-30.png y /home/alonso/Desktop/2025-03-04_19-13-30_TIFF/RAW_19-15-30.tiff
2025-03-04 19:15:36.424 Port 8501 is already in use
2025-03-04 19:15:37.260 Port 8501 is already in use
xiAPI: WorkerThread is down: ret 0
xiAPI: xiCloseDevice
xiAPI: DisableSensor
xiAPI: DisableDevice
xiAPI: deleting camera context: dwID=26270971, ptr=77557000 processID=00006F69
Guardado: /home/alonso/Desktop/2025-03-04_19-13-30_RGB/RGB_19-15-32.png y /home/alonso/Desktop/2025-03-04_19-13-30_TIFF/RAW_19-15-32.tiff
Guardado: /home/alonso/Desktop/2025-03-04_19-13-30_RGB/RGB_19-15-34.png y /home/alonso/Desktop/2025-03-04_19-13-30_TIFF/RAW_19-15-34.tiff
Guardado: /home/alonso/Desktop/2025-03-04_19-13-30_RGB/RGB_19-15-36.png y /home/alonso/Desktop/2025-03-04_19-13-30_TIFF/RAW_19-15-36.tiff
Guardado: /home/alonso/Desktop/2025-03-04_19-13-30_RGB/RGB_19-15-38.png y /home/alonso/Desktop/2025-03-04_19-13-30_TIFF/RAW_19-15-38.tiff
2025-03-04 19:15:44.500 Port 8501 is already in use
2025-03-04 19:15:45.313 Port 8501 is already in use
xiAPI: ---- xiOpenDevice API:V4.29.17.00 started ----
xiAPI: XIMEA Camera API V4.29.17.00
xiAPI: Adding camera context: dwID=26270971  ptr=5228C000 processID=0000751F
xiAPI: Create handles 1 Process 0000751F
xiAPI: FindModelnfoAltInDevAltXml searching... for model info from dev-alt.xml SN:
xiAPI: FindModelnfoAltInDevAltXml searching... for model info from dev-alt.xml SN:
xiAPI: xiOpenDevice - legacy SN used for identification 26270971
xiAPI: Enable sensor
xiAPI: OK retrains 0
xiAPI: xiReadFileFFS 'SensFPNCorrections' not found
xiAPI: ScmCorrectorA::LoadAndParseConfigurationFile Warning: file SensFPNCorrections not found
xiAPI: xiReadFileFFS 'SensFPNCorrections' not found
xiAPI: ScmCorrectorA::LoadAndParseConfigurationFile Warning: file SensFPNCorrections not found
xiAPI: Sensor SetExposure freq=48MHz exp=0us regexp=x1
xiAPI: Bad Pixel List file 'mmf1/bad_pixel_list.txt' not found
xiAPI: Sensor SetExposure freq=48MHz exp=0us regexp=x1
xiAPI: AutoSetBandwidth measurement
xiAPI: CalculateResources : Context 5228C000 ID 26270971 m_maxBytes=1024 m_maxBufferSize=1048576
xiAPI: AutoSetBandwidth measured 3596Mbps. Safe margin 10% will be used.
xiAPI: Current bandwidth limit auto-set to 3236 Mbps (min:80Mbps,max:3596Mbps)
xiAPI: Sensor SetExposure freq=48MHz exp=16us regexp=x1
xiAPI: Sensor SetExposure freq=48MHz exp=16us regexp=x1
xiAPI: ---- Device opened. Model:MQ022HG-IM-SM4X4-VIS3 SN:26270971 FwF1: API:V4.29.17.00 ----
xiAPI: Sensor SetExposure freq=48MHz exp=30000us regexp=x2B96
xiAPI: Sensor SetExposure freq=48MHz exp=29998us regexp=x2B96
xiAPI: CalculateResources : Context 5228C000 ID 26270971 m_maxBytes=1024 m_maxBufferSize=1048576
xiAPI: StartVideoStream
xiAPI: WorkerThread is up
Warning: Ignoring XDG_SESSION_TYPE=wayland on Gnome. Use QT_QPA_PLATFORM=wayland to run on Wayland anyway.
2025-03-04 19:15:52.548 Port 8501 is already in use
2025-03-04 19:15:53.419 Port 8501 is already in use
2025-03-04 19:16:00.690 Port 8501 is already in use
2025-03-04 19:16:01.512 Port 8501 is already in use
2025-03-04 19:16:08.722 Port 8501 is already in use
2025-03-04 19:16:09.570 Port 8501 is already in use
2025-03-04 19:16:16.784 Port 8501 is already in use
2025-03-04 19:16:17.615 Port 8501 is already in use
2025-03-04 19:16:24.832 Port 8501 is already in use
2025-03-04 19:16:25.648 Port 8501 is already in use
2025-03-04 19:16:32.891 Port 8501 is already in use
2025-03-04 19:16:33.688 Port 8501 is already in use
2025-03-04 19:16:40.939 Port 8501 is already in use
2025-03-04 19:16:41.754 Port 8501 is already in use
2025-03-04 19:16:48.996 Port 8501 is already in use
2025-03-04 19:16:49.821 Port 8501 is already in use
2025-03-04 19:16:57.064 Port 8501 is already in use
2025-03-04 19:16:57.860 Port 8501 is already in use
Guardado: /home/alonso/Desktop/2025-03-04_19-15-46_RGB/RGB_19-15-49.png y /home/alonso/Desktop/2025-03-04_19-15-46_TIFF/RAW_19-15-49.tiff
Guardado: /home/alonso/Desktop/2025-03-04_19-15-46_RGB/RGB_19-15-51.png y /home/alonso/Desktop/2025-03-04_19-15-46_TIFF/RAW_19-15-51.tiff
Guardado: /home/alonso/Desktop/2025-03-04_19-15-46_RGB/RGB_19-15-53.png y /home/alonso/Desktop/2025-03-04_19-15-46_TIFF/RAW_19-15-53.tiff
Guardado: /home/alonso/Desktop/2025-03-04_19-15-46_RGB/RGB_19-15-55.png y /home/alonso/Desktop/2025-03-04_19-15-46_TIFF/RAW_19-15-55.tiff
Guardado: /home/alonso/Desktop/2025-03-04_19-15-46_RGB/RGB_19-15-57.png y /home/alonso/Desktop/2025-03-04_19-15-46_TIFF/RAW_19-15-57.tiff
Guardado: /home/alonso/Desktop/2025-03-04_19-15-46_RGB/RGB_19-15-59.png y /home/alonso/Desktop/2025-03-04_19-15-46_TIFF/RAW_19-15-59.tiff
Guardado: /home/alonso/Desktop/2025-03-04_19-15-46_RGB/RGB_19-16-01.png y /home/alonso/Desktop/2025-03-04_19-15-46_TIFF/RAW_19-16-01.tiff
Guardado: /home/alonso/Desktop/2025-03-04_19-15-46_RGB/RGB_19-16-03.png y /home/alonso/Desktop/2025-03-04_19-15-46_TIFF/RAW_19-16-03.tiff
Guardado: /home/alonso/Desktop/2025-03-04_19-15-46_RGB/RGB_19-16-06.png y /home/alonso/Desktop/2025-03-04_19-15-46_TIFF/RAW_19-16-06.tiff
Guardado: /home/alonso/Desktop/2025-03-04_19-15-46_RGB/RGB_19-16-08.png y /home/alonso/Desktop/2025-03-04_19-15-46_TIFF/RAW_19-16-08.tiff
Guardado: /home/alonso/Desktop/2025-03-04_19-15-46_RGB/RGB_19-16-10.png y /home/alonso/Desktop/2025-03-04_19-15-46_TIFF/RAW_19-16-10.tiff
Guardado: /home/alonso/Desktop/2025-03-04_19-15-46_RGB/RGB_19-16-12.png y /home/alonso/Desktop/2025-03-04_19-15-46_TIFF/RAW_19-16-12.tiff
Guardado: /home/alonso/Desktop/2025-03-04_19-15-46_RGB/RGB_19-16-14.png y /home/alonso/Desktop/2025-03-04_19-15-46_TIFF/RAW_19-16-14.tiff
Guardado: /home/alonso/Desktop/2025-03-04_19-15-46_RGB/RGB_19-16-16.png y /home/alonso/Desktop/2025-03-04_19-15-46_TIFF/RAW_19-16-16.tiff
Guardado: /home/alonso/Desktop/2025-03-04_19-15-46_RGB/RGB_19-16-18.png y /home/alonso/Desktop/2025-03-04_19-15-46_TIFF/RAW_19-16-18.tiff
Guardado: /home/alonso/Desktop/2025-03-04_19-15-46_RGB/RGB_19-16-20.png y /home/alonso/Desktop/2025-03-04_19-15-46_TIFF/RAW_19-16-20.tiff
Guardado: /home/alonso/Desktop/2025-03-04_19-15-46_RGB/RGB_19-16-22.png y /home/alonso/Desktop/2025-03-04_19-15-46_TIFF/RAW_19-16-22.tiff
Guardado: /home/alonso/Desktop/2025-03-04_19-15-46_RGB/RGB_19-16-24.png y /home/alonso/Desktop/2025-03-04_19-15-46_TIFF/RAW_19-16-24.tiff
Guardado: /home/alonso/Desktop/2025-03-04_19-15-46_RGB/RGB_19-16-26.png y /home/alonso/Desktop/2025-03-04_19-15-46_TIFF/RAW_19-16-26.tiff
Guardado: /home/alonso/Desktop/2025-03-04_19-15-46_RGB/RGB_19-16-28.png y /home/alonso/Desktop/2025-03-04_19-15-46_TIFF/RAW_19-16-28.tiff
Guardado: /home/alonso/Desktop/2025-03-04_19-15-46_RGB/RGB_19-16-30.png y /home/alonso/Desktop/2025-03-04_19-15-46_TIFF/RAW_19-16-30.tiff
Guardado: /home/alonso/Desktop/2025-03-04_19-15-46_RGB/RGB_19-16-32.png y /home/alonso/Desktop/2025-03-04_19-15-46_TIFF/RAW_19-16-32.tiff
Guardado: /home/alonso/Desktop/2025-03-04_19-15-46_RGB/RGB_19-16-34.png y /home/alonso/Desktop/2025-03-04_19-15-46_TIFF/RAW_19-16-34.tiff
Guardado: /home/alonso/Desktop/2025-03-04_19-15-46_RGB/RGB_19-16-36.png y /home/alonso/Desktop/2025-03-04_19-15-46_TIFF/RAW_19-16-36.tiff
Guardado: /home/alonso/Desktop/2025-03-04_19-15-46_RGB/RGB_19-16-38.png y /home/alonso/Desktop/2025-03-04_19-15-46_TIFF/RAW_19-16-38.tiff
Guardado: /home/alonso/Desktop/2025-03-04_19-15-46_RGB/RGB_19-16-40.png y /home/alonso/Desktop/2025-03-04_19-15-46_TIFF/RAW_19-16-40.tiff
Guardado: /home/alonso/Desktop/2025-03-04_19-15-46_RGB/RGB_19-16-42.png y /home/alonso/Desktop/2025-03-04_19-15-46_TIFF/RAW_19-16-42.tiff
Guardado: /home/alonso/Desktop/2025-03-04_19-15-46_RGB/RGB_19-16-44.png y /home/alonso/Desktop/2025-03-04_19-15-46_TIFF/RAW_19-16-44.tiff
Guardado: /home/alonso/Desktop/2025-03-04_19-15-46_RGB/RGB_19-16-46.png y /home/alonso/Desktop/2025-03-04_19-15-46_TIFF/RAW_19-16-46.tiff
Guardado: /home/alonso/Desktop/2025-03-04_19-15-46_RGB/RGB_19-16-48.png y /home/alonso/Desktop/2025-03-04_19-15-46_TIFF/RAW_19-16-48.tiff
Guardado: /home/alonso/Desktop/2025-03-04_19-15-46_RGB/RGB_19-16-50.png y /home/alonso/Desktop/2025-03-04_19-15-46_TIFF/RAW_19-16-50.tiff
Guardado: /home/alonso/Desktop/2025-03-04_19-15-46_RGB/RGB_19-16-52.png y /home/alonso/Desktop/2025-03-04_19-15-46_TIFF/RAW_19-16-52.tiff
Guardado: /home/alonso/Desktop/2025-03-04_19-15-46_RGB/RGB_19-16-54.png y /home/alonso/Desktop/2025-03-04_19-15-46_TIFF/RAW_19-16-54.tiff
Guardado: /home/alonso/Desktop/2025-03-04_19-15-46_RGB/RGB_19-16-56.png y /home/alonso/Desktop/2025-03-04_19-15-46_TIFF/RAW_19-16-56.tiff
Guardado: /home/alonso/Desktop/2025-03-04_19-15-46_RGB/RGB_19-16-58.png y /home/alonso/Desktop/2025-03-04_19-15-46_TIFF/RAW_19-16-58.tiff
Guardado: /home/alonso/Desktop/2025-03-04_19-15-46_RGB/RGB_19-17-00.png y /home/alonso/Desktop/2025-03-04_19-15-46_TIFF/RAW_19-17-00.tiff
Traceback (most recent call last):
  File "/home/alonso/Documents/GitHub/Spine--2025/xcamera2.py", line 106, in <module>
    false_rgb = adjust_gamma(false_rgb, gamma_value)
                ^^^^^^^^^^^^^^^^^^^^^^^^^^^^^^^^^^^^
  File "/home/alonso/Documents/GitHub/Spine--2025/xcamera2.py", line 58, in adjust_gamma
    invGamma = 1.0 / gamma
               ~~~~^~~~~~~
ZeroDivisionError: float division by zero
2025-03-04 19:17:05.078 Port 8501 is already in use
2025-03-04 19:17:05.925 Port 8501 is already in use
xiAPI: ---- xiOpenDevice API:V4.29.17.00 started ----
xiAPI: XIMEA Camera API V4.29.17.00
xiAPI: Adding camera context: dwID=26270971  ptr=968B5000 processID=00007869
xiAPI: Create handles 1 Process 00007869
xiAPI: FindModelnfoAltInDevAltXml searching... for model info from dev-alt.xml SN:
xiAPI: FindModelnfoAltInDevAltXml searching... for model info from dev-alt.xml SN:
xiAPI: xiOpenDevice - legacy SN used for identification 26270971
xiAPI: Enable sensor
xiAPI: OK retrains 0
xiAPI: xiReadFileFFS 'SensFPNCorrections' not found
xiAPI: ScmCorrectorA::LoadAndParseConfigurationFile Warning: file SensFPNCorrections not found
xiAPI: xiReadFileFFS 'SensFPNCorrections' not found
xiAPI: ScmCorrectorA::LoadAndParseConfigurationFile Warning: file SensFPNCorrections not found
xiAPI: Sensor SetExposure freq=48MHz exp=0us regexp=x1
xiAPI: Bad Pixel List file 'mmf1/bad_pixel_list.txt' not found
xiAPI: Sensor SetExposure freq=48MHz exp=0us regexp=x1
xiAPI: AutoSetBandwidth measurement
xiAPI: CalculateResources : Context 968B5000 ID 26270971 m_maxBytes=1024 m_maxBufferSize=1048576
xiAPI: AutoSetBandwidth measured 3597Mbps. Safe margin 10% will be used.
xiAPI: Current bandwidth limit auto-set to 3237 Mbps (min:80Mbps,max:3597Mbps)
xiAPI: Sensor SetExposure freq=48MHz exp=16us regexp=x1
xiAPI: Sensor SetExposure freq=48MHz exp=16us regexp=x1
xiAPI: ---- Device opened. Model:MQ022HG-IM-SM4X4-VIS3 SN:26270971 FwF1: API:V4.29.17.00 ----
xiAPI: Sensor SetExposure freq=48MHz exp=30000us regexp=x2B96
xiAPI: Sensor SetExposure freq=48MHz exp=29998us regexp=x2B96
xiAPI: CalculateResources : Context 968B5000 ID 26270971 m_maxBytes=1024 m_maxBufferSize=1048576
xiAPI: StartVideoStream
xiAPI: WorkerThread is up
Warning: Ignoring XDG_SESSION_TYPE=wayland on Gnome. Use QT_QPA_PLATFORM=wayland to run on Wayland anyway.
2025-03-04 19:17:13.171 Port 8501 is already in use
2025-03-04 19:17:14.017 Port 8501 is already in use
2025-03-04 19:17:21.308 Port 8501 is already in use
2025-03-04 19:17:22.056 Port 8501 is already in use
2025-03-04 19:17:29.304 Port 8501 is already in use
2025-03-04 19:17:30.110 Port 8501 is already in use
2025-03-04 19:17:37.422 Port 8501 is already in use
2025-03-04 19:17:38.170 Port 8501 is already in use
2025-03-04 19:17:45.489 Port 8501 is already in use
2025-03-04 19:17:46.235 Port 8501 is already in use
2025-03-04 19:17:53.539 Port 8501 is already in use
2025-03-04 19:17:54.287 Port 8501 is already in use
2025-03-04 19:18:01.605 Port 8501 is already in use
2025-03-04 19:18:02.366 Port 8501 is already in use
2025-03-04 19:18:09.654 Port 8501 is already in use
2025-03-04 19:18:10.413 Port 8501 is already in use
2025-03-04 19:18:17.706 Port 8501 is already in use
2025-03-04 19:18:18.488 Port 8501 is already in use
2025-03-04 19:18:25.774 Port 8501 is already in use
2025-03-04 19:18:26.567 Port 8501 is already in use
2025-03-04 19:18:33.817 Port 8501 is already in use
2025-03-04 19:18:34.647 Port 8501 is already in use
2025-03-04 19:18:41.875 Port 8501 is already in use
2025-03-04 19:18:42.694 Port 8501 is already in use
2025-03-04 19:18:49.950 Port 8501 is already in use
2025-03-04 19:18:50.766 Port 8501 is already in use
2025-03-04 19:18:57.996 Port 8501 is already in use
2025-03-04 19:18:58.812 Port 8501 is already in use
2025-03-04 19:19:06.067 Port 8501 is already in use
2025-03-04 19:19:06.867 Port 8501 is already in use
Guardado: /home/alonso/Desktop/2025-03-04_19-17-07_RGB/RGB_19-17-11.png y /home/alonso/Desktop/2025-03-04_19-17-07_TIFF/RAW_19-17-11.tiff
Guardado: /home/alonso/Desktop/2025-03-04_19-17-07_RGB/RGB_19-17-13.png y /home/alonso/Desktop/2025-03-04_19-17-07_TIFF/RAW_19-17-13.tiff
Guardado: /home/alonso/Desktop/2025-03-04_19-17-07_RGB/RGB_19-17-15.png y /home/alonso/Desktop/2025-03-04_19-17-07_TIFF/RAW_19-17-15.tiff
Guardado: /home/alonso/Desktop/2025-03-04_19-17-07_RGB/RGB_19-17-17.png y /home/alonso/Desktop/2025-03-04_19-17-07_TIFF/RAW_19-17-17.tiff
Guardado: /home/alonso/Desktop/2025-03-04_19-17-07_RGB/RGB_19-17-19.png y /home/alonso/Desktop/2025-03-04_19-17-07_TIFF/RAW_19-17-19.tiff
Guardado: /home/alonso/Desktop/2025-03-04_19-17-07_RGB/RGB_19-17-21.png y /home/alonso/Desktop/2025-03-04_19-17-07_TIFF/RAW_19-17-21.tiff
Guardado: /home/alonso/Desktop/2025-03-04_19-17-07_RGB/RGB_19-17-23.png y /home/alonso/Desktop/2025-03-04_19-17-07_TIFF/RAW_19-17-23.tiff
Guardado: /home/alonso/Desktop/2025-03-04_19-17-07_RGB/RGB_19-17-25.png y /home/alonso/Desktop/2025-03-04_19-17-07_TIFF/RAW_19-17-25.tiff
Guardado: /home/alonso/Desktop/2025-03-04_19-17-07_RGB/RGB_19-17-27.png y /home/alonso/Desktop/2025-03-04_19-17-07_TIFF/RAW_19-17-27.tiff
Guardado: /home/alonso/Desktop/2025-03-04_19-17-07_RGB/RGB_19-17-29.png y /home/alonso/Desktop/2025-03-04_19-17-07_TIFF/RAW_19-17-29.tiff
Guardado: /home/alonso/Desktop/2025-03-04_19-17-07_RGB/RGB_19-17-31.png y /home/alonso/Desktop/2025-03-04_19-17-07_TIFF/RAW_19-17-31.tiff
Guardado: /home/alonso/Desktop/2025-03-04_19-17-07_RGB/RGB_19-17-33.png y /home/alonso/Desktop/2025-03-04_19-17-07_TIFF/RAW_19-17-33.tiff
Guardado: /home/alonso/Desktop/2025-03-04_19-17-07_RGB/RGB_19-17-35.png y /home/alonso/Desktop/2025-03-04_19-17-07_TIFF/RAW_19-17-35.tiff
Guardado: /home/alonso/Desktop/2025-03-04_19-17-07_RGB/RGB_19-17-37.png y /home/alonso/Desktop/2025-03-04_19-17-07_TIFF/RAW_19-17-37.tiff
Guardado: /home/alonso/Desktop/2025-03-04_19-17-07_RGB/RGB_19-17-39.png y /home/alonso/Desktop/2025-03-04_19-17-07_TIFF/RAW_19-17-39.tiff
Guardado: /home/alonso/Desktop/2025-03-04_19-17-07_RGB/RGB_19-17-41.png y /home/alonso/Desktop/2025-03-04_19-17-07_TIFF/RAW_19-17-41.tiff
Guardado: /home/alonso/Desktop/2025-03-04_19-17-07_RGB/RGB_19-17-43.png y /home/alonso/Desktop/2025-03-04_19-17-07_TIFF/RAW_19-17-43.tiff
Guardado: /home/alonso/Desktop/2025-03-04_19-17-07_RGB/RGB_19-17-45.png y /home/alonso/Desktop/2025-03-04_19-17-07_TIFF/RAW_19-17-45.tiff
Guardado: /home/alonso/Desktop/2025-03-04_19-17-07_RGB/RGB_19-17-47.png y /home/alonso/Desktop/2025-03-04_19-17-07_TIFF/RAW_19-17-47.tiff
Guardado: /home/alonso/Desktop/2025-03-04_19-17-07_RGB/RGB_19-17-49.png y /home/alonso/Desktop/2025-03-04_19-17-07_TIFF/RAW_19-17-49.tiff
Guardado: /home/alonso/Desktop/2025-03-04_19-17-07_RGB/RGB_19-17-51.png y /home/alonso/Desktop/2025-03-04_19-17-07_TIFF/RAW_19-17-51.tiff
Guardado: /home/alonso/Desktop/2025-03-04_19-17-07_RGB/RGB_19-17-53.png y /home/alonso/Desktop/2025-03-04_19-17-07_TIFF/RAW_19-17-53.tiff
Guardado: /home/alonso/Desktop/2025-03-04_19-17-07_RGB/RGB_19-17-55.png y /home/alonso/Desktop/2025-03-04_19-17-07_TIFF/RAW_19-17-55.tiff
Guardado: /home/alonso/Desktop/2025-03-04_19-17-07_RGB/RGB_19-17-57.png y /home/alonso/Desktop/2025-03-04_19-17-07_TIFF/RAW_19-17-57.tiff
Guardado: /home/alonso/Desktop/2025-03-04_19-17-07_RGB/RGB_19-17-59.png y /home/alonso/Desktop/2025-03-04_19-17-07_TIFF/RAW_19-17-59.tiff
Guardado: /home/alonso/Desktop/2025-03-04_19-17-07_RGB/RGB_19-18-01.png y /home/alonso/Desktop/2025-03-04_19-17-07_TIFF/RAW_19-18-01.tiff
Guardado: /home/alonso/Desktop/2025-03-04_19-17-07_RGB/RGB_19-18-03.png y /home/alonso/Desktop/2025-03-04_19-17-07_TIFF/RAW_19-18-03.tiff
Guardado: /home/alonso/Desktop/2025-03-04_19-17-07_RGB/RGB_19-18-05.png y /home/alonso/Desktop/2025-03-04_19-17-07_TIFF/RAW_19-18-05.tiff
Guardado: /home/alonso/Desktop/2025-03-04_19-17-07_RGB/RGB_19-18-07.png y /home/alonso/Desktop/2025-03-04_19-17-07_TIFF/RAW_19-18-07.tiff
Guardado: /home/alonso/Desktop/2025-03-04_19-17-07_RGB/RGB_19-18-09.png y /home/alonso/Desktop/2025-03-04_19-17-07_TIFF/RAW_19-18-09.tiff
Guardado: /home/alonso/Desktop/2025-03-04_19-17-07_RGB/RGB_19-18-11.png y /home/alonso/Desktop/2025-03-04_19-17-07_TIFF/RAW_19-18-11.tiff
Guardado: /home/alonso/Desktop/2025-03-04_19-17-07_RGB/RGB_19-18-13.png y /home/alonso/Desktop/2025-03-04_19-17-07_TIFF/RAW_19-18-13.tiff
Guardado: /home/alonso/Desktop/2025-03-04_19-17-07_RGB/RGB_19-18-15.png y /home/alonso/Desktop/2025-03-04_19-17-07_TIFF/RAW_19-18-15.tiff
Guardado: /home/alonso/Desktop/2025-03-04_19-17-07_RGB/RGB_19-18-17.png y /home/alonso/Desktop/2025-03-04_19-17-07_TIFF/RAW_19-18-17.tiff
Guardado: /home/alonso/Desktop/2025-03-04_19-17-07_RGB/RGB_19-18-19.png y /home/alonso/Desktop/2025-03-04_19-17-07_TIFF/RAW_19-18-19.tiff
Guardado: /home/alonso/Desktop/2025-03-04_19-17-07_RGB/RGB_19-18-21.png y /home/alonso/Desktop/2025-03-04_19-17-07_TIFF/RAW_19-18-21.tiff
Guardado: /home/alonso/Desktop/2025-03-04_19-17-07_RGB/RGB_19-18-23.png y /home/alonso/Desktop/2025-03-04_19-17-07_TIFF/RAW_19-18-23.tiff
Guardado: /home/alonso/Desktop/2025-03-04_19-17-07_RGB/RGB_19-18-25.png y /home/alonso/Desktop/2025-03-04_19-17-07_TIFF/RAW_19-18-25.tiff
Guardado: /home/alonso/Desktop/2025-03-04_19-17-07_RGB/RGB_19-18-27.png y /home/alonso/Desktop/2025-03-04_19-17-07_TIFF/RAW_19-18-27.tiff
Guardado: /home/alonso/Desktop/2025-03-04_19-17-07_RGB/RGB_19-18-29.png y /home/alonso/Desktop/2025-03-04_19-17-07_TIFF/RAW_19-18-29.tiff
Guardado: /home/alonso/Desktop/2025-03-04_19-17-07_RGB/RGB_19-18-31.png y /home/alonso/Desktop/2025-03-04_19-17-07_TIFF/RAW_19-18-31.tiff
Guardado: /home/alonso/Desktop/2025-03-04_19-17-07_RGB/RGB_19-18-33.png y /home/alonso/Desktop/2025-03-04_19-17-07_TIFF/RAW_19-18-33.tiff
Guardado: /home/alonso/Desktop/2025-03-04_19-17-07_RGB/RGB_19-18-35.png y /home/alonso/Desktop/2025-03-04_19-17-07_TIFF/RAW_19-18-35.tiff
Guardado: /home/alonso/Desktop/2025-03-04_19-17-07_RGB/RGB_19-18-37.png y /home/alonso/Desktop/2025-03-04_19-17-07_TIFF/RAW_19-18-37.tiff
Guardado: /home/alonso/Desktop/2025-03-04_19-17-07_RGB/RGB_19-18-39.png y /home/alonso/Desktop/2025-03-04_19-17-07_TIFF/RAW_19-18-39.tiff
Guardado: /home/alonso/Desktop/2025-03-04_19-17-07_RGB/RGB_19-18-41.png y /home/alonso/Desktop/2025-03-04_19-17-07_TIFF/RAW_19-18-41.tiff
Guardado: /home/alonso/Desktop/2025-03-04_19-17-07_RGB/RGB_19-18-43.png y /home/alonso/Desktop/2025-03-04_19-17-07_TIFF/RAW_19-18-43.tiff
Guardado: /home/alonso/Desktop/2025-03-04_19-17-07_RGB/RGB_19-18-45.png y /home/alonso/Desktop/2025-03-04_19-17-07_TIFF/RAW_19-18-45.tiff
Guardado: /home/alonso/Desktop/2025-03-04_19-17-07_RGB/RGB_19-18-47.png y /home/alonso/Desktop/2025-03-04_19-17-07_TIFF/RAW_19-18-47.tiff
Guardado: /home/alonso/Desktop/2025-03-04_19-17-07_RGB/RGB_19-18-50.png y /home/alonso/Desktop/2025-03-04_19-17-07_TIFF/RAW_19-18-50.tiff
Guardado: /home/alonso/Desktop/2025-03-04_19-17-07_RGB/RGB_19-18-52.png y /home/alonso/Desktop/2025-03-04_19-17-07_TIFF/RAW_19-18-52.tiff
Guardado: /home/alonso/Desktop/2025-03-04_19-17-07_RGB/RGB_19-18-54.png y /home/alonso/Desktop/2025-03-04_19-17-07_TIFF/RAW_19-18-54.tiff
Guardado: /home/alonso/Desktop/2025-03-04_19-17-07_RGB/RGB_19-18-56.png y /home/alonso/Desktop/2025-03-04_19-17-07_TIFF/RAW_19-18-56.tiff
Guardado: /home/alonso/Desktop/2025-03-04_19-17-07_RGB/RGB_19-18-58.png y /home/alonso/Desktop/2025-03-04_19-17-07_TIFF/RAW_19-18-58.tiff
Guardado: /home/alonso/Desktop/2025-03-04_19-17-07_RGB/RGB_19-19-00.png y /home/alonso/Desktop/2025-03-04_19-17-07_TIFF/RAW_19-19-00.tiff
Guardado: /home/alonso/Desktop/2025-03-04_19-17-07_RGB/RGB_19-19-02.png y /home/alonso/Desktop/2025-03-04_19-17-07_TIFF/RAW_19-19-02.tiff
Guardado: /home/alonso/Desktop/2025-03-04_19-17-07_RGB/RGB_19-19-04.png y /home/alonso/Desktop/2025-03-04_19-17-07_TIFF/RAW_19-19-04.tiff
Guardado: /home/alonso/Desktop/2025-03-04_19-17-07_RGB/RGB_19-19-06.png y /home/alonso/Desktop/2025-03-04_19-17-07_TIFF/RAW_19-19-06.tiff
Guardado: /home/alonso/Desktop/2025-03-04_19-17-07_RGB/RGB_19-19-08.png y /home/alonso/Desktop/2025-03-04_19-17-07_TIFF/RAW_19-19-08.tiff
2025-03-04 19:19:14.130 Port 8501 is already in use
2025-03-04 19:19:14.936 Port 8501 is already in use
2025-03-04 19:19:22.246 Port 8501 is already in use
2025-03-04 19:19:22.992 Port 8501 is already in use
2025-03-04 19:19:30.296 Port 8501 is already in use
2025-03-04 19:19:31.099 Port 8501 is already in use
2025-03-04 19:19:38.348 Port 8501 is already in use
2025-03-04 19:19:39.099 Port 8501 is already in use
2025-03-04 19:19:46.417 Port 8501 is already in use
2025-03-04 19:19:47.155 Port 8501 is already in use
2025-03-04 19:19:54.456 Port 8501 is already in use
2025-03-04 19:19:55.228 Port 8501 is already in use
2025-03-04 19:20:02.505 Port 8501 is already in use
2025-03-04 19:20:03.275 Port 8501 is already in use
2025-03-04 19:20:10.593 Port 8501 is already in use
2025-03-04 19:20:11.347 Port 8501 is already in use
2025-03-04 19:20:18.624 Port 8501 is already in use
2025-03-04 19:20:19.412 Port 8501 is already in use
2025-03-04 19:20:26.683 Port 8501 is already in use
2025-03-04 19:20:27.456 Port 8501 is already in use
2025-03-04 19:20:34.728 Port 8501 is already in use
2025-03-04 19:20:35.530 Port 8501 is already in use
2025-03-04 19:20:42.793 Port 8501 is already in use
2025-03-04 19:20:43.589 Port 8501 is already in use
2025-03-04 19:20:50.854 Port 8501 is already in use
2025-03-04 19:20:51.648 Port 8501 is already in use
2025-03-04 19:20:58.916 Port 8501 is already in use
2025-03-04 19:20:59.768 Port 8501 is already in use
2025-03-04 19:21:06.969 Port 8501 is already in use
2025-03-04 19:21:07.792 Port 8501 is already in use
Guardado: /home/alonso/Desktop/2025-03-04_19-17-07_RGB/RGB_19-19-10.png y /home/alonso/Desktop/2025-03-04_19-17-07_TIFF/RAW_19-19-10.tiff
Guardado: /home/alonso/Desktop/2025-03-04_19-17-07_RGB/RGB_19-19-12.png y /home/alonso/Desktop/2025-03-04_19-17-07_TIFF/RAW_19-19-12.tiff
Guardado: /home/alonso/Desktop/2025-03-04_19-17-07_RGB/RGB_19-19-14.png y /home/alonso/Desktop/2025-03-04_19-17-07_TIFF/RAW_19-19-14.tiff
Guardado: /home/alonso/Desktop/2025-03-04_19-17-07_RGB/RGB_19-19-16.png y /home/alonso/Desktop/2025-03-04_19-17-07_TIFF/RAW_19-19-16.tiff
Guardado: /home/alonso/Desktop/2025-03-04_19-17-07_RGB/RGB_19-19-18.png y /home/alonso/Desktop/2025-03-04_19-17-07_TIFF/RAW_19-19-18.tiff
Guardado: /home/alonso/Desktop/2025-03-04_19-17-07_RGB/RGB_19-19-20.png y /home/alonso/Desktop/2025-03-04_19-17-07_TIFF/RAW_19-19-20.tiff
Guardado: /home/alonso/Desktop/2025-03-04_19-17-07_RGB/RGB_19-19-22.png y /home/alonso/Desktop/2025-03-04_19-17-07_TIFF/RAW_19-19-22.tiff
Guardado: /home/alonso/Desktop/2025-03-04_19-17-07_RGB/RGB_19-19-24.png y /home/alonso/Desktop/2025-03-04_19-17-07_TIFF/RAW_19-19-24.tiff
Guardado: /home/alonso/Desktop/2025-03-04_19-17-07_RGB/RGB_19-19-26.png y /home/alonso/Desktop/2025-03-04_19-17-07_TIFF/RAW_19-19-26.tiff
Guardado: /home/alonso/Desktop/2025-03-04_19-17-07_RGB/RGB_19-19-28.png y /home/alonso/Desktop/2025-03-04_19-17-07_TIFF/RAW_19-19-28.tiff
Guardado: /home/alonso/Desktop/2025-03-04_19-17-07_RGB/RGB_19-19-30.png y /home/alonso/Desktop/2025-03-04_19-17-07_TIFF/RAW_19-19-30.tiff
Guardado: /home/alonso/Desktop/2025-03-04_19-17-07_RGB/RGB_19-19-32.png y /home/alonso/Desktop/2025-03-04_19-17-07_TIFF/RAW_19-19-32.tiff
Guardado: /home/alonso/Desktop/2025-03-04_19-17-07_RGB/RGB_19-19-34.png y /home/alonso/Desktop/2025-03-04_19-17-07_TIFF/RAW_19-19-34.tiff
Guardado: /home/alonso/Desktop/2025-03-04_19-17-07_RGB/RGB_19-19-36.png y /home/alonso/Desktop/2025-03-04_19-17-07_TIFF/RAW_19-19-36.tiff
Guardado: /home/alonso/Desktop/2025-03-04_19-17-07_RGB/RGB_19-19-38.png y /home/alonso/Desktop/2025-03-04_19-17-07_TIFF/RAW_19-19-38.tiff
Guardado: /home/alonso/Desktop/2025-03-04_19-17-07_RGB/RGB_19-19-40.png y /home/alonso/Desktop/2025-03-04_19-17-07_TIFF/RAW_19-19-40.tiff
Guardado: /home/alonso/Desktop/2025-03-04_19-17-07_RGB/RGB_19-19-42.png y /home/alonso/Desktop/2025-03-04_19-17-07_TIFF/RAW_19-19-42.tiff
Guardado: /home/alonso/Desktop/2025-03-04_19-17-07_RGB/RGB_19-19-44.png y /home/alonso/Desktop/2025-03-04_19-17-07_TIFF/RAW_19-19-44.tiff
Guardado: /home/alonso/Desktop/2025-03-04_19-17-07_RGB/RGB_19-19-46.png y /home/alonso/Desktop/2025-03-04_19-17-07_TIFF/RAW_19-19-46.tiff
Guardado: /home/alonso/Desktop/2025-03-04_19-17-07_RGB/RGB_19-19-48.png y /home/alonso/Desktop/2025-03-04_19-17-07_TIFF/RAW_19-19-48.tiff
Guardado: /home/alonso/Desktop/2025-03-04_19-17-07_RGB/RGB_19-19-50.png y /home/alonso/Desktop/2025-03-04_19-17-07_TIFF/RAW_19-19-50.tiff
Guardado: /home/alonso/Desktop/2025-03-04_19-17-07_RGB/RGB_19-19-52.png y /home/alonso/Desktop/2025-03-04_19-17-07_TIFF/RAW_19-19-52.tiff
Guardado: /home/alonso/Desktop/2025-03-04_19-17-07_RGB/RGB_19-19-54.png y /home/alonso/Desktop/2025-03-04_19-17-07_TIFF/RAW_19-19-54.tiff
Guardado: /home/alonso/Desktop/2025-03-04_19-17-07_RGB/RGB_19-19-56.png y /home/alonso/Desktop/2025-03-04_19-17-07_TIFF/RAW_19-19-56.tiff
Guardado: /home/alonso/Desktop/2025-03-04_19-17-07_RGB/RGB_19-19-58.png y /home/alonso/Desktop/2025-03-04_19-17-07_TIFF/RAW_19-19-58.tiff
Guardado: /home/alonso/Desktop/2025-03-04_19-17-07_RGB/RGB_19-20-00.png y /home/alonso/Desktop/2025-03-04_19-17-07_TIFF/RAW_19-20-00.tiff
Guardado: /home/alonso/Desktop/2025-03-04_19-17-07_RGB/RGB_19-20-02.png y /home/alonso/Desktop/2025-03-04_19-17-07_TIFF/RAW_19-20-02.tiff
Guardado: /home/alonso/Desktop/2025-03-04_19-17-07_RGB/RGB_19-20-04.png y /home/alonso/Desktop/2025-03-04_19-17-07_TIFF/RAW_19-20-04.tiff
Guardado: /home/alonso/Desktop/2025-03-04_19-17-07_RGB/RGB_19-20-06.png y /home/alonso/Desktop/2025-03-04_19-17-07_TIFF/RAW_19-20-06.tiff
Guardado: /home/alonso/Desktop/2025-03-04_19-17-07_RGB/RGB_19-20-08.png y /home/alonso/Desktop/2025-03-04_19-17-07_TIFF/RAW_19-20-08.tiff
Guardado: /home/alonso/Desktop/2025-03-04_19-17-07_RGB/RGB_19-20-10.png y /home/alonso/Desktop/2025-03-04_19-17-07_TIFF/RAW_19-20-10.tiff
Guardado: /home/alonso/Desktop/2025-03-04_19-17-07_RGB/RGB_19-20-12.png y /home/alonso/Desktop/2025-03-04_19-17-07_TIFF/RAW_19-20-12.tiff
Guardado: /home/alonso/Desktop/2025-03-04_19-17-07_RGB/RGB_19-20-14.png y /home/alonso/Desktop/2025-03-04_19-17-07_TIFF/RAW_19-20-14.tiff
Guardado: /home/alonso/Desktop/2025-03-04_19-17-07_RGB/RGB_19-20-16.png y /home/alonso/Desktop/2025-03-04_19-17-07_TIFF/RAW_19-20-16.tiff
Guardado: /home/alonso/Desktop/2025-03-04_19-17-07_RGB/RGB_19-20-18.png y /home/alonso/Desktop/2025-03-04_19-17-07_TIFF/RAW_19-20-18.tiff
Guardado: /home/alonso/Desktop/2025-03-04_19-17-07_RGB/RGB_19-20-20.png y /home/alonso/Desktop/2025-03-04_19-17-07_TIFF/RAW_19-20-20.tiff
Guardado: /home/alonso/Desktop/2025-03-04_19-17-07_RGB/RGB_19-20-22.png y /home/alonso/Desktop/2025-03-04_19-17-07_TIFF/RAW_19-20-22.tiff
Guardado: /home/alonso/Desktop/2025-03-04_19-17-07_RGB/RGB_19-20-24.png y /home/alonso/Desktop/2025-03-04_19-17-07_TIFF/RAW_19-20-24.tiff
Guardado: /home/alonso/Desktop/2025-03-04_19-17-07_RGB/RGB_19-20-26.png y /home/alonso/Desktop/2025-03-04_19-17-07_TIFF/RAW_19-20-26.tiff
Guardado: /home/alonso/Desktop/2025-03-04_19-17-07_RGB/RGB_19-20-28.png y /home/alonso/Desktop/2025-03-04_19-17-07_TIFF/RAW_19-20-28.tiff
Guardado: /home/alonso/Desktop/2025-03-04_19-17-07_RGB/RGB_19-20-30.png y /home/alonso/Desktop/2025-03-04_19-17-07_TIFF/RAW_19-20-30.tiff
Guardado: /home/alonso/Desktop/2025-03-04_19-17-07_RGB/RGB_19-20-32.png y /home/alonso/Desktop/2025-03-04_19-17-07_TIFF/RAW_19-20-32.tiff
Guardado: /home/alonso/Desktop/2025-03-04_19-17-07_RGB/RGB_19-20-34.png y /home/alonso/Desktop/2025-03-04_19-17-07_TIFF/RAW_19-20-34.tiff
Guardado: /home/alonso/Desktop/2025-03-04_19-17-07_RGB/RGB_19-20-36.png y /home/alonso/Desktop/2025-03-04_19-17-07_TIFF/RAW_19-20-36.tiff
Guardado: /home/alonso/Desktop/2025-03-04_19-17-07_RGB/RGB_19-20-38.png y /home/alonso/Desktop/2025-03-04_19-17-07_TIFF/RAW_19-20-38.tiff
Guardado: /home/alonso/Desktop/2025-03-04_19-17-07_RGB/RGB_19-20-40.png y /home/alonso/Desktop/2025-03-04_19-17-07_TIFF/RAW_19-20-40.tiff
Guardado: /home/alonso/Desktop/2025-03-04_19-17-07_RGB/RGB_19-20-42.png y /home/alonso/Desktop/2025-03-04_19-17-07_TIFF/RAW_19-20-42.tiff
Guardado: /home/alonso/Desktop/2025-03-04_19-17-07_RGB/RGB_19-20-44.png y /home/alonso/Desktop/2025-03-04_19-17-07_TIFF/RAW_19-20-44.tiff
Guardado: /home/alonso/Desktop/2025-03-04_19-17-07_RGB/RGB_19-20-46.png y /home/alonso/Desktop/2025-03-04_19-17-07_TIFF/RAW_19-20-46.tiff
Guardado: /home/alonso/Desktop/2025-03-04_19-17-07_RGB/RGB_19-20-48.png y /home/alonso/Desktop/2025-03-04_19-17-07_TIFF/RAW_19-20-48.tiff
Guardado: /home/alonso/Desktop/2025-03-04_19-17-07_RGB/RGB_19-20-50.png y /home/alonso/Desktop/2025-03-04_19-17-07_TIFF/RAW_19-20-50.tiff
Guardado: /home/alonso/Desktop/2025-03-04_19-17-07_RGB/RGB_19-20-52.png y /home/alonso/Desktop/2025-03-04_19-17-07_TIFF/RAW_19-20-52.tiff
Guardado: /home/alonso/Desktop/2025-03-04_19-17-07_RGB/RGB_19-20-54.png y /home/alonso/Desktop/2025-03-04_19-17-07_TIFF/RAW_19-20-54.tiff
Guardado: /home/alonso/Desktop/2025-03-04_19-17-07_RGB/RGB_19-20-56.png y /home/alonso/Desktop/2025-03-04_19-17-07_TIFF/RAW_19-20-56.tiff
Guardado: /home/alonso/Desktop/2025-03-04_19-17-07_RGB/RGB_19-20-58.png y /home/alonso/Desktop/2025-03-04_19-17-07_TIFF/RAW_19-20-58.tiff
Guardado: /home/alonso/Desktop/2025-03-04_19-17-07_RGB/RGB_19-21-00.png y /home/alonso/Desktop/2025-03-04_19-17-07_TIFF/RAW_19-21-00.tiff
Guardado: /home/alonso/Desktop/2025-03-04_19-17-07_RGB/RGB_19-21-02.png y /home/alonso/Desktop/2025-03-04_19-17-07_TIFF/RAW_19-21-02.tiff
Guardado: /home/alonso/Desktop/2025-03-04_19-17-07_RGB/RGB_19-21-04.png y /home/alonso/Desktop/2025-03-04_19-17-07_TIFF/RAW_19-21-04.tiff
Guardado: /home/alonso/Desktop/2025-03-04_19-17-07_RGB/RGB_19-21-06.png y /home/alonso/Desktop/2025-03-04_19-17-07_TIFF/RAW_19-21-06.tiff
2025-03-04 19:21:15.019 Port 8501 is already in use
2025-03-04 19:21:15.861 Port 8501 is already in use
2025-03-04 19:21:23.099 Port 8501 is already in use
2025-03-04 19:21:23.934 Port 8501 is already in use
2025-03-04 19:21:31.143 Port 8501 is already in use
2025-03-04 19:21:31.998 Port 8501 is already in use
2025-03-04 19:21:39.222 Port 8501 is already in use
2025-03-04 19:21:40.060 Port 8501 is already in use
2025-03-04 19:21:47.278 Port 8501 is already in use
2025-03-04 19:21:48.110 Port 8501 is already in use
2025-03-04 19:21:55.325 Port 8501 is already in use
2025-03-04 19:21:56.188 Port 8501 is already in use
2025-03-04 19:22:03.412 Port 8501 is already in use
2025-03-04 19:22:04.247 Port 8501 is already in use
2025-03-04 19:22:11.470 Port 8501 is already in use
2025-03-04 19:22:12.323 Port 8501 is already in use
2025-03-04 19:22:19.618 Port 8501 is already in use
2025-03-04 19:22:20.369 Port 8501 is already in use
2025-03-04 19:22:27.673 Port 8501 is already in use
2025-03-04 19:22:28.451 Port 8501 is already in use
2025-03-04 19:22:35.686 Port 8501 is already in use
2025-03-04 19:22:36.484 Port 8501 is already in use
2025-03-04 19:22:43.742 Port 8501 is already in use
2025-03-04 19:22:44.539 Port 8501 is already in use
2025-03-04 19:22:51.748 Port 8501 is already in use
2025-03-04 19:22:52.621 Port 8501 is already in use
2025-03-04 19:22:59.855 Port 8501 is already in use
2025-03-04 19:23:00.705 Port 8501 is already in use
Guardado: /home/alonso/Desktop/2025-03-04_19-17-07_RGB/RGB_19-21-08.png y /home/alonso/Desktop/2025-03-04_19-17-07_TIFF/RAW_19-21-08.tiff
Guardado: /home/alonso/Desktop/2025-03-04_19-17-07_RGB/RGB_19-21-10.png y /home/alonso/Desktop/2025-03-04_19-17-07_TIFF/RAW_19-21-10.tiff
Guardado: /home/alonso/Desktop/2025-03-04_19-17-07_RGB/RGB_19-21-12.png y /home/alonso/Desktop/2025-03-04_19-17-07_TIFF/RAW_19-21-12.tiff
Guardado: /home/alonso/Desktop/2025-03-04_19-17-07_RGB/RGB_19-21-14.png y /home/alonso/Desktop/2025-03-04_19-17-07_TIFF/RAW_19-21-14.tiff
Guardado: /home/alonso/Desktop/2025-03-04_19-17-07_RGB/RGB_19-21-16.png y /home/alonso/Desktop/2025-03-04_19-17-07_TIFF/RAW_19-21-16.tiff
Guardado: /home/alonso/Desktop/2025-03-04_19-17-07_RGB/RGB_19-21-18.png y /home/alonso/Desktop/2025-03-04_19-17-07_TIFF/RAW_19-21-18.tiff
Guardado: /home/alonso/Desktop/2025-03-04_19-17-07_RGB/RGB_19-21-20.png y /home/alonso/Desktop/2025-03-04_19-17-07_TIFF/RAW_19-21-20.tiff
Guardado: /home/alonso/Desktop/2025-03-04_19-17-07_RGB/RGB_19-21-22.png y /home/alonso/Desktop/2025-03-04_19-17-07_TIFF/RAW_19-21-22.tiff
Guardado: /home/alonso/Desktop/2025-03-04_19-17-07_RGB/RGB_19-21-24.png y /home/alonso/Desktop/2025-03-04_19-17-07_TIFF/RAW_19-21-24.tiff
Guardado: /home/alonso/Desktop/2025-03-04_19-17-07_RGB/RGB_19-21-26.png y /home/alonso/Desktop/2025-03-04_19-17-07_TIFF/RAW_19-21-26.tiff
Guardado: /home/alonso/Desktop/2025-03-04_19-17-07_RGB/RGB_19-21-28.png y /home/alonso/Desktop/2025-03-04_19-17-07_TIFF/RAW_19-21-28.tiff
Guardado: /home/alonso/Desktop/2025-03-04_19-17-07_RGB/RGB_19-21-30.png y /home/alonso/Desktop/2025-03-04_19-17-07_TIFF/RAW_19-21-30.tiff
Guardado: /home/alonso/Desktop/2025-03-04_19-17-07_RGB/RGB_19-21-32.png y /home/alonso/Desktop/2025-03-04_19-17-07_TIFF/RAW_19-21-32.tiff
Guardado: /home/alonso/Desktop/2025-03-04_19-17-07_RGB/RGB_19-21-34.png y /home/alonso/Desktop/2025-03-04_19-17-07_TIFF/RAW_19-21-34.tiff
Guardado: /home/alonso/Desktop/2025-03-04_19-17-07_RGB/RGB_19-21-36.png y /home/alonso/Desktop/2025-03-04_19-17-07_TIFF/RAW_19-21-36.tiff
Guardado: /home/alonso/Desktop/2025-03-04_19-17-07_RGB/RGB_19-21-38.png y /home/alonso/Desktop/2025-03-04_19-17-07_TIFF/RAW_19-21-38.tiff
Guardado: /home/alonso/Desktop/2025-03-04_19-17-07_RGB/RGB_19-21-40.png y /home/alonso/Desktop/2025-03-04_19-17-07_TIFF/RAW_19-21-40.tiff
Guardado: /home/alonso/Desktop/2025-03-04_19-17-07_RGB/RGB_19-21-42.png y /home/alonso/Desktop/2025-03-04_19-17-07_TIFF/RAW_19-21-42.tiff
Guardado: /home/alonso/Desktop/2025-03-04_19-17-07_RGB/RGB_19-21-44.png y /home/alonso/Desktop/2025-03-04_19-17-07_TIFF/RAW_19-21-44.tiff
Guardado: /home/alonso/Desktop/2025-03-04_19-17-07_RGB/RGB_19-21-46.png y /home/alonso/Desktop/2025-03-04_19-17-07_TIFF/RAW_19-21-46.tiff
Guardado: /home/alonso/Desktop/2025-03-04_19-17-07_RGB/RGB_19-21-48.png y /home/alonso/Desktop/2025-03-04_19-17-07_TIFF/RAW_19-21-48.tiff
Guardado: /home/alonso/Desktop/2025-03-04_19-17-07_RGB/RGB_19-21-50.png y /home/alonso/Desktop/2025-03-04_19-17-07_TIFF/RAW_19-21-50.tiff
Guardado: /home/alonso/Desktop/2025-03-04_19-17-07_RGB/RGB_19-21-52.png y /home/alonso/Desktop/2025-03-04_19-17-07_TIFF/RAW_19-21-52.tiff
Guardado: /home/alonso/Desktop/2025-03-04_19-17-07_RGB/RGB_19-21-54.png y /home/alonso/Desktop/2025-03-04_19-17-07_TIFF/RAW_19-21-54.tiff
Guardado: /home/alonso/Desktop/2025-03-04_19-17-07_RGB/RGB_19-21-57.png y /home/alonso/Desktop/2025-03-04_19-17-07_TIFF/RAW_19-21-57.tiff
Guardado: /home/alonso/Desktop/2025-03-04_19-17-07_RGB/RGB_19-21-59.png y /home/alonso/Desktop/2025-03-04_19-17-07_TIFF/RAW_19-21-59.tiff
Guardado: /home/alonso/Desktop/2025-03-04_19-17-07_RGB/RGB_19-22-01.png y /home/alonso/Desktop/2025-03-04_19-17-07_TIFF/RAW_19-22-01.tiff
Guardado: /home/alonso/Desktop/2025-03-04_19-17-07_RGB/RGB_19-22-03.png y /home/alonso/Desktop/2025-03-04_19-17-07_TIFF/RAW_19-22-03.tiff
Guardado: /home/alonso/Desktop/2025-03-04_19-17-07_RGB/RGB_19-22-05.png y /home/alonso/Desktop/2025-03-04_19-17-07_TIFF/RAW_19-22-05.tiff
Guardado: /home/alonso/Desktop/2025-03-04_19-17-07_RGB/RGB_19-22-07.png y /home/alonso/Desktop/2025-03-04_19-17-07_TIFF/RAW_19-22-07.tiff
Guardado: /home/alonso/Desktop/2025-03-04_19-17-07_RGB/RGB_19-22-09.png y /home/alonso/Desktop/2025-03-04_19-17-07_TIFF/RAW_19-22-09.tiff
Guardado: /home/alonso/Desktop/2025-03-04_19-17-07_RGB/RGB_19-22-11.png y /home/alonso/Desktop/2025-03-04_19-17-07_TIFF/RAW_19-22-11.tiff
Guardado: /home/alonso/Desktop/2025-03-04_19-17-07_RGB/RGB_19-22-13.png y /home/alonso/Desktop/2025-03-04_19-17-07_TIFF/RAW_19-22-13.tiff
Guardado: /home/alonso/Desktop/2025-03-04_19-17-07_RGB/RGB_19-22-15.png y /home/alonso/Desktop/2025-03-04_19-17-07_TIFF/RAW_19-22-15.tiff
Guardado: /home/alonso/Desktop/2025-03-04_19-17-07_RGB/RGB_19-22-17.png y /home/alonso/Desktop/2025-03-04_19-17-07_TIFF/RAW_19-22-17.tiff
Guardado: /home/alonso/Desktop/2025-03-04_19-17-07_RGB/RGB_19-22-19.png y /home/alonso/Desktop/2025-03-04_19-17-07_TIFF/RAW_19-22-19.tiff
Guardado: /home/alonso/Desktop/2025-03-04_19-17-07_RGB/RGB_19-22-21.png y /home/alonso/Desktop/2025-03-04_19-17-07_TIFF/RAW_19-22-21.tiff
Guardado: /home/alonso/Desktop/2025-03-04_19-17-07_RGB/RGB_19-22-23.png y /home/alonso/Desktop/2025-03-04_19-17-07_TIFF/RAW_19-22-23.tiff
Guardado: /home/alonso/Desktop/2025-03-04_19-17-07_RGB/RGB_19-22-25.png y /home/alonso/Desktop/2025-03-04_19-17-07_TIFF/RAW_19-22-25.tiff
Guardado: /home/alonso/Desktop/2025-03-04_19-17-07_RGB/RGB_19-22-27.png y /home/alonso/Desktop/2025-03-04_19-17-07_TIFF/RAW_19-22-27.tiff
Guardado: /home/alonso/Desktop/2025-03-04_19-17-07_RGB/RGB_19-22-29.png y /home/alonso/Desktop/2025-03-04_19-17-07_TIFF/RAW_19-22-29.tiff
Guardado: /home/alonso/Desktop/2025-03-04_19-17-07_RGB/RGB_19-22-31.png y /home/alonso/Desktop/2025-03-04_19-17-07_TIFF/RAW_19-22-31.tiff
Guardado: /home/alonso/Desktop/2025-03-04_19-17-07_RGB/RGB_19-22-33.png y /home/alonso/Desktop/2025-03-04_19-17-07_TIFF/RAW_19-22-33.tiff
Guardado: /home/alonso/Desktop/2025-03-04_19-17-07_RGB/RGB_19-22-35.png y /home/alonso/Desktop/2025-03-04_19-17-07_TIFF/RAW_19-22-35.tiff
Guardado: /home/alonso/Desktop/2025-03-04_19-17-07_RGB/RGB_19-22-37.png y /home/alonso/Desktop/2025-03-04_19-17-07_TIFF/RAW_19-22-37.tiff
Guardado: /home/alonso/Desktop/2025-03-04_19-17-07_RGB/RGB_19-22-39.png y /home/alonso/Desktop/2025-03-04_19-17-07_TIFF/RAW_19-22-39.tiff
Guardado: /home/alonso/Desktop/2025-03-04_19-17-07_RGB/RGB_19-22-41.png y /home/alonso/Desktop/2025-03-04_19-17-07_TIFF/RAW_19-22-41.tiff
Guardado: /home/alonso/Desktop/2025-03-04_19-17-07_RGB/RGB_19-22-43.png y /home/alonso/Desktop/2025-03-04_19-17-07_TIFF/RAW_19-22-43.tiff
Guardado: /home/alonso/Desktop/2025-03-04_19-17-07_RGB/RGB_19-22-45.png y /home/alonso/Desktop/2025-03-04_19-17-07_TIFF/RAW_19-22-45.tiff
Guardado: /home/alonso/Desktop/2025-03-04_19-17-07_RGB/RGB_19-22-47.png y /home/alonso/Desktop/2025-03-04_19-17-07_TIFF/RAW_19-22-47.tiff
Guardado: /home/alonso/Desktop/2025-03-04_19-17-07_RGB/RGB_19-22-49.png y /home/alonso/Desktop/2025-03-04_19-17-07_TIFF/RAW_19-22-49.tiff
Guardado: /home/alonso/Desktop/2025-03-04_19-17-07_RGB/RGB_19-22-51.png y /home/alonso/Desktop/2025-03-04_19-17-07_TIFF/RAW_19-22-51.tiff
Guardado: /home/alonso/Desktop/2025-03-04_19-17-07_RGB/RGB_19-22-53.png y /home/alonso/Desktop/2025-03-04_19-17-07_TIFF/RAW_19-22-53.tiff
Guardado: /home/alonso/Desktop/2025-03-04_19-17-07_RGB/RGB_19-22-55.png y /home/alonso/Desktop/2025-03-04_19-17-07_TIFF/RAW_19-22-55.tiff
Guardado: /home/alonso/Desktop/2025-03-04_19-17-07_RGB/RGB_19-22-57.png y /home/alonso/Desktop/2025-03-04_19-17-07_TIFF/RAW_19-22-57.tiff
Guardado: /home/alonso/Desktop/2025-03-04_19-17-07_RGB/RGB_19-22-59.png y /home/alonso/Desktop/2025-03-04_19-17-07_TIFF/RAW_19-22-59.tiff
Guardado: /home/alonso/Desktop/2025-03-04_19-17-07_RGB/RGB_19-23-01.png y /home/alonso/Desktop/2025-03-04_19-17-07_TIFF/RAW_19-23-01.tiff
Guardado: /home/alonso/Desktop/2025-03-04_19-17-07_RGB/RGB_19-23-03.png y /home/alonso/Desktop/2025-03-04_19-17-07_TIFF/RAW_19-23-03.tiff
Guardado: /home/alonso/Desktop/2025-03-04_19-17-07_RGB/RGB_19-23-05.png y /home/alonso/Desktop/2025-03-04_19-17-07_TIFF/RAW_19-23-05.tiff
2025-03-04 19:23:07.945 Port 8501 is already in use
2025-03-04 19:23:08.781 Port 8501 is already in use
2025-03-04 19:23:15.978 Port 8501 is already in use
2025-03-04 19:23:16.830 Port 8501 is already in use
2025-03-04 19:23:24.038 Port 8501 is already in use
2025-03-04 19:23:24.879 Port 8501 is already in use
2025-03-04 19:23:32.087 Port 8501 is already in use
2025-03-04 19:23:32.945 Port 8501 is already in use
2025-03-04 19:23:40.162 Port 8501 is already in use
2025-03-04 19:23:41.053 Port 8501 is already in use
2025-03-04 19:23:48.241 Port 8501 is already in use
2025-03-04 19:23:49.071 Port 8501 is already in use
2025-03-04 19:23:56.285 Port 8501 is already in use
2025-03-04 19:23:57.139 Port 8501 is already in use
2025-03-04 19:24:04.341 Port 8501 is already in use
2025-03-04 19:24:05.236 Port 8501 is already in use
2025-03-04 19:24:12.401 Port 8501 is already in use
2025-03-04 19:24:13.254 Port 8501 is already in use
2025-03-04 19:24:20.493 Port 8501 is already in use
2025-03-04 19:24:21.366 Port 8501 is already in use
2025-03-04 19:24:28.561 Port 8501 is already in use
2025-03-04 19:24:29.395 Port 8501 is already in use
2025-03-04 19:24:36.625 Port 8501 is already in use
2025-03-04 19:24:37.442 Port 8501 is already in use
2025-03-04 19:24:44.709 Port 8501 is already in use
2025-03-04 19:24:45.518 Port 8501 is already in use
2025-03-04 19:24:52.754 Port 8501 is already in use
2025-03-04 19:24:53.510 Port 8501 is already in use
2025-03-04 19:25:00.846 Port 8501 is already in use
2025-03-04 19:25:01.577 Port 8501 is already in use
Guardado: /home/alonso/Desktop/2025-03-04_19-17-07_RGB/RGB_19-23-07.png y /home/alonso/Desktop/2025-03-04_19-17-07_TIFF/RAW_19-23-07.tiff
Guardado: /home/alonso/Desktop/2025-03-04_19-17-07_RGB/RGB_19-23-09.png y /home/alonso/Desktop/2025-03-04_19-17-07_TIFF/RAW_19-23-09.tiff
Guardado: /home/alonso/Desktop/2025-03-04_19-17-07_RGB/RGB_19-23-11.png y /home/alonso/Desktop/2025-03-04_19-17-07_TIFF/RAW_19-23-11.tiff
Guardado: /home/alonso/Desktop/2025-03-04_19-17-07_RGB/RGB_19-23-13.png y /home/alonso/Desktop/2025-03-04_19-17-07_TIFF/RAW_19-23-13.tiff
Guardado: /home/alonso/Desktop/2025-03-04_19-17-07_RGB/RGB_19-23-15.png y /home/alonso/Desktop/2025-03-04_19-17-07_TIFF/RAW_19-23-15.tiff
Guardado: /home/alonso/Desktop/2025-03-04_19-17-07_RGB/RGB_19-23-17.png y /home/alonso/Desktop/2025-03-04_19-17-07_TIFF/RAW_19-23-17.tiff
Guardado: /home/alonso/Desktop/2025-03-04_19-17-07_RGB/RGB_19-23-19.png y /home/alonso/Desktop/2025-03-04_19-17-07_TIFF/RAW_19-23-19.tiff
Guardado: /home/alonso/Desktop/2025-03-04_19-17-07_RGB/RGB_19-23-21.png y /home/alonso/Desktop/2025-03-04_19-17-07_TIFF/RAW_19-23-21.tiff
Guardado: /home/alonso/Desktop/2025-03-04_19-17-07_RGB/RGB_19-23-23.png y /home/alonso/Desktop/2025-03-04_19-17-07_TIFF/RAW_19-23-23.tiff
Guardado: /home/alonso/Desktop/2025-03-04_19-17-07_RGB/RGB_19-23-25.png y /home/alonso/Desktop/2025-03-04_19-17-07_TIFF/RAW_19-23-25.tiff
Guardado: /home/alonso/Desktop/2025-03-04_19-17-07_RGB/RGB_19-23-27.png y /home/alonso/Desktop/2025-03-04_19-17-07_TIFF/RAW_19-23-27.tiff
Guardado: /home/alonso/Desktop/2025-03-04_19-17-07_RGB/RGB_19-23-29.png y /home/alonso/Desktop/2025-03-04_19-17-07_TIFF/RAW_19-23-29.tiff
Guardado: /home/alonso/Desktop/2025-03-04_19-17-07_RGB/RGB_19-23-31.png y /home/alonso/Desktop/2025-03-04_19-17-07_TIFF/RAW_19-23-31.tiff
Guardado: /home/alonso/Desktop/2025-03-04_19-17-07_RGB/RGB_19-23-33.png y /home/alonso/Desktop/2025-03-04_19-17-07_TIFF/RAW_19-23-33.tiff
Guardado: /home/alonso/Desktop/2025-03-04_19-17-07_RGB/RGB_19-23-35.png y /home/alonso/Desktop/2025-03-04_19-17-07_TIFF/RAW_19-23-35.tiff
Guardado: /home/alonso/Desktop/2025-03-04_19-17-07_RGB/RGB_19-23-37.png y /home/alonso/Desktop/2025-03-04_19-17-07_TIFF/RAW_19-23-37.tiff
Guardado: /home/alonso/Desktop/2025-03-04_19-17-07_RGB/RGB_19-23-39.png y /home/alonso/Desktop/2025-03-04_19-17-07_TIFF/RAW_19-23-39.tiff
Guardado: /home/alonso/Desktop/2025-03-04_19-17-07_RGB/RGB_19-23-41.png y /home/alonso/Desktop/2025-03-04_19-17-07_TIFF/RAW_19-23-41.tiff
Guardado: /home/alonso/Desktop/2025-03-04_19-17-07_RGB/RGB_19-23-43.png y /home/alonso/Desktop/2025-03-04_19-17-07_TIFF/RAW_19-23-43.tiff
Guardado: /home/alonso/Desktop/2025-03-04_19-17-07_RGB/RGB_19-23-45.png y /home/alonso/Desktop/2025-03-04_19-17-07_TIFF/RAW_19-23-45.tiff
Guardado: /home/alonso/Desktop/2025-03-04_19-17-07_RGB/RGB_19-23-47.png y /home/alonso/Desktop/2025-03-04_19-17-07_TIFF/RAW_19-23-47.tiff
Guardado: /home/alonso/Desktop/2025-03-04_19-17-07_RGB/RGB_19-23-49.png y /home/alonso/Desktop/2025-03-04_19-17-07_TIFF/RAW_19-23-49.tiff
Guardado: /home/alonso/Desktop/2025-03-04_19-17-07_RGB/RGB_19-23-51.png y /home/alonso/Desktop/2025-03-04_19-17-07_TIFF/RAW_19-23-51.tiff
Guardado: /home/alonso/Desktop/2025-03-04_19-17-07_RGB/RGB_19-23-53.png y /home/alonso/Desktop/2025-03-04_19-17-07_TIFF/RAW_19-23-53.tiff
Guardado: /home/alonso/Desktop/2025-03-04_19-17-07_RGB/RGB_19-23-55.png y /home/alonso/Desktop/2025-03-04_19-17-07_TIFF/RAW_19-23-55.tiff
Guardado: /home/alonso/Desktop/2025-03-04_19-17-07_RGB/RGB_19-23-57.png y /home/alonso/Desktop/2025-03-04_19-17-07_TIFF/RAW_19-23-57.tiff
Guardado: /home/alonso/Desktop/2025-03-04_19-17-07_RGB/RGB_19-23-59.png y /home/alonso/Desktop/2025-03-04_19-17-07_TIFF/RAW_19-23-59.tiff
Guardado: /home/alonso/Desktop/2025-03-04_19-17-07_RGB/RGB_19-24-01.png y /home/alonso/Desktop/2025-03-04_19-17-07_TIFF/RAW_19-24-01.tiff
Guardado: /home/alonso/Desktop/2025-03-04_19-17-07_RGB/RGB_19-24-03.png y /home/alonso/Desktop/2025-03-04_19-17-07_TIFF/RAW_19-24-03.tiff
Guardado: /home/alonso/Desktop/2025-03-04_19-17-07_RGB/RGB_19-24-05.png y /home/alonso/Desktop/2025-03-04_19-17-07_TIFF/RAW_19-24-05.tiff
Guardado: /home/alonso/Desktop/2025-03-04_19-17-07_RGB/RGB_19-24-07.png y /home/alonso/Desktop/2025-03-04_19-17-07_TIFF/RAW_19-24-07.tiff
Guardado: /home/alonso/Desktop/2025-03-04_19-17-07_RGB/RGB_19-24-09.png y /home/alonso/Desktop/2025-03-04_19-17-07_TIFF/RAW_19-24-09.tiff
Guardado: /home/alonso/Desktop/2025-03-04_19-17-07_RGB/RGB_19-24-11.png y /home/alonso/Desktop/2025-03-04_19-17-07_TIFF/RAW_19-24-11.tiff
Guardado: /home/alonso/Desktop/2025-03-04_19-17-07_RGB/RGB_19-24-13.png y /home/alonso/Desktop/2025-03-04_19-17-07_TIFF/RAW_19-24-13.tiff
Guardado: /home/alonso/Desktop/2025-03-04_19-17-07_RGB/RGB_19-24-15.png y /home/alonso/Desktop/2025-03-04_19-17-07_TIFF/RAW_19-24-15.tiff
Guardado: /home/alonso/Desktop/2025-03-04_19-17-07_RGB/RGB_19-24-17.png y /home/alonso/Desktop/2025-03-04_19-17-07_TIFF/RAW_19-24-17.tiff
Guardado: /home/alonso/Desktop/2025-03-04_19-17-07_RGB/RGB_19-24-19.png y /home/alonso/Desktop/2025-03-04_19-17-07_TIFF/RAW_19-24-19.tiff
Guardado: /home/alonso/Desktop/2025-03-04_19-17-07_RGB/RGB_19-24-21.png y /home/alonso/Desktop/2025-03-04_19-17-07_TIFF/RAW_19-24-21.tiff
Guardado: /home/alonso/Desktop/2025-03-04_19-17-07_RGB/RGB_19-24-23.png y /home/alonso/Desktop/2025-03-04_19-17-07_TIFF/RAW_19-24-23.tiff
Guardado: /home/alonso/Desktop/2025-03-04_19-17-07_RGB/RGB_19-24-25.png y /home/alonso/Desktop/2025-03-04_19-17-07_TIFF/RAW_19-24-25.tiff
Guardado: /home/alonso/Desktop/2025-03-04_19-17-07_RGB/RGB_19-24-27.png y /home/alonso/Desktop/2025-03-04_19-17-07_TIFF/RAW_19-24-27.tiff
Guardado: /home/alonso/Desktop/2025-03-04_19-17-07_RGB/RGB_19-24-29.png y /home/alonso/Desktop/2025-03-04_19-17-07_TIFF/RAW_19-24-29.tiff
Guardado: /home/alonso/Desktop/2025-03-04_19-17-07_RGB/RGB_19-24-31.png y /home/alonso/Desktop/2025-03-04_19-17-07_TIFF/RAW_19-24-31.tiff
Guardado: /home/alonso/Desktop/2025-03-04_19-17-07_RGB/RGB_19-24-33.png y /home/alonso/Desktop/2025-03-04_19-17-07_TIFF/RAW_19-24-33.tiff
Guardado: /home/alonso/Desktop/2025-03-04_19-17-07_RGB/RGB_19-24-35.png y /home/alonso/Desktop/2025-03-04_19-17-07_TIFF/RAW_19-24-35.tiff
Guardado: /home/alonso/Desktop/2025-03-04_19-17-07_RGB/RGB_19-24-37.png y /home/alonso/Desktop/2025-03-04_19-17-07_TIFF/RAW_19-24-37.tiff
Guardado: /home/alonso/Desktop/2025-03-04_19-17-07_RGB/RGB_19-24-39.png y /home/alonso/Desktop/2025-03-04_19-17-07_TIFF/RAW_19-24-39.tiff
Guardado: /home/alonso/Desktop/2025-03-04_19-17-07_RGB/RGB_19-24-41.png y /home/alonso/Desktop/2025-03-04_19-17-07_TIFF/RAW_19-24-41.tiff
Guardado: /home/alonso/Desktop/2025-03-04_19-17-07_RGB/RGB_19-24-43.png y /home/alonso/Desktop/2025-03-04_19-17-07_TIFF/RAW_19-24-43.tiff
Guardado: /home/alonso/Desktop/2025-03-04_19-17-07_RGB/RGB_19-24-45.png y /home/alonso/Desktop/2025-03-04_19-17-07_TIFF/RAW_19-24-45.tiff
Guardado: /home/alonso/Desktop/2025-03-04_19-17-07_RGB/RGB_19-24-47.png y /home/alonso/Desktop/2025-03-04_19-17-07_TIFF/RAW_19-24-47.tiff
Guardado: /home/alonso/Desktop/2025-03-04_19-17-07_RGB/RGB_19-24-49.png y /home/alonso/Desktop/2025-03-04_19-17-07_TIFF/RAW_19-24-49.tiff
Guardado: /home/alonso/Desktop/2025-03-04_19-17-07_RGB/RGB_19-24-51.png y /home/alonso/Desktop/2025-03-04_19-17-07_TIFF/RAW_19-24-51.tiff
Guardado: /home/alonso/Desktop/2025-03-04_19-17-07_RGB/RGB_19-24-53.png y /home/alonso/Desktop/2025-03-04_19-17-07_TIFF/RAW_19-24-53.tiff
Guardado: /home/alonso/Desktop/2025-03-04_19-17-07_RGB/RGB_19-24-55.png y /home/alonso/Desktop/2025-03-04_19-17-07_TIFF/RAW_19-24-55.tiff
Guardado: /home/alonso/Desktop/2025-03-04_19-17-07_RGB/RGB_19-24-57.png y /home/alonso/Desktop/2025-03-04_19-17-07_TIFF/RAW_19-24-57.tiff
Guardado: /home/alonso/Desktop/2025-03-04_19-17-07_RGB/RGB_19-24-59.png y /home/alonso/Desktop/2025-03-04_19-17-07_TIFF/RAW_19-24-59.tiff
Guardado: /home/alonso/Desktop/2025-03-04_19-17-07_RGB/RGB_19-25-02.png y /home/alonso/Desktop/2025-03-04_19-17-07_TIFF/RAW_19-25-02.tiff
Guardado: /home/alonso/Desktop/2025-03-04_19-17-07_RGB/RGB_19-25-04.png y /home/alonso/Desktop/2025-03-04_19-17-07_TIFF/RAW_19-25-04.tiff
2025-03-04 19:25:08.895 Port 8501 is already in use
2025-03-04 19:25:09.630 Port 8501 is already in use
2025-03-04 19:25:16.944 Port 8501 is already in use
2025-03-04 19:25:17.687 Port 8501 is already in use
2025-03-04 19:25:25.017 Port 8501 is already in use
2025-03-04 19:25:25.739 Port 8501 is already in use
2025-03-04 19:25:33.072 Port 8501 is already in use
2025-03-04 19:25:33.787 Port 8501 is already in use
2025-03-04 19:25:41.142 Port 8501 is already in use
2025-03-04 19:25:41.856 Port 8501 is already in use
2025-03-04 19:25:49.193 Port 8501 is already in use
2025-03-04 19:25:49.913 Port 8501 is already in use
2025-03-04 19:25:57.263 Port 8501 is already in use
2025-03-04 19:25:57.992 Port 8501 is already in use
2025-03-04 19:26:05.319 Port 8501 is already in use
2025-03-04 19:26:06.053 Port 8501 is already in use
2025-03-04 19:26:13.380 Port 8501 is already in use
2025-03-04 19:26:14.118 Port 8501 is already in use
2025-03-04 19:26:21.471 Port 8501 is already in use
2025-03-04 19:26:22.234 Port 8501 is already in use
2025-03-04 19:26:29.518 Port 8501 is already in use
2025-03-04 19:26:30.327 Port 8501 is already in use
2025-03-04 19:26:37.571 Port 8501 is already in use
2025-03-04 19:26:38.316 Port 8501 is already in use
2025-03-04 19:26:45.637 Port 8501 is already in use
2025-03-04 19:26:46.463 Port 8501 is already in use
2025-03-04 19:26:53.688 Port 8501 is already in use
2025-03-04 19:26:54.451 Port 8501 is already in use
2025-03-04 19:27:01.754 Port 8501 is already in use
2025-03-04 19:27:02.512 Port 8501 is already in use
Guardado: /home/alonso/Desktop/2025-03-04_19-17-07_RGB/RGB_19-25-06.png y /home/alonso/Desktop/2025-03-04_19-17-07_TIFF/RAW_19-25-06.tiff
Guardado: /home/alonso/Desktop/2025-03-04_19-17-07_RGB/RGB_19-25-08.png y /home/alonso/Desktop/2025-03-04_19-17-07_TIFF/RAW_19-25-08.tiff
Guardado: /home/alonso/Desktop/2025-03-04_19-17-07_RGB/RGB_19-25-10.png y /home/alonso/Desktop/2025-03-04_19-17-07_TIFF/RAW_19-25-10.tiff
Guardado: /home/alonso/Desktop/2025-03-04_19-17-07_RGB/RGB_19-25-12.png y /home/alonso/Desktop/2025-03-04_19-17-07_TIFF/RAW_19-25-12.tiff
Guardado: /home/alonso/Desktop/2025-03-04_19-17-07_RGB/RGB_19-25-14.png y /home/alonso/Desktop/2025-03-04_19-17-07_TIFF/RAW_19-25-14.tiff
Guardado: /home/alonso/Desktop/2025-03-04_19-17-07_RGB/RGB_19-25-16.png y /home/alonso/Desktop/2025-03-04_19-17-07_TIFF/RAW_19-25-16.tiff
Guardado: /home/alonso/Desktop/2025-03-04_19-17-07_RGB/RGB_19-25-18.png y /home/alonso/Desktop/2025-03-04_19-17-07_TIFF/RAW_19-25-18.tiff
Guardado: /home/alonso/Desktop/2025-03-04_19-17-07_RGB/RGB_19-25-20.png y /home/alonso/Desktop/2025-03-04_19-17-07_TIFF/RAW_19-25-20.tiff
Guardado: /home/alonso/Desktop/2025-03-04_19-17-07_RGB/RGB_19-25-22.png y /home/alonso/Desktop/2025-03-04_19-17-07_TIFF/RAW_19-25-22.tiff
Guardado: /home/alonso/Desktop/2025-03-04_19-17-07_RGB/RGB_19-25-24.png y /home/alonso/Desktop/2025-03-04_19-17-07_TIFF/RAW_19-25-24.tiff
Guardado: /home/alonso/Desktop/2025-03-04_19-17-07_RGB/RGB_19-25-26.png y /home/alonso/Desktop/2025-03-04_19-17-07_TIFF/RAW_19-25-26.tiff
Guardado: /home/alonso/Desktop/2025-03-04_19-17-07_RGB/RGB_19-25-28.png y /home/alonso/Desktop/2025-03-04_19-17-07_TIFF/RAW_19-25-28.tiff
Guardado: /home/alonso/Desktop/2025-03-04_19-17-07_RGB/RGB_19-25-30.png y /home/alonso/Desktop/2025-03-04_19-17-07_TIFF/RAW_19-25-30.tiff
Guardado: /home/alonso/Desktop/2025-03-04_19-17-07_RGB/RGB_19-25-32.png y /home/alonso/Desktop/2025-03-04_19-17-07_TIFF/RAW_19-25-32.tiff
Guardado: /home/alonso/Desktop/2025-03-04_19-17-07_RGB/RGB_19-25-34.png y /home/alonso/Desktop/2025-03-04_19-17-07_TIFF/RAW_19-25-34.tiff
Guardado: /home/alonso/Desktop/2025-03-04_19-17-07_RGB/RGB_19-25-36.png y /home/alonso/Desktop/2025-03-04_19-17-07_TIFF/RAW_19-25-36.tiff
Guardado: /home/alonso/Desktop/2025-03-04_19-17-07_RGB/RGB_19-25-38.png y /home/alonso/Desktop/2025-03-04_19-17-07_TIFF/RAW_19-25-38.tiff
Guardado: /home/alonso/Desktop/2025-03-04_19-17-07_RGB/RGB_19-25-40.png y /home/alonso/Desktop/2025-03-04_19-17-07_TIFF/RAW_19-25-40.tiff
Guardado: /home/alonso/Desktop/2025-03-04_19-17-07_RGB/RGB_19-25-42.png y /home/alonso/Desktop/2025-03-04_19-17-07_TIFF/RAW_19-25-42.tiff
Guardado: /home/alonso/Desktop/2025-03-04_19-17-07_RGB/RGB_19-25-44.png y /home/alonso/Desktop/2025-03-04_19-17-07_TIFF/RAW_19-25-44.tiff
Guardado: /home/alonso/Desktop/2025-03-04_19-17-07_RGB/RGB_19-25-46.png y /home/alonso/Desktop/2025-03-04_19-17-07_TIFF/RAW_19-25-46.tiff
Guardado: /home/alonso/Desktop/2025-03-04_19-17-07_RGB/RGB_19-25-48.png y /home/alonso/Desktop/2025-03-04_19-17-07_TIFF/RAW_19-25-48.tiff
Guardado: /home/alonso/Desktop/2025-03-04_19-17-07_RGB/RGB_19-25-50.png y /home/alonso/Desktop/2025-03-04_19-17-07_TIFF/RAW_19-25-50.tiff
Guardado: /home/alonso/Desktop/2025-03-04_19-17-07_RGB/RGB_19-25-52.png y /home/alonso/Desktop/2025-03-04_19-17-07_TIFF/RAW_19-25-52.tiff
Guardado: /home/alonso/Desktop/2025-03-04_19-17-07_RGB/RGB_19-25-54.png y /home/alonso/Desktop/2025-03-04_19-17-07_TIFF/RAW_19-25-54.tiff
Guardado: /home/alonso/Desktop/2025-03-04_19-17-07_RGB/RGB_19-25-56.png y /home/alonso/Desktop/2025-03-04_19-17-07_TIFF/RAW_19-25-56.tiff
Guardado: /home/alonso/Desktop/2025-03-04_19-17-07_RGB/RGB_19-25-58.png y /home/alonso/Desktop/2025-03-04_19-17-07_TIFF/RAW_19-25-58.tiff
Guardado: /home/alonso/Desktop/2025-03-04_19-17-07_RGB/RGB_19-26-00.png y /home/alonso/Desktop/2025-03-04_19-17-07_TIFF/RAW_19-26-00.tiff
Guardado: /home/alonso/Desktop/2025-03-04_19-17-07_RGB/RGB_19-26-02.png y /home/alonso/Desktop/2025-03-04_19-17-07_TIFF/RAW_19-26-02.tiff
Guardado: /home/alonso/Desktop/2025-03-04_19-17-07_RGB/RGB_19-26-04.png y /home/alonso/Desktop/2025-03-04_19-17-07_TIFF/RAW_19-26-04.tiff
Guardado: /home/alonso/Desktop/2025-03-04_19-17-07_RGB/RGB_19-26-06.png y /home/alonso/Desktop/2025-03-04_19-17-07_TIFF/RAW_19-26-06.tiff
Guardado: /home/alonso/Desktop/2025-03-04_19-17-07_RGB/RGB_19-26-08.png y /home/alonso/Desktop/2025-03-04_19-17-07_TIFF/RAW_19-26-08.tiff
Guardado: /home/alonso/Desktop/2025-03-04_19-17-07_RGB/RGB_19-26-10.png y /home/alonso/Desktop/2025-03-04_19-17-07_TIFF/RAW_19-26-10.tiff
Guardado: /home/alonso/Desktop/2025-03-04_19-17-07_RGB/RGB_19-26-12.png y /home/alonso/Desktop/2025-03-04_19-17-07_TIFF/RAW_19-26-12.tiff
Guardado: /home/alonso/Desktop/2025-03-04_19-17-07_RGB/RGB_19-26-14.png y /home/alonso/Desktop/2025-03-04_19-17-07_TIFF/RAW_19-26-14.tiff
Guardado: /home/alonso/Desktop/2025-03-04_19-17-07_RGB/RGB_19-26-16.png y /home/alonso/Desktop/2025-03-04_19-17-07_TIFF/RAW_19-26-16.tiff
Guardado: /home/alonso/Desktop/2025-03-04_19-17-07_RGB/RGB_19-26-18.png y /home/alonso/Desktop/2025-03-04_19-17-07_TIFF/RAW_19-26-18.tiff
Guardado: /home/alonso/Desktop/2025-03-04_19-17-07_RGB/RGB_19-26-20.png y /home/alonso/Desktop/2025-03-04_19-17-07_TIFF/RAW_19-26-20.tiff
Guardado: /home/alonso/Desktop/2025-03-04_19-17-07_RGB/RGB_19-26-22.png y /home/alonso/Desktop/2025-03-04_19-17-07_TIFF/RAW_19-26-22.tiff
Guardado: /home/alonso/Desktop/2025-03-04_19-17-07_RGB/RGB_19-26-24.png y /home/alonso/Desktop/2025-03-04_19-17-07_TIFF/RAW_19-26-24.tiff
Guardado: /home/alonso/Desktop/2025-03-04_19-17-07_RGB/RGB_19-26-26.png y /home/alonso/Desktop/2025-03-04_19-17-07_TIFF/RAW_19-26-26.tiff
Guardado: /home/alonso/Desktop/2025-03-04_19-17-07_RGB/RGB_19-26-28.png y /home/alonso/Desktop/2025-03-04_19-17-07_TIFF/RAW_19-26-28.tiff
Guardado: /home/alonso/Desktop/2025-03-04_19-17-07_RGB/RGB_19-26-30.png y /home/alonso/Desktop/2025-03-04_19-17-07_TIFF/RAW_19-26-30.tiff
Guardado: /home/alonso/Desktop/2025-03-04_19-17-07_RGB/RGB_19-26-32.png y /home/alonso/Desktop/2025-03-04_19-17-07_TIFF/RAW_19-26-32.tiff
Guardado: /home/alonso/Desktop/2025-03-04_19-17-07_RGB/RGB_19-26-34.png y /home/alonso/Desktop/2025-03-04_19-17-07_TIFF/RAW_19-26-34.tiff
Guardado: /home/alonso/Desktop/2025-03-04_19-17-07_RGB/RGB_19-26-36.png y /home/alonso/Desktop/2025-03-04_19-17-07_TIFF/RAW_19-26-36.tiff
Guardado: /home/alonso/Desktop/2025-03-04_19-17-07_RGB/RGB_19-26-38.png y /home/alonso/Desktop/2025-03-04_19-17-07_TIFF/RAW_19-26-38.tiff
Guardado: /home/alonso/Desktop/2025-03-04_19-17-07_RGB/RGB_19-26-40.png y /home/alonso/Desktop/2025-03-04_19-17-07_TIFF/RAW_19-26-40.tiff
Guardado: /home/alonso/Desktop/2025-03-04_19-17-07_RGB/RGB_19-26-42.png y /home/alonso/Desktop/2025-03-04_19-17-07_TIFF/RAW_19-26-42.tiff
Guardado: /home/alonso/Desktop/2025-03-04_19-17-07_RGB/RGB_19-26-44.png y /home/alonso/Desktop/2025-03-04_19-17-07_TIFF/RAW_19-26-44.tiff
Guardado: /home/alonso/Desktop/2025-03-04_19-17-07_RGB/RGB_19-26-46.png y /home/alonso/Desktop/2025-03-04_19-17-07_TIFF/RAW_19-26-46.tiff
Guardado: /home/alonso/Desktop/2025-03-04_19-17-07_RGB/RGB_19-26-48.png y /home/alonso/Desktop/2025-03-04_19-17-07_TIFF/RAW_19-26-48.tiff
Guardado: /home/alonso/Desktop/2025-03-04_19-17-07_RGB/RGB_19-26-50.png y /home/alonso/Desktop/2025-03-04_19-17-07_TIFF/RAW_19-26-50.tiff
Guardado: /home/alonso/Desktop/2025-03-04_19-17-07_RGB/RGB_19-26-52.png y /home/alonso/Desktop/2025-03-04_19-17-07_TIFF/RAW_19-26-52.tiff
Guardado: /home/alonso/Desktop/2025-03-04_19-17-07_RGB/RGB_19-26-54.png y /home/alonso/Desktop/2025-03-04_19-17-07_TIFF/RAW_19-26-54.tiff
Guardado: /home/alonso/Desktop/2025-03-04_19-17-07_RGB/RGB_19-26-56.png y /home/alonso/Desktop/2025-03-04_19-17-07_TIFF/RAW_19-26-56.tiff
Guardado: /home/alonso/Desktop/2025-03-04_19-17-07_RGB/RGB_19-26-58.png y /home/alonso/Desktop/2025-03-04_19-17-07_TIFF/RAW_19-26-58.tiff
Guardado: /home/alonso/Desktop/2025-03-04_19-17-07_RGB/RGB_19-27-00.png y /home/alonso/Desktop/2025-03-04_19-17-07_TIFF/RAW_19-27-00.tiff
Guardado: /home/alonso/Desktop/2025-03-04_19-17-07_RGB/RGB_19-27-02.png y /home/alonso/Desktop/2025-03-04_19-17-07_TIFF/RAW_19-27-02.tiff
2025-03-04 19:27:09.824 Port 8501 is already in use
2025-03-04 19:27:10.537 Port 8501 is already in use
2025-03-04 19:27:17.890 Port 8501 is already in use
2025-03-04 19:27:18.652 Port 8501 is already in use
2025-03-04 19:27:25.994 Port 8501 is already in use
2025-03-04 19:27:26.712 Port 8501 is already in use
2025-03-04 19:27:34.057 Port 8501 is already in use
2025-03-04 19:27:34.732 Port 8501 is already in use
2025-03-04 19:27:42.184 Port 8501 is already in use
2025-03-04 19:27:42.863 Port 8501 is already in use
2025-03-04 19:27:50.218 Port 8501 is already in use
2025-03-04 19:27:50.883 Port 8501 is already in use
2025-03-04 19:27:58.259 Port 8501 is already in use
2025-03-04 19:27:58.910 Port 8501 is already in use
2025-03-04 19:28:06.321 Port 8501 is already in use
2025-03-04 19:28:06.997 Port 8501 is already in use
2025-03-04 19:28:14.379 Port 8501 is already in use
2025-03-04 19:28:15.057 Port 8501 is already in use
2025-03-04 19:28:22.432 Port 8501 is already in use
2025-03-04 19:28:23.139 Port 8501 is already in use
2025-03-04 19:28:30.474 Port 8501 is already in use
2025-03-04 19:28:31.232 Port 8501 is already in use
2025-03-04 19:28:38.553 Port 8501 is already in use
2025-03-04 19:28:39.262 Port 8501 is already in use
2025-03-04 19:28:46.641 Port 8501 is already in use
2025-03-04 19:28:47.278 Port 8501 is already in use
2025-03-04 19:28:54.683 Port 8501 is already in use
2025-03-04 19:28:55.423 Port 8501 is already in use
2025-03-04 19:29:02.734 Port 8501 is already in use
2025-03-04 19:29:03.388 Port 8501 is already in use
Guardado: /home/alonso/Desktop/2025-03-04_19-17-07_RGB/RGB_19-27-04.png y /home/alonso/Desktop/2025-03-04_19-17-07_TIFF/RAW_19-27-04.tiff
Guardado: /home/alonso/Desktop/2025-03-04_19-17-07_RGB/RGB_19-27-06.png y /home/alonso/Desktop/2025-03-04_19-17-07_TIFF/RAW_19-27-06.tiff
Guardado: /home/alonso/Desktop/2025-03-04_19-17-07_RGB/RGB_19-27-08.png y /home/alonso/Desktop/2025-03-04_19-17-07_TIFF/RAW_19-27-08.tiff
Guardado: /home/alonso/Desktop/2025-03-04_19-17-07_RGB/RGB_19-27-10.png y /home/alonso/Desktop/2025-03-04_19-17-07_TIFF/RAW_19-27-10.tiff
Guardado: /home/alonso/Desktop/2025-03-04_19-17-07_RGB/RGB_19-27-12.png y /home/alonso/Desktop/2025-03-04_19-17-07_TIFF/RAW_19-27-12.tiff
Guardado: /home/alonso/Desktop/2025-03-04_19-17-07_RGB/RGB_19-27-14.png y /home/alonso/Desktop/2025-03-04_19-17-07_TIFF/RAW_19-27-14.tiff
Guardado: /home/alonso/Desktop/2025-03-04_19-17-07_RGB/RGB_19-27-16.png y /home/alonso/Desktop/2025-03-04_19-17-07_TIFF/RAW_19-27-16.tiff
Guardado: /home/alonso/Desktop/2025-03-04_19-17-07_RGB/RGB_19-27-18.png y /home/alonso/Desktop/2025-03-04_19-17-07_TIFF/RAW_19-27-18.tiff
Guardado: /home/alonso/Desktop/2025-03-04_19-17-07_RGB/RGB_19-27-20.png y /home/alonso/Desktop/2025-03-04_19-17-07_TIFF/RAW_19-27-20.tiff
Guardado: /home/alonso/Desktop/2025-03-04_19-17-07_RGB/RGB_19-27-22.png y /home/alonso/Desktop/2025-03-04_19-17-07_TIFF/RAW_19-27-22.tiff
Guardado: /home/alonso/Desktop/2025-03-04_19-17-07_RGB/RGB_19-27-24.png y /home/alonso/Desktop/2025-03-04_19-17-07_TIFF/RAW_19-27-24.tiff
Guardado: /home/alonso/Desktop/2025-03-04_19-17-07_RGB/RGB_19-27-26.png y /home/alonso/Desktop/2025-03-04_19-17-07_TIFF/RAW_19-27-26.tiff
Guardado: /home/alonso/Desktop/2025-03-04_19-17-07_RGB/RGB_19-27-28.png y /home/alonso/Desktop/2025-03-04_19-17-07_TIFF/RAW_19-27-28.tiff
Guardado: /home/alonso/Desktop/2025-03-04_19-17-07_RGB/RGB_19-27-30.png y /home/alonso/Desktop/2025-03-04_19-17-07_TIFF/RAW_19-27-30.tiff
Guardado: /home/alonso/Desktop/2025-03-04_19-17-07_RGB/RGB_19-27-32.png y /home/alonso/Desktop/2025-03-04_19-17-07_TIFF/RAW_19-27-32.tiff
Guardado: /home/alonso/Desktop/2025-03-04_19-17-07_RGB/RGB_19-27-34.png y /home/alonso/Desktop/2025-03-04_19-17-07_TIFF/RAW_19-27-34.tiff
Guardado: /home/alonso/Desktop/2025-03-04_19-17-07_RGB/RGB_19-27-36.png y /home/alonso/Desktop/2025-03-04_19-17-07_TIFF/RAW_19-27-36.tiff
Guardado: /home/alonso/Desktop/2025-03-04_19-17-07_RGB/RGB_19-27-38.png y /home/alonso/Desktop/2025-03-04_19-17-07_TIFF/RAW_19-27-38.tiff
Guardado: /home/alonso/Desktop/2025-03-04_19-17-07_RGB/RGB_19-27-40.png y /home/alonso/Desktop/2025-03-04_19-17-07_TIFF/RAW_19-27-40.tiff
Guardado: /home/alonso/Desktop/2025-03-04_19-17-07_RGB/RGB_19-27-42.png y /home/alonso/Desktop/2025-03-04_19-17-07_TIFF/RAW_19-27-42.tiff
Guardado: /home/alonso/Desktop/2025-03-04_19-17-07_RGB/RGB_19-27-44.png y /home/alonso/Desktop/2025-03-04_19-17-07_TIFF/RAW_19-27-44.tiff
Guardado: /home/alonso/Desktop/2025-03-04_19-17-07_RGB/RGB_19-27-46.png y /home/alonso/Desktop/2025-03-04_19-17-07_TIFF/RAW_19-27-46.tiff
Guardado: /home/alonso/Desktop/2025-03-04_19-17-07_RGB/RGB_19-27-48.png y /home/alonso/Desktop/2025-03-04_19-17-07_TIFF/RAW_19-27-48.tiff
Guardado: /home/alonso/Desktop/2025-03-04_19-17-07_RGB/RGB_19-27-50.png y /home/alonso/Desktop/2025-03-04_19-17-07_TIFF/RAW_19-27-50.tiff
Guardado: /home/alonso/Desktop/2025-03-04_19-17-07_RGB/RGB_19-27-52.png y /home/alonso/Desktop/2025-03-04_19-17-07_TIFF/RAW_19-27-52.tiff
Guardado: /home/alonso/Desktop/2025-03-04_19-17-07_RGB/RGB_19-27-54.png y /home/alonso/Desktop/2025-03-04_19-17-07_TIFF/RAW_19-27-54.tiff
Guardado: /home/alonso/Desktop/2025-03-04_19-17-07_RGB/RGB_19-27-56.png y /home/alonso/Desktop/2025-03-04_19-17-07_TIFF/RAW_19-27-56.tiff
Guardado: /home/alonso/Desktop/2025-03-04_19-17-07_RGB/RGB_19-27-58.png y /home/alonso/Desktop/2025-03-04_19-17-07_TIFF/RAW_19-27-58.tiff
Guardado: /home/alonso/Desktop/2025-03-04_19-17-07_RGB/RGB_19-28-01.png y /home/alonso/Desktop/2025-03-04_19-17-07_TIFF/RAW_19-28-01.tiff
Guardado: /home/alonso/Desktop/2025-03-04_19-17-07_RGB/RGB_19-28-03.png y /home/alonso/Desktop/2025-03-04_19-17-07_TIFF/RAW_19-28-03.tiff
Guardado: /home/alonso/Desktop/2025-03-04_19-17-07_RGB/RGB_19-28-05.png y /home/alonso/Desktop/2025-03-04_19-17-07_TIFF/RAW_19-28-05.tiff
Guardado: /home/alonso/Desktop/2025-03-04_19-17-07_RGB/RGB_19-28-07.png y /home/alonso/Desktop/2025-03-04_19-17-07_TIFF/RAW_19-28-07.tiff
Guardado: /home/alonso/Desktop/2025-03-04_19-17-07_RGB/RGB_19-28-09.png y /home/alonso/Desktop/2025-03-04_19-17-07_TIFF/RAW_19-28-09.tiff
Guardado: /home/alonso/Desktop/2025-03-04_19-17-07_RGB/RGB_19-28-11.png y /home/alonso/Desktop/2025-03-04_19-17-07_TIFF/RAW_19-28-11.tiff
Guardado: /home/alonso/Desktop/2025-03-04_19-17-07_RGB/RGB_19-28-13.png y /home/alonso/Desktop/2025-03-04_19-17-07_TIFF/RAW_19-28-13.tiff
Guardado: /home/alonso/Desktop/2025-03-04_19-17-07_RGB/RGB_19-28-15.png y /home/alonso/Desktop/2025-03-04_19-17-07_TIFF/RAW_19-28-15.tiff
Guardado: /home/alonso/Desktop/2025-03-04_19-17-07_RGB/RGB_19-28-17.png y /home/alonso/Desktop/2025-03-04_19-17-07_TIFF/RAW_19-28-17.tiff
Guardado: /home/alonso/Desktop/2025-03-04_19-17-07_RGB/RGB_19-28-19.png y /home/alonso/Desktop/2025-03-04_19-17-07_TIFF/RAW_19-28-19.tiff
Guardado: /home/alonso/Desktop/2025-03-04_19-17-07_RGB/RGB_19-28-21.png y /home/alonso/Desktop/2025-03-04_19-17-07_TIFF/RAW_19-28-21.tiff
Guardado: /home/alonso/Desktop/2025-03-04_19-17-07_RGB/RGB_19-28-23.png y /home/alonso/Desktop/2025-03-04_19-17-07_TIFF/RAW_19-28-23.tiff
Guardado: /home/alonso/Desktop/2025-03-04_19-17-07_RGB/RGB_19-28-25.png y /home/alonso/Desktop/2025-03-04_19-17-07_TIFF/RAW_19-28-25.tiff
Guardado: /home/alonso/Desktop/2025-03-04_19-17-07_RGB/RGB_19-28-27.png y /home/alonso/Desktop/2025-03-04_19-17-07_TIFF/RAW_19-28-27.tiff
Guardado: /home/alonso/Desktop/2025-03-04_19-17-07_RGB/RGB_19-28-29.png y /home/alonso/Desktop/2025-03-04_19-17-07_TIFF/RAW_19-28-29.tiff
Guardado: /home/alonso/Desktop/2025-03-04_19-17-07_RGB/RGB_19-28-31.png y /home/alonso/Desktop/2025-03-04_19-17-07_TIFF/RAW_19-28-31.tiff
Guardado: /home/alonso/Desktop/2025-03-04_19-17-07_RGB/RGB_19-28-33.png y /home/alonso/Desktop/2025-03-04_19-17-07_TIFF/RAW_19-28-33.tiff
Guardado: /home/alonso/Desktop/2025-03-04_19-17-07_RGB/RGB_19-28-35.png y /home/alonso/Desktop/2025-03-04_19-17-07_TIFF/RAW_19-28-35.tiff
Guardado: /home/alonso/Desktop/2025-03-04_19-17-07_RGB/RGB_19-28-37.png y /home/alonso/Desktop/2025-03-04_19-17-07_TIFF/RAW_19-28-37.tiff
Guardado: /home/alonso/Desktop/2025-03-04_19-17-07_RGB/RGB_19-28-39.png y /home/alonso/Desktop/2025-03-04_19-17-07_TIFF/RAW_19-28-39.tiff
Guardado: /home/alonso/Desktop/2025-03-04_19-17-07_RGB/RGB_19-28-41.png y /home/alonso/Desktop/2025-03-04_19-17-07_TIFF/RAW_19-28-41.tiff
Guardado: /home/alonso/Desktop/2025-03-04_19-17-07_RGB/RGB_19-28-43.png y /home/alonso/Desktop/2025-03-04_19-17-07_TIFF/RAW_19-28-43.tiff
Guardado: /home/alonso/Desktop/2025-03-04_19-17-07_RGB/RGB_19-28-45.png y /home/alonso/Desktop/2025-03-04_19-17-07_TIFF/RAW_19-28-45.tiff
Guardado: /home/alonso/Desktop/2025-03-04_19-17-07_RGB/RGB_19-28-47.png y /home/alonso/Desktop/2025-03-04_19-17-07_TIFF/RAW_19-28-47.tiff
Guardado: /home/alonso/Desktop/2025-03-04_19-17-07_RGB/RGB_19-28-49.png y /home/alonso/Desktop/2025-03-04_19-17-07_TIFF/RAW_19-28-49.tiff
Guardado: /home/alonso/Desktop/2025-03-04_19-17-07_RGB/RGB_19-28-51.png y /home/alonso/Desktop/2025-03-04_19-17-07_TIFF/RAW_19-28-51.tiff
Guardado: /home/alonso/Desktop/2025-03-04_19-17-07_RGB/RGB_19-28-53.png y /home/alonso/Desktop/2025-03-04_19-17-07_TIFF/RAW_19-28-53.tiff
Guardado: /home/alonso/Desktop/2025-03-04_19-17-07_RGB/RGB_19-28-55.png y /home/alonso/Desktop/2025-03-04_19-17-07_TIFF/RAW_19-28-55.tiff
Guardado: /home/alonso/Desktop/2025-03-04_19-17-07_RGB/RGB_19-28-57.png y /home/alonso/Desktop/2025-03-04_19-17-07_TIFF/RAW_19-28-57.tiff
Guardado: /home/alonso/Desktop/2025-03-04_19-17-07_RGB/RGB_19-28-59.png y /home/alonso/Desktop/2025-03-04_19-17-07_TIFF/RAW_19-28-59.tiff
Guardado: /home/alonso/Desktop/2025-03-04_19-17-07_RGB/RGB_19-29-01.png y /home/alonso/Desktop/2025-03-04_19-17-07_TIFF/RAW_19-29-01.tiff
2025-03-04 19:29:10.835 Port 8501 is already in use
2025-03-04 19:29:11.484 Port 8501 is already in use
2025-03-04 19:29:18.887 Port 8501 is already in use
2025-03-04 19:29:19.601 Port 8501 is already in use
2025-03-04 19:29:26.940 Port 8501 is already in use
2025-03-04 19:29:27.603 Port 8501 is already in use
2025-03-04 19:29:35.003 Port 8501 is already in use
2025-03-04 19:29:35.667 Port 8501 is already in use
2025-03-04 19:29:43.071 Port 8501 is already in use
2025-03-04 19:29:43.733 Port 8501 is already in use
2025-03-04 19:29:51.153 Port 8501 is already in use
2025-03-04 19:29:51.755 Port 8501 is already in use
2025-03-04 19:29:59.197 Port 8501 is already in use
2025-03-04 19:29:59.839 Port 8501 is already in use
2025-03-04 19:30:07.246 Port 8501 is already in use
2025-03-04 19:30:07.882 Port 8501 is already in use
2025-03-04 19:30:15.313 Port 8501 is already in use
2025-03-04 19:30:15.935 Port 8501 is already in use
2025-03-04 19:30:23.404 Port 8501 is already in use
2025-03-04 19:30:23.985 Port 8501 is already in use
2025-03-04 19:30:31.487 Port 8501 is already in use
2025-03-04 19:30:32.076 Port 8501 is already in use
2025-03-04 19:30:39.472 Port 8501 is already in use
2025-03-04 19:30:40.118 Port 8501 is already in use
2025-03-04 19:30:47.569 Port 8501 is already in use
2025-03-04 19:30:48.202 Port 8501 is already in use
2025-03-04 19:30:55.627 Port 8501 is already in use
2025-03-04 19:30:56.252 Port 8501 is already in use
Guardado: /home/alonso/Desktop/2025-03-04_19-17-07_RGB/RGB_19-29-03.png y /home/alonso/Desktop/2025-03-04_19-17-07_TIFF/RAW_19-29-03.tiff
Guardado: /home/alonso/Desktop/2025-03-04_19-17-07_RGB/RGB_19-29-05.png y /home/alonso/Desktop/2025-03-04_19-17-07_TIFF/RAW_19-29-05.tiff
Guardado: /home/alonso/Desktop/2025-03-04_19-17-07_RGB/RGB_19-29-07.png y /home/alonso/Desktop/2025-03-04_19-17-07_TIFF/RAW_19-29-07.tiff
Guardado: /home/alonso/Desktop/2025-03-04_19-17-07_RGB/RGB_19-29-09.png y /home/alonso/Desktop/2025-03-04_19-17-07_TIFF/RAW_19-29-09.tiff
Guardado: /home/alonso/Desktop/2025-03-04_19-17-07_RGB/RGB_19-29-11.png y /home/alonso/Desktop/2025-03-04_19-17-07_TIFF/RAW_19-29-11.tiff
Guardado: /home/alonso/Desktop/2025-03-04_19-17-07_RGB/RGB_19-29-13.png y /home/alonso/Desktop/2025-03-04_19-17-07_TIFF/RAW_19-29-13.tiff
Guardado: /home/alonso/Desktop/2025-03-04_19-17-07_RGB/RGB_19-29-15.png y /home/alonso/Desktop/2025-03-04_19-17-07_TIFF/RAW_19-29-15.tiff
Guardado: /home/alonso/Desktop/2025-03-04_19-17-07_RGB/RGB_19-29-17.png y /home/alonso/Desktop/2025-03-04_19-17-07_TIFF/RAW_19-29-17.tiff
Guardado: /home/alonso/Desktop/2025-03-04_19-17-07_RGB/RGB_19-29-19.png y /home/alonso/Desktop/2025-03-04_19-17-07_TIFF/RAW_19-29-19.tiff
Guardado: /home/alonso/Desktop/2025-03-04_19-17-07_RGB/RGB_19-29-21.png y /home/alonso/Desktop/2025-03-04_19-17-07_TIFF/RAW_19-29-21.tiff
Guardado: /home/alonso/Desktop/2025-03-04_19-17-07_RGB/RGB_19-29-23.png y /home/alonso/Desktop/2025-03-04_19-17-07_TIFF/RAW_19-29-23.tiff
Guardado: /home/alonso/Desktop/2025-03-04_19-17-07_RGB/RGB_19-29-25.png y /home/alonso/Desktop/2025-03-04_19-17-07_TIFF/RAW_19-29-25.tiff
Guardado: /home/alonso/Desktop/2025-03-04_19-17-07_RGB/RGB_19-29-27.png y /home/alonso/Desktop/2025-03-04_19-17-07_TIFF/RAW_19-29-27.tiff
Guardado: /home/alonso/Desktop/2025-03-04_19-17-07_RGB/RGB_19-29-29.png y /home/alonso/Desktop/2025-03-04_19-17-07_TIFF/RAW_19-29-29.tiff
Guardado: /home/alonso/Desktop/2025-03-04_19-17-07_RGB/RGB_19-29-31.png y /home/alonso/Desktop/2025-03-04_19-17-07_TIFF/RAW_19-29-31.tiff
Guardado: /home/alonso/Desktop/2025-03-04_19-17-07_RGB/RGB_19-29-33.png y /home/alonso/Desktop/2025-03-04_19-17-07_TIFF/RAW_19-29-33.tiff
Guardado: /home/alonso/Desktop/2025-03-04_19-17-07_RGB/RGB_19-29-35.png y /home/alonso/Desktop/2025-03-04_19-17-07_TIFF/RAW_19-29-35.tiff
Guardado: /home/alonso/Desktop/2025-03-04_19-17-07_RGB/RGB_19-29-37.png y /home/alonso/Desktop/2025-03-04_19-17-07_TIFF/RAW_19-29-37.tiff
Guardado: /home/alonso/Desktop/2025-03-04_19-17-07_RGB/RGB_19-29-39.png y /home/alonso/Desktop/2025-03-04_19-17-07_TIFF/RAW_19-29-39.tiff
Guardado: /home/alonso/Desktop/2025-03-04_19-17-07_RGB/RGB_19-29-41.png y /home/alonso/Desktop/2025-03-04_19-17-07_TIFF/RAW_19-29-41.tiff
Guardado: /home/alonso/Desktop/2025-03-04_19-17-07_RGB/RGB_19-29-43.png y /home/alonso/Desktop/2025-03-04_19-17-07_TIFF/RAW_19-29-43.tiff
Guardado: /home/alonso/Desktop/2025-03-04_19-17-07_RGB/RGB_19-29-45.png y /home/alonso/Desktop/2025-03-04_19-17-07_TIFF/RAW_19-29-45.tiff
Guardado: /home/alonso/Desktop/2025-03-04_19-17-07_RGB/RGB_19-29-47.png y /home/alonso/Desktop/2025-03-04_19-17-07_TIFF/RAW_19-29-47.tiff
Guardado: /home/alonso/Desktop/2025-03-04_19-17-07_RGB/RGB_19-29-49.png y /home/alonso/Desktop/2025-03-04_19-17-07_TIFF/RAW_19-29-49.tiff
Guardado: /home/alonso/Desktop/2025-03-04_19-17-07_RGB/RGB_19-29-51.png y /home/alonso/Desktop/2025-03-04_19-17-07_TIFF/RAW_19-29-51.tiff
Guardado: /home/alonso/Desktop/2025-03-04_19-17-07_RGB/RGB_19-29-53.png y /home/alonso/Desktop/2025-03-04_19-17-07_TIFF/RAW_19-29-53.tiff
Guardado: /home/alonso/Desktop/2025-03-04_19-17-07_RGB/RGB_19-29-55.png y /home/alonso/Desktop/2025-03-04_19-17-07_TIFF/RAW_19-29-55.tiff
Guardado: /home/alonso/Desktop/2025-03-04_19-17-07_RGB/RGB_19-29-57.png y /home/alonso/Desktop/2025-03-04_19-17-07_TIFF/RAW_19-29-57.tiff
Guardado: /home/alonso/Desktop/2025-03-04_19-17-07_RGB/RGB_19-29-59.png y /home/alonso/Desktop/2025-03-04_19-17-07_TIFF/RAW_19-29-59.tiff
Guardado: /home/alonso/Desktop/2025-03-04_19-17-07_RGB/RGB_19-30-01.png y /home/alonso/Desktop/2025-03-04_19-17-07_TIFF/RAW_19-30-01.tiff
Guardado: /home/alonso/Desktop/2025-03-04_19-17-07_RGB/RGB_19-30-03.png y /home/alonso/Desktop/2025-03-04_19-17-07_TIFF/RAW_19-30-03.tiff
Guardado: /home/alonso/Desktop/2025-03-04_19-17-07_RGB/RGB_19-30-05.png y /home/alonso/Desktop/2025-03-04_19-17-07_TIFF/RAW_19-30-05.tiff
Guardado: /home/alonso/Desktop/2025-03-04_19-17-07_RGB/RGB_19-30-07.png y /home/alonso/Desktop/2025-03-04_19-17-07_TIFF/RAW_19-30-07.tiff
Guardado: /home/alonso/Desktop/2025-03-04_19-17-07_RGB/RGB_19-30-09.png y /home/alonso/Desktop/2025-03-04_19-17-07_TIFF/RAW_19-30-09.tiff
Guardado: /home/alonso/Desktop/2025-03-04_19-17-07_RGB/RGB_19-30-11.png y /home/alonso/Desktop/2025-03-04_19-17-07_TIFF/RAW_19-30-11.tiff
Guardado: /home/alonso/Desktop/2025-03-04_19-17-07_RGB/RGB_19-30-13.png y /home/alonso/Desktop/2025-03-04_19-17-07_TIFF/RAW_19-30-13.tiff
Guardado: /home/alonso/Desktop/2025-03-04_19-17-07_RGB/RGB_19-30-15.png y /home/alonso/Desktop/2025-03-04_19-17-07_TIFF/RAW_19-30-15.tiff
Guardado: /home/alonso/Desktop/2025-03-04_19-17-07_RGB/RGB_19-30-17.png y /home/alonso/Desktop/2025-03-04_19-17-07_TIFF/RAW_19-30-17.tiff
Guardado: /home/alonso/Desktop/2025-03-04_19-17-07_RGB/RGB_19-30-19.png y /home/alonso/Desktop/2025-03-04_19-17-07_TIFF/RAW_19-30-19.tiff
Guardado: /home/alonso/Desktop/2025-03-04_19-17-07_RGB/RGB_19-30-21.png y /home/alonso/Desktop/2025-03-04_19-17-07_TIFF/RAW_19-30-21.tiff
Guardado: /home/alonso/Desktop/2025-03-04_19-17-07_RGB/RGB_19-30-23.png y /home/alonso/Desktop/2025-03-04_19-17-07_TIFF/RAW_19-30-23.tiff
Guardado: /home/alonso/Desktop/2025-03-04_19-17-07_RGB/RGB_19-30-25.png y /home/alonso/Desktop/2025-03-04_19-17-07_TIFF/RAW_19-30-25.tiff
Guardado: /home/alonso/Desktop/2025-03-04_19-17-07_RGB/RGB_19-30-27.png y /home/alonso/Desktop/2025-03-04_19-17-07_TIFF/RAW_19-30-27.tiff
Guardado: /home/alonso/Desktop/2025-03-04_19-17-07_RGB/RGB_19-30-29.png y /home/alonso/Desktop/2025-03-04_19-17-07_TIFF/RAW_19-30-29.tiff
Guardado: /home/alonso/Desktop/2025-03-04_19-17-07_RGB/RGB_19-30-31.png y /home/alonso/Desktop/2025-03-04_19-17-07_TIFF/RAW_19-30-31.tiff
Guardado: /home/alonso/Desktop/2025-03-04_19-17-07_RGB/RGB_19-30-33.png y /home/alonso/Desktop/2025-03-04_19-17-07_TIFF/RAW_19-30-33.tiff
Guardado: /home/alonso/Desktop/2025-03-04_19-17-07_RGB/RGB_19-30-35.png y /home/alonso/Desktop/2025-03-04_19-17-07_TIFF/RAW_19-30-35.tiff
Guardado: /home/alonso/Desktop/2025-03-04_19-17-07_RGB/RGB_19-30-37.png y /home/alonso/Desktop/2025-03-04_19-17-07_TIFF/RAW_19-30-37.tiff
Guardado: /home/alonso/Desktop/2025-03-04_19-17-07_RGB/RGB_19-30-39.png y /home/alonso/Desktop/2025-03-04_19-17-07_TIFF/RAW_19-30-39.tiff
Guardado: /home/alonso/Desktop/2025-03-04_19-17-07_RGB/RGB_19-30-41.png y /home/alonso/Desktop/2025-03-04_19-17-07_TIFF/RAW_19-30-41.tiff
Guardado: /home/alonso/Desktop/2025-03-04_19-17-07_RGB/RGB_19-30-43.png y /home/alonso/Desktop/2025-03-04_19-17-07_TIFF/RAW_19-30-43.tiff
Guardado: /home/alonso/Desktop/2025-03-04_19-17-07_RGB/RGB_19-30-45.png y /home/alonso/Desktop/2025-03-04_19-17-07_TIFF/RAW_19-30-45.tiff
Guardado: /home/alonso/Desktop/2025-03-04_19-17-07_RGB/RGB_19-30-47.png y /home/alonso/Desktop/2025-03-04_19-17-07_TIFF/RAW_19-30-47.tiff
Guardado: /home/alonso/Desktop/2025-03-04_19-17-07_RGB/RGB_19-30-49.png y /home/alonso/Desktop/2025-03-04_19-17-07_TIFF/RAW_19-30-49.tiff
Guardado: /home/alonso/Desktop/2025-03-04_19-17-07_RGB/RGB_19-30-51.png y /home/alonso/Desktop/2025-03-04_19-17-07_TIFF/RAW_19-30-51.tiff
Guardado: /home/alonso/Desktop/2025-03-04_19-17-07_RGB/RGB_19-30-53.png y /home/alonso/Desktop/2025-03-04_19-17-07_TIFF/RAW_19-30-53.tiff
Guardado: /home/alonso/Desktop/2025-03-04_19-17-07_RGB/RGB_19-30-55.png y /home/alonso/Desktop/2025-03-04_19-17-07_TIFF/RAW_19-30-55.tiff
Guardado: /home/alonso/Desktop/2025-03-04_19-17-07_RGB/RGB_19-30-57.png y /home/alonso/Desktop/2025-03-04_19-17-07_TIFF/RAW_19-30-57.tiff
Guardado: /home/alonso/Desktop/2025-03-04_19-17-07_RGB/RGB_19-30-59.png y /home/alonso/Desktop/2025-03-04_19-17-07_TIFF/RAW_19-30-59.tiff
2025-03-04 19:31:03.646 Port 8501 is already in use
2025-03-04 19:31:04.298 Port 8501 is already in use
2025-03-04 19:31:11.748 Port 8501 is already in use
2025-03-04 19:31:12.421 Port 8501 is already in use
2025-03-04 19:31:19.775 Port 8501 is already in use
2025-03-04 19:31:20.471 Port 8501 is already in use
2025-03-04 19:31:27.838 Port 8501 is already in use
2025-03-04 19:31:28.514 Port 8501 is already in use
2025-03-04 19:31:35.929 Port 8501 is already in use
2025-03-04 19:31:36.586 Port 8501 is already in use
2025-03-04 19:31:44.000 Port 8501 is already in use
2025-03-04 19:31:44.640 Port 8501 is already in use
2025-03-04 19:31:52.101 Port 8501 is already in use
2025-03-04 19:31:52.677 Port 8501 is already in use
2025-03-04 19:32:00.172 Port 8501 is already in use
2025-03-04 19:32:00.770 Port 8501 is already in use
2025-03-04 19:32:08.235 Port 8501 is already in use
2025-03-04 19:32:08.805 Port 8501 is already in use
2025-03-04 19:32:16.369 Port 8501 is already in use
2025-03-04 19:32:16.863 Port 8501 is already in use
2025-03-04 19:32:24.389 Port 8501 is already in use
2025-03-04 19:32:24.927 Port 8501 is already in use
2025-03-04 19:32:32.387 Port 8501 is already in use
2025-03-04 19:32:33.009 Port 8501 is already in use
2025-03-04 19:32:40.511 Port 8501 is already in use
2025-03-04 19:32:41.039 Port 8501 is already in use
2025-03-04 19:32:48.561 Port 8501 is already in use
2025-03-04 19:32:49.142 Port 8501 is already in use
2025-03-04 19:32:56.601 Port 8501 is already in use
2025-03-04 19:32:57.187 Port 8501 is already in use
Guardado: /home/alonso/Desktop/2025-03-04_19-17-07_RGB/RGB_19-31-01.png y /home/alonso/Desktop/2025-03-04_19-17-07_TIFF/RAW_19-31-01.tiff
Guardado: /home/alonso/Desktop/2025-03-04_19-17-07_RGB/RGB_19-31-04.png y /home/alonso/Desktop/2025-03-04_19-17-07_TIFF/RAW_19-31-04.tiff
Guardado: /home/alonso/Desktop/2025-03-04_19-17-07_RGB/RGB_19-31-06.png y /home/alonso/Desktop/2025-03-04_19-17-07_TIFF/RAW_19-31-06.tiff
Guardado: /home/alonso/Desktop/2025-03-04_19-17-07_RGB/RGB_19-31-08.png y /home/alonso/Desktop/2025-03-04_19-17-07_TIFF/RAW_19-31-08.tiff
Guardado: /home/alonso/Desktop/2025-03-04_19-17-07_RGB/RGB_19-31-10.png y /home/alonso/Desktop/2025-03-04_19-17-07_TIFF/RAW_19-31-10.tiff
Guardado: /home/alonso/Desktop/2025-03-04_19-17-07_RGB/RGB_19-31-12.png y /home/alonso/Desktop/2025-03-04_19-17-07_TIFF/RAW_19-31-12.tiff
Guardado: /home/alonso/Desktop/2025-03-04_19-17-07_RGB/RGB_19-31-14.png y /home/alonso/Desktop/2025-03-04_19-17-07_TIFF/RAW_19-31-14.tiff
Guardado: /home/alonso/Desktop/2025-03-04_19-17-07_RGB/RGB_19-31-16.png y /home/alonso/Desktop/2025-03-04_19-17-07_TIFF/RAW_19-31-16.tiff
Guardado: /home/alonso/Desktop/2025-03-04_19-17-07_RGB/RGB_19-31-18.png y /home/alonso/Desktop/2025-03-04_19-17-07_TIFF/RAW_19-31-18.tiff
Guardado: /home/alonso/Desktop/2025-03-04_19-17-07_RGB/RGB_19-31-20.png y /home/alonso/Desktop/2025-03-04_19-17-07_TIFF/RAW_19-31-20.tiff
Guardado: /home/alonso/Desktop/2025-03-04_19-17-07_RGB/RGB_19-31-22.png y /home/alonso/Desktop/2025-03-04_19-17-07_TIFF/RAW_19-31-22.tiff
Guardado: /home/alonso/Desktop/2025-03-04_19-17-07_RGB/RGB_19-31-24.png y /home/alonso/Desktop/2025-03-04_19-17-07_TIFF/RAW_19-31-24.tiff
Guardado: /home/alonso/Desktop/2025-03-04_19-17-07_RGB/RGB_19-31-26.png y /home/alonso/Desktop/2025-03-04_19-17-07_TIFF/RAW_19-31-26.tiff
Guardado: /home/alonso/Desktop/2025-03-04_19-17-07_RGB/RGB_19-31-28.png y /home/alonso/Desktop/2025-03-04_19-17-07_TIFF/RAW_19-31-28.tiff
Guardado: /home/alonso/Desktop/2025-03-04_19-17-07_RGB/RGB_19-31-30.png y /home/alonso/Desktop/2025-03-04_19-17-07_TIFF/RAW_19-31-30.tiff
Guardado: /home/alonso/Desktop/2025-03-04_19-17-07_RGB/RGB_19-31-32.png y /home/alonso/Desktop/2025-03-04_19-17-07_TIFF/RAW_19-31-32.tiff
Guardado: /home/alonso/Desktop/2025-03-04_19-17-07_RGB/RGB_19-31-34.png y /home/alonso/Desktop/2025-03-04_19-17-07_TIFF/RAW_19-31-34.tiff
Guardado: /home/alonso/Desktop/2025-03-04_19-17-07_RGB/RGB_19-31-36.png y /home/alonso/Desktop/2025-03-04_19-17-07_TIFF/RAW_19-31-36.tiff
Guardado: /home/alonso/Desktop/2025-03-04_19-17-07_RGB/RGB_19-31-38.png y /home/alonso/Desktop/2025-03-04_19-17-07_TIFF/RAW_19-31-38.tiff
Guardado: /home/alonso/Desktop/2025-03-04_19-17-07_RGB/RGB_19-31-40.png y /home/alonso/Desktop/2025-03-04_19-17-07_TIFF/RAW_19-31-40.tiff
Guardado: /home/alonso/Desktop/2025-03-04_19-17-07_RGB/RGB_19-31-42.png y /home/alonso/Desktop/2025-03-04_19-17-07_TIFF/RAW_19-31-42.tiff
Guardado: /home/alonso/Desktop/2025-03-04_19-17-07_RGB/RGB_19-31-44.png y /home/alonso/Desktop/2025-03-04_19-17-07_TIFF/RAW_19-31-44.tiff
Guardado: /home/alonso/Desktop/2025-03-04_19-17-07_RGB/RGB_19-31-46.png y /home/alonso/Desktop/2025-03-04_19-17-07_TIFF/RAW_19-31-46.tiff
Guardado: /home/alonso/Desktop/2025-03-04_19-17-07_RGB/RGB_19-31-48.png y /home/alonso/Desktop/2025-03-04_19-17-07_TIFF/RAW_19-31-48.tiff
Guardado: /home/alonso/Desktop/2025-03-04_19-17-07_RGB/RGB_19-31-50.png y /home/alonso/Desktop/2025-03-04_19-17-07_TIFF/RAW_19-31-50.tiff
Guardado: /home/alonso/Desktop/2025-03-04_19-17-07_RGB/RGB_19-31-52.png y /home/alonso/Desktop/2025-03-04_19-17-07_TIFF/RAW_19-31-52.tiff
Guardado: /home/alonso/Desktop/2025-03-04_19-17-07_RGB/RGB_19-31-54.png y /home/alonso/Desktop/2025-03-04_19-17-07_TIFF/RAW_19-31-54.tiff
Guardado: /home/alonso/Desktop/2025-03-04_19-17-07_RGB/RGB_19-31-56.png y /home/alonso/Desktop/2025-03-04_19-17-07_TIFF/RAW_19-31-56.tiff
Guardado: /home/alonso/Desktop/2025-03-04_19-17-07_RGB/RGB_19-31-58.png y /home/alonso/Desktop/2025-03-04_19-17-07_TIFF/RAW_19-31-58.tiff
Guardado: /home/alonso/Desktop/2025-03-04_19-17-07_RGB/RGB_19-32-00.png y /home/alonso/Desktop/2025-03-04_19-17-07_TIFF/RAW_19-32-00.tiff
Guardado: /home/alonso/Desktop/2025-03-04_19-17-07_RGB/RGB_19-32-02.png y /home/alonso/Desktop/2025-03-04_19-17-07_TIFF/RAW_19-32-02.tiff
Guardado: /home/alonso/Desktop/2025-03-04_19-17-07_RGB/RGB_19-32-04.png y /home/alonso/Desktop/2025-03-04_19-17-07_TIFF/RAW_19-32-04.tiff
Guardado: /home/alonso/Desktop/2025-03-04_19-17-07_RGB/RGB_19-32-06.png y /home/alonso/Desktop/2025-03-04_19-17-07_TIFF/RAW_19-32-06.tiff
Guardado: /home/alonso/Desktop/2025-03-04_19-17-07_RGB/RGB_19-32-08.png y /home/alonso/Desktop/2025-03-04_19-17-07_TIFF/RAW_19-32-08.tiff
Guardado: /home/alonso/Desktop/2025-03-04_19-17-07_RGB/RGB_19-32-10.png y /home/alonso/Desktop/2025-03-04_19-17-07_TIFF/RAW_19-32-10.tiff
Guardado: /home/alonso/Desktop/2025-03-04_19-17-07_RGB/RGB_19-32-12.png y /home/alonso/Desktop/2025-03-04_19-17-07_TIFF/RAW_19-32-12.tiff
Guardado: /home/alonso/Desktop/2025-03-04_19-17-07_RGB/RGB_19-32-14.png y /home/alonso/Desktop/2025-03-04_19-17-07_TIFF/RAW_19-32-14.tiff
Guardado: /home/alonso/Desktop/2025-03-04_19-17-07_RGB/RGB_19-32-16.png y /home/alonso/Desktop/2025-03-04_19-17-07_TIFF/RAW_19-32-16.tiff
Guardado: /home/alonso/Desktop/2025-03-04_19-17-07_RGB/RGB_19-32-18.png y /home/alonso/Desktop/2025-03-04_19-17-07_TIFF/RAW_19-32-18.tiff
Guardado: /home/alonso/Desktop/2025-03-04_19-17-07_RGB/RGB_19-32-20.png y /home/alonso/Desktop/2025-03-04_19-17-07_TIFF/RAW_19-32-20.tiff
Guardado: /home/alonso/Desktop/2025-03-04_19-17-07_RGB/RGB_19-32-22.png y /home/alonso/Desktop/2025-03-04_19-17-07_TIFF/RAW_19-32-22.tiff
Guardado: /home/alonso/Desktop/2025-03-04_19-17-07_RGB/RGB_19-32-24.png y /home/alonso/Desktop/2025-03-04_19-17-07_TIFF/RAW_19-32-24.tiff
Guardado: /home/alonso/Desktop/2025-03-04_19-17-07_RGB/RGB_19-32-26.png y /home/alonso/Desktop/2025-03-04_19-17-07_TIFF/RAW_19-32-26.tiff
Guardado: /home/alonso/Desktop/2025-03-04_19-17-07_RGB/RGB_19-32-28.png y /home/alonso/Desktop/2025-03-04_19-17-07_TIFF/RAW_19-32-28.tiff
Guardado: /home/alonso/Desktop/2025-03-04_19-17-07_RGB/RGB_19-32-30.png y /home/alonso/Desktop/2025-03-04_19-17-07_TIFF/RAW_19-32-30.tiff
Guardado: /home/alonso/Desktop/2025-03-04_19-17-07_RGB/RGB_19-32-32.png y /home/alonso/Desktop/2025-03-04_19-17-07_TIFF/RAW_19-32-32.tiff
Guardado: /home/alonso/Desktop/2025-03-04_19-17-07_RGB/RGB_19-32-34.png y /home/alonso/Desktop/2025-03-04_19-17-07_TIFF/RAW_19-32-34.tiff
Guardado: /home/alonso/Desktop/2025-03-04_19-17-07_RGB/RGB_19-32-36.png y /home/alonso/Desktop/2025-03-04_19-17-07_TIFF/RAW_19-32-36.tiff
Guardado: /home/alonso/Desktop/2025-03-04_19-17-07_RGB/RGB_19-32-38.png y /home/alonso/Desktop/2025-03-04_19-17-07_TIFF/RAW_19-32-38.tiff
Guardado: /home/alonso/Desktop/2025-03-04_19-17-07_RGB/RGB_19-32-40.png y /home/alonso/Desktop/2025-03-04_19-17-07_TIFF/RAW_19-32-40.tiff
Guardado: /home/alonso/Desktop/2025-03-04_19-17-07_RGB/RGB_19-32-42.png y /home/alonso/Desktop/2025-03-04_19-17-07_TIFF/RAW_19-32-42.tiff
Guardado: /home/alonso/Desktop/2025-03-04_19-17-07_RGB/RGB_19-32-44.png y /home/alonso/Desktop/2025-03-04_19-17-07_TIFF/RAW_19-32-44.tiff
Guardado: /home/alonso/Desktop/2025-03-04_19-17-07_RGB/RGB_19-32-46.png y /home/alonso/Desktop/2025-03-04_19-17-07_TIFF/RAW_19-32-46.tiff
Guardado: /home/alonso/Desktop/2025-03-04_19-17-07_RGB/RGB_19-32-48.png y /home/alonso/Desktop/2025-03-04_19-17-07_TIFF/RAW_19-32-48.tiff
Guardado: /home/alonso/Desktop/2025-03-04_19-17-07_RGB/RGB_19-32-50.png y /home/alonso/Desktop/2025-03-04_19-17-07_TIFF/RAW_19-32-50.tiff
Guardado: /home/alonso/Desktop/2025-03-04_19-17-07_RGB/RGB_19-32-52.png y /home/alonso/Desktop/2025-03-04_19-17-07_TIFF/RAW_19-32-52.tiff
Guardado: /home/alonso/Desktop/2025-03-04_19-17-07_RGB/RGB_19-32-54.png y /home/alonso/Desktop/2025-03-04_19-17-07_TIFF/RAW_19-32-54.tiff
Guardado: /home/alonso/Desktop/2025-03-04_19-17-07_RGB/RGB_19-32-56.png y /home/alonso/Desktop/2025-03-04_19-17-07_TIFF/RAW_19-32-56.tiff
Guardado: /home/alonso/Desktop/2025-03-04_19-17-07_RGB/RGB_19-32-58.png y /home/alonso/Desktop/2025-03-04_19-17-07_TIFF/RAW_19-32-58.tiff
2025-03-04 19:33:04.705 Port 8501 is already in use
2025-03-04 19:33:05.258 Port 8501 is already in use
2025-03-04 19:33:12.720 Port 8501 is already in use
2025-03-04 19:33:13.320 Port 8501 is already in use
2025-03-04 19:33:20.802 Port 8501 is already in use
2025-03-04 19:33:21.402 Port 8501 is already in use
2025-03-04 19:33:28.826 Port 8501 is already in use
2025-03-04 19:33:29.435 Port 8501 is already in use
2025-03-04 19:33:36.883 Port 8501 is already in use
2025-03-04 19:33:37.528 Port 8501 is already in use
2025-03-04 19:33:44.937 Port 8501 is already in use
2025-03-04 19:33:45.649 Port 8501 is already in use
2025-03-04 19:33:52.997 Port 8501 is already in use
2025-03-04 19:33:53.680 Port 8501 is already in use
2025-03-04 19:34:01.050 Port 8501 is already in use
2025-03-04 19:34:01.785 Port 8501 is already in use
2025-03-04 19:34:09.106 Port 8501 is already in use
2025-03-04 19:34:09.793 Port 8501 is already in use
2025-03-04 19:34:17.175 Port 8501 is already in use
2025-03-04 19:34:17.843 Port 8501 is already in use
2025-03-04 19:34:25.245 Port 8501 is already in use
2025-03-04 19:34:25.905 Port 8501 is already in use
2025-03-04 19:34:33.315 Port 8501 is already in use
2025-03-04 19:34:33.983 Port 8501 is already in use
2025-03-04 19:34:41.362 Port 8501 is already in use
2025-03-04 19:34:42.044 Port 8501 is already in use
2025-03-04 19:34:49.453 Port 8501 is already in use
2025-03-04 19:34:50.085 Port 8501 is already in use
2025-03-04 19:34:57.487 Port 8501 is already in use
2025-03-04 19:34:58.177 Port 8501 is already in use
Guardado: /home/alonso/Desktop/2025-03-04_19-17-07_RGB/RGB_19-33-00.png y /home/alonso/Desktop/2025-03-04_19-17-07_TIFF/RAW_19-33-00.tiff
Guardado: /home/alonso/Desktop/2025-03-04_19-17-07_RGB/RGB_19-33-02.png y /home/alonso/Desktop/2025-03-04_19-17-07_TIFF/RAW_19-33-02.tiff
Guardado: /home/alonso/Desktop/2025-03-04_19-17-07_RGB/RGB_19-33-04.png y /home/alonso/Desktop/2025-03-04_19-17-07_TIFF/RAW_19-33-04.tiff
Guardado: /home/alonso/Desktop/2025-03-04_19-17-07_RGB/RGB_19-33-06.png y /home/alonso/Desktop/2025-03-04_19-17-07_TIFF/RAW_19-33-06.tiff
Guardado: /home/alonso/Desktop/2025-03-04_19-17-07_RGB/RGB_19-33-08.png y /home/alonso/Desktop/2025-03-04_19-17-07_TIFF/RAW_19-33-08.tiff
Guardado: /home/alonso/Desktop/2025-03-04_19-17-07_RGB/RGB_19-33-10.png y /home/alonso/Desktop/2025-03-04_19-17-07_TIFF/RAW_19-33-10.tiff
Guardado: /home/alonso/Desktop/2025-03-04_19-17-07_RGB/RGB_19-33-12.png y /home/alonso/Desktop/2025-03-04_19-17-07_TIFF/RAW_19-33-12.tiff
Guardado: /home/alonso/Desktop/2025-03-04_19-17-07_RGB/RGB_19-33-14.png y /home/alonso/Desktop/2025-03-04_19-17-07_TIFF/RAW_19-33-14.tiff
Guardado: /home/alonso/Desktop/2025-03-04_19-17-07_RGB/RGB_19-33-16.png y /home/alonso/Desktop/2025-03-04_19-17-07_TIFF/RAW_19-33-16.tiff
Guardado: /home/alonso/Desktop/2025-03-04_19-17-07_RGB/RGB_19-33-18.png y /home/alonso/Desktop/2025-03-04_19-17-07_TIFF/RAW_19-33-18.tiff
Guardado: /home/alonso/Desktop/2025-03-04_19-17-07_RGB/RGB_19-33-20.png y /home/alonso/Desktop/2025-03-04_19-17-07_TIFF/RAW_19-33-20.tiff
Guardado: /home/alonso/Desktop/2025-03-04_19-17-07_RGB/RGB_19-33-22.png y /home/alonso/Desktop/2025-03-04_19-17-07_TIFF/RAW_19-33-22.tiff
Guardado: /home/alonso/Desktop/2025-03-04_19-17-07_RGB/RGB_19-33-24.png y /home/alonso/Desktop/2025-03-04_19-17-07_TIFF/RAW_19-33-24.tiff
Guardado: /home/alonso/Desktop/2025-03-04_19-17-07_RGB/RGB_19-33-26.png y /home/alonso/Desktop/2025-03-04_19-17-07_TIFF/RAW_19-33-26.tiff
Guardado: /home/alonso/Desktop/2025-03-04_19-17-07_RGB/RGB_19-33-28.png y /home/alonso/Desktop/2025-03-04_19-17-07_TIFF/RAW_19-33-28.tiff
Guardado: /home/alonso/Desktop/2025-03-04_19-17-07_RGB/RGB_19-33-30.png y /home/alonso/Desktop/2025-03-04_19-17-07_TIFF/RAW_19-33-30.tiff
Guardado: /home/alonso/Desktop/2025-03-04_19-17-07_RGB/RGB_19-33-32.png y /home/alonso/Desktop/2025-03-04_19-17-07_TIFF/RAW_19-33-32.tiff
Guardado: /home/alonso/Desktop/2025-03-04_19-17-07_RGB/RGB_19-33-34.png y /home/alonso/Desktop/2025-03-04_19-17-07_TIFF/RAW_19-33-34.tiff
Guardado: /home/alonso/Desktop/2025-03-04_19-17-07_RGB/RGB_19-33-36.png y /home/alonso/Desktop/2025-03-04_19-17-07_TIFF/RAW_19-33-36.tiff
Guardado: /home/alonso/Desktop/2025-03-04_19-17-07_RGB/RGB_19-33-38.png y /home/alonso/Desktop/2025-03-04_19-17-07_TIFF/RAW_19-33-38.tiff
Guardado: /home/alonso/Desktop/2025-03-04_19-17-07_RGB/RGB_19-33-40.png y /home/alonso/Desktop/2025-03-04_19-17-07_TIFF/RAW_19-33-40.tiff
Guardado: /home/alonso/Desktop/2025-03-04_19-17-07_RGB/RGB_19-33-42.png y /home/alonso/Desktop/2025-03-04_19-17-07_TIFF/RAW_19-33-42.tiff
Guardado: /home/alonso/Desktop/2025-03-04_19-17-07_RGB/RGB_19-33-44.png y /home/alonso/Desktop/2025-03-04_19-17-07_TIFF/RAW_19-33-44.tiff
Guardado: /home/alonso/Desktop/2025-03-04_19-17-07_RGB/RGB_19-33-46.png y /home/alonso/Desktop/2025-03-04_19-17-07_TIFF/RAW_19-33-46.tiff
Guardado: /home/alonso/Desktop/2025-03-04_19-17-07_RGB/RGB_19-33-48.png y /home/alonso/Desktop/2025-03-04_19-17-07_TIFF/RAW_19-33-48.tiff
Guardado: /home/alonso/Desktop/2025-03-04_19-17-07_RGB/RGB_19-33-50.png y /home/alonso/Desktop/2025-03-04_19-17-07_TIFF/RAW_19-33-50.tiff
Guardado: /home/alonso/Desktop/2025-03-04_19-17-07_RGB/RGB_19-33-52.png y /home/alonso/Desktop/2025-03-04_19-17-07_TIFF/RAW_19-33-52.tiff
Guardado: /home/alonso/Desktop/2025-03-04_19-17-07_RGB/RGB_19-33-54.png y /home/alonso/Desktop/2025-03-04_19-17-07_TIFF/RAW_19-33-54.tiff
Guardado: /home/alonso/Desktop/2025-03-04_19-17-07_RGB/RGB_19-33-56.png y /home/alonso/Desktop/2025-03-04_19-17-07_TIFF/RAW_19-33-56.tiff
Guardado: /home/alonso/Desktop/2025-03-04_19-17-07_RGB/RGB_19-33-58.png y /home/alonso/Desktop/2025-03-04_19-17-07_TIFF/RAW_19-33-58.tiff
Guardado: /home/alonso/Desktop/2025-03-04_19-17-07_RGB/RGB_19-34-01.png y /home/alonso/Desktop/2025-03-04_19-17-07_TIFF/RAW_19-34-01.tiff
Guardado: /home/alonso/Desktop/2025-03-04_19-17-07_RGB/RGB_19-34-03.png y /home/alonso/Desktop/2025-03-04_19-17-07_TIFF/RAW_19-34-03.tiff
Guardado: /home/alonso/Desktop/2025-03-04_19-17-07_RGB/RGB_19-34-05.png y /home/alonso/Desktop/2025-03-04_19-17-07_TIFF/RAW_19-34-05.tiff
Guardado: /home/alonso/Desktop/2025-03-04_19-17-07_RGB/RGB_19-34-07.png y /home/alonso/Desktop/2025-03-04_19-17-07_TIFF/RAW_19-34-07.tiff
Guardado: /home/alonso/Desktop/2025-03-04_19-17-07_RGB/RGB_19-34-09.png y /home/alonso/Desktop/2025-03-04_19-17-07_TIFF/RAW_19-34-09.tiff
Guardado: /home/alonso/Desktop/2025-03-04_19-17-07_RGB/RGB_19-34-11.png y /home/alonso/Desktop/2025-03-04_19-17-07_TIFF/RAW_19-34-11.tiff
Guardado: /home/alonso/Desktop/2025-03-04_19-17-07_RGB/RGB_19-34-13.png y /home/alonso/Desktop/2025-03-04_19-17-07_TIFF/RAW_19-34-13.tiff
Guardado: /home/alonso/Desktop/2025-03-04_19-17-07_RGB/RGB_19-34-15.png y /home/alonso/Desktop/2025-03-04_19-17-07_TIFF/RAW_19-34-15.tiff
Guardado: /home/alonso/Desktop/2025-03-04_19-17-07_RGB/RGB_19-34-17.png y /home/alonso/Desktop/2025-03-04_19-17-07_TIFF/RAW_19-34-17.tiff
Guardado: /home/alonso/Desktop/2025-03-04_19-17-07_RGB/RGB_19-34-19.png y /home/alonso/Desktop/2025-03-04_19-17-07_TIFF/RAW_19-34-19.tiff
Guardado: /home/alonso/Desktop/2025-03-04_19-17-07_RGB/RGB_19-34-21.png y /home/alonso/Desktop/2025-03-04_19-17-07_TIFF/RAW_19-34-21.tiff
Guardado: /home/alonso/Desktop/2025-03-04_19-17-07_RGB/RGB_19-34-23.png y /home/alonso/Desktop/2025-03-04_19-17-07_TIFF/RAW_19-34-23.tiff
Guardado: /home/alonso/Desktop/2025-03-04_19-17-07_RGB/RGB_19-34-25.png y /home/alonso/Desktop/2025-03-04_19-17-07_TIFF/RAW_19-34-25.tiff
Guardado: /home/alonso/Desktop/2025-03-04_19-17-07_RGB/RGB_19-34-27.png y /home/alonso/Desktop/2025-03-04_19-17-07_TIFF/RAW_19-34-27.tiff
Guardado: /home/alonso/Desktop/2025-03-04_19-17-07_RGB/RGB_19-34-29.png y /home/alonso/Desktop/2025-03-04_19-17-07_TIFF/RAW_19-34-29.tiff
Guardado: /home/alonso/Desktop/2025-03-04_19-17-07_RGB/RGB_19-34-31.png y /home/alonso/Desktop/2025-03-04_19-17-07_TIFF/RAW_19-34-31.tiff
Guardado: /home/alonso/Desktop/2025-03-04_19-17-07_RGB/RGB_19-34-33.png y /home/alonso/Desktop/2025-03-04_19-17-07_TIFF/RAW_19-34-33.tiff
Guardado: /home/alonso/Desktop/2025-03-04_19-17-07_RGB/RGB_19-34-35.png y /home/alonso/Desktop/2025-03-04_19-17-07_TIFF/RAW_19-34-35.tiff
Guardado: /home/alonso/Desktop/2025-03-04_19-17-07_RGB/RGB_19-34-37.png y /home/alonso/Desktop/2025-03-04_19-17-07_TIFF/RAW_19-34-37.tiff
Guardado: /home/alonso/Desktop/2025-03-04_19-17-07_RGB/RGB_19-34-39.png y /home/alonso/Desktop/2025-03-04_19-17-07_TIFF/RAW_19-34-39.tiff
Guardado: /home/alonso/Desktop/2025-03-04_19-17-07_RGB/RGB_19-34-41.png y /home/alonso/Desktop/2025-03-04_19-17-07_TIFF/RAW_19-34-41.tiff
Guardado: /home/alonso/Desktop/2025-03-04_19-17-07_RGB/RGB_19-34-43.png y /home/alonso/Desktop/2025-03-04_19-17-07_TIFF/RAW_19-34-43.tiff
Guardado: /home/alonso/Desktop/2025-03-04_19-17-07_RGB/RGB_19-34-45.png y /home/alonso/Desktop/2025-03-04_19-17-07_TIFF/RAW_19-34-45.tiff
Guardado: /home/alonso/Desktop/2025-03-04_19-17-07_RGB/RGB_19-34-47.png y /home/alonso/Desktop/2025-03-04_19-17-07_TIFF/RAW_19-34-47.tiff
Guardado: /home/alonso/Desktop/2025-03-04_19-17-07_RGB/RGB_19-34-49.png y /home/alonso/Desktop/2025-03-04_19-17-07_TIFF/RAW_19-34-49.tiff
Guardado: /home/alonso/Desktop/2025-03-04_19-17-07_RGB/RGB_19-34-51.png y /home/alonso/Desktop/2025-03-04_19-17-07_TIFF/RAW_19-34-51.tiff
Guardado: /home/alonso/Desktop/2025-03-04_19-17-07_RGB/RGB_19-34-53.png y /home/alonso/Desktop/2025-03-04_19-17-07_TIFF/RAW_19-34-53.tiff
Guardado: /home/alonso/Desktop/2025-03-04_19-17-07_RGB/RGB_19-34-55.png y /home/alonso/Desktop/2025-03-04_19-17-07_TIFF/RAW_19-34-55.tiff
Guardado: /home/alonso/Desktop/2025-03-04_19-17-07_RGB/RGB_19-34-57.png y /home/alonso/Desktop/2025-03-04_19-17-07_TIFF/RAW_19-34-57.tiff
2025-03-04 19:35:05.560 Port 8501 is already in use
2025-03-04 19:35:06.201 Port 8501 is already in use
2025-03-04 19:35:13.595 Port 8501 is already in use
2025-03-04 19:35:14.261 Port 8501 is already in use
2025-03-04 19:35:21.652 Port 8501 is already in use
2025-03-04 19:35:22.321 Port 8501 is already in use
2025-03-04 19:35:29.718 Port 8501 is already in use
2025-03-04 19:35:30.389 Port 8501 is already in use
2025-03-04 19:35:37.772 Port 8501 is already in use
2025-03-04 19:35:38.498 Port 8501 is already in use
2025-03-04 19:35:45.825 Port 8501 is already in use
2025-03-04 19:35:46.571 Port 8501 is already in use
2025-03-04 19:35:53.883 Port 8501 is already in use
2025-03-04 19:35:54.670 Port 8501 is already in use
2025-03-04 19:36:01.942 Port 8501 is already in use
2025-03-04 19:36:02.696 Port 8501 is already in use
2025-03-04 19:36:09.974 Port 8501 is already in use
2025-03-04 19:36:10.763 Port 8501 is already in use
2025-03-04 19:36:18.036 Port 8501 is already in use
2025-03-04 19:36:18.846 Port 8501 is already in use
2025-03-04 19:36:26.097 Port 8501 is already in use
2025-03-04 19:36:26.914 Port 8501 is already in use
2025-03-04 19:36:34.175 Port 8501 is already in use
2025-03-04 19:36:34.994 Port 8501 is already in use
2025-03-04 19:36:42.227 Port 8501 is already in use
2025-03-04 19:36:43.052 Port 8501 is already in use
2025-03-04 19:36:50.284 Port 8501 is already in use
2025-03-04 19:36:51.144 Port 8501 is already in use
Guardado: /home/alonso/Desktop/2025-03-04_19-17-07_RGB/RGB_19-34-59.png y /home/alonso/Desktop/2025-03-04_19-17-07_TIFF/RAW_19-34-59.tiff
Guardado: /home/alonso/Desktop/2025-03-04_19-17-07_RGB/RGB_19-35-01.png y /home/alonso/Desktop/2025-03-04_19-17-07_TIFF/RAW_19-35-01.tiff
Guardado: /home/alonso/Desktop/2025-03-04_19-17-07_RGB/RGB_19-35-03.png y /home/alonso/Desktop/2025-03-04_19-17-07_TIFF/RAW_19-35-03.tiff
Guardado: /home/alonso/Desktop/2025-03-04_19-17-07_RGB/RGB_19-35-05.png y /home/alonso/Desktop/2025-03-04_19-17-07_TIFF/RAW_19-35-05.tiff
Guardado: /home/alonso/Desktop/2025-03-04_19-17-07_RGB/RGB_19-35-07.png y /home/alonso/Desktop/2025-03-04_19-17-07_TIFF/RAW_19-35-07.tiff
Guardado: /home/alonso/Desktop/2025-03-04_19-17-07_RGB/RGB_19-35-09.png y /home/alonso/Desktop/2025-03-04_19-17-07_TIFF/RAW_19-35-09.tiff
Guardado: /home/alonso/Desktop/2025-03-04_19-17-07_RGB/RGB_19-35-11.png y /home/alonso/Desktop/2025-03-04_19-17-07_TIFF/RAW_19-35-11.tiff
Guardado: /home/alonso/Desktop/2025-03-04_19-17-07_RGB/RGB_19-35-13.png y /home/alonso/Desktop/2025-03-04_19-17-07_TIFF/RAW_19-35-13.tiff
Guardado: /home/alonso/Desktop/2025-03-04_19-17-07_RGB/RGB_19-35-15.png y /home/alonso/Desktop/2025-03-04_19-17-07_TIFF/RAW_19-35-15.tiff
Guardado: /home/alonso/Desktop/2025-03-04_19-17-07_RGB/RGB_19-35-17.png y /home/alonso/Desktop/2025-03-04_19-17-07_TIFF/RAW_19-35-17.tiff
Guardado: /home/alonso/Desktop/2025-03-04_19-17-07_RGB/RGB_19-35-19.png y /home/alonso/Desktop/2025-03-04_19-17-07_TIFF/RAW_19-35-19.tiff
Guardado: /home/alonso/Desktop/2025-03-04_19-17-07_RGB/RGB_19-35-21.png y /home/alonso/Desktop/2025-03-04_19-17-07_TIFF/RAW_19-35-21.tiff
Guardado: /home/alonso/Desktop/2025-03-04_19-17-07_RGB/RGB_19-35-23.png y /home/alonso/Desktop/2025-03-04_19-17-07_TIFF/RAW_19-35-23.tiff
Guardado: /home/alonso/Desktop/2025-03-04_19-17-07_RGB/RGB_19-35-25.png y /home/alonso/Desktop/2025-03-04_19-17-07_TIFF/RAW_19-35-25.tiff
Guardado: /home/alonso/Desktop/2025-03-04_19-17-07_RGB/RGB_19-35-27.png y /home/alonso/Desktop/2025-03-04_19-17-07_TIFF/RAW_19-35-27.tiff
Guardado: /home/alonso/Desktop/2025-03-04_19-17-07_RGB/RGB_19-35-29.png y /home/alonso/Desktop/2025-03-04_19-17-07_TIFF/RAW_19-35-29.tiff
Guardado: /home/alonso/Desktop/2025-03-04_19-17-07_RGB/RGB_19-35-31.png y /home/alonso/Desktop/2025-03-04_19-17-07_TIFF/RAW_19-35-31.tiff
Guardado: /home/alonso/Desktop/2025-03-04_19-17-07_RGB/RGB_19-35-33.png y /home/alonso/Desktop/2025-03-04_19-17-07_TIFF/RAW_19-35-33.tiff
Guardado: /home/alonso/Desktop/2025-03-04_19-17-07_RGB/RGB_19-35-35.png y /home/alonso/Desktop/2025-03-04_19-17-07_TIFF/RAW_19-35-35.tiff
Guardado: /home/alonso/Desktop/2025-03-04_19-17-07_RGB/RGB_19-35-37.png y /home/alonso/Desktop/2025-03-04_19-17-07_TIFF/RAW_19-35-37.tiff
Guardado: /home/alonso/Desktop/2025-03-04_19-17-07_RGB/RGB_19-35-39.png y /home/alonso/Desktop/2025-03-04_19-17-07_TIFF/RAW_19-35-39.tiff
Guardado: /home/alonso/Desktop/2025-03-04_19-17-07_RGB/RGB_19-35-41.png y /home/alonso/Desktop/2025-03-04_19-17-07_TIFF/RAW_19-35-41.tiff
Guardado: /home/alonso/Desktop/2025-03-04_19-17-07_RGB/RGB_19-35-43.png y /home/alonso/Desktop/2025-03-04_19-17-07_TIFF/RAW_19-35-43.tiff
Guardado: /home/alonso/Desktop/2025-03-04_19-17-07_RGB/RGB_19-35-45.png y /home/alonso/Desktop/2025-03-04_19-17-07_TIFF/RAW_19-35-45.tiff
Guardado: /home/alonso/Desktop/2025-03-04_19-17-07_RGB/RGB_19-35-47.png y /home/alonso/Desktop/2025-03-04_19-17-07_TIFF/RAW_19-35-47.tiff
Guardado: /home/alonso/Desktop/2025-03-04_19-17-07_RGB/RGB_19-35-49.png y /home/alonso/Desktop/2025-03-04_19-17-07_TIFF/RAW_19-35-49.tiff
Guardado: /home/alonso/Desktop/2025-03-04_19-17-07_RGB/RGB_19-35-51.png y /home/alonso/Desktop/2025-03-04_19-17-07_TIFF/RAW_19-35-51.tiff
Guardado: /home/alonso/Desktop/2025-03-04_19-17-07_RGB/RGB_19-35-53.png y /home/alonso/Desktop/2025-03-04_19-17-07_TIFF/RAW_19-35-53.tiff
Guardado: /home/alonso/Desktop/2025-03-04_19-17-07_RGB/RGB_19-35-55.png y /home/alonso/Desktop/2025-03-04_19-17-07_TIFF/RAW_19-35-55.tiff
Guardado: /home/alonso/Desktop/2025-03-04_19-17-07_RGB/RGB_19-35-57.png y /home/alonso/Desktop/2025-03-04_19-17-07_TIFF/RAW_19-35-57.tiff
Guardado: /home/alonso/Desktop/2025-03-04_19-17-07_RGB/RGB_19-35-59.png y /home/alonso/Desktop/2025-03-04_19-17-07_TIFF/RAW_19-35-59.tiff
Guardado: /home/alonso/Desktop/2025-03-04_19-17-07_RGB/RGB_19-36-01.png y /home/alonso/Desktop/2025-03-04_19-17-07_TIFF/RAW_19-36-01.tiff
Guardado: /home/alonso/Desktop/2025-03-04_19-17-07_RGB/RGB_19-36-03.png y /home/alonso/Desktop/2025-03-04_19-17-07_TIFF/RAW_19-36-03.tiff
Guardado: /home/alonso/Desktop/2025-03-04_19-17-07_RGB/RGB_19-36-05.png y /home/alonso/Desktop/2025-03-04_19-17-07_TIFF/RAW_19-36-05.tiff
Guardado: /home/alonso/Desktop/2025-03-04_19-17-07_RGB/RGB_19-36-07.png y /home/alonso/Desktop/2025-03-04_19-17-07_TIFF/RAW_19-36-07.tiff
Guardado: /home/alonso/Desktop/2025-03-04_19-17-07_RGB/RGB_19-36-09.png y /home/alonso/Desktop/2025-03-04_19-17-07_TIFF/RAW_19-36-09.tiff
Guardado: /home/alonso/Desktop/2025-03-04_19-17-07_RGB/RGB_19-36-11.png y /home/alonso/Desktop/2025-03-04_19-17-07_TIFF/RAW_19-36-11.tiff
Guardado: /home/alonso/Desktop/2025-03-04_19-17-07_RGB/RGB_19-36-13.png y /home/alonso/Desktop/2025-03-04_19-17-07_TIFF/RAW_19-36-13.tiff
Guardado: /home/alonso/Desktop/2025-03-04_19-17-07_RGB/RGB_19-36-15.png y /home/alonso/Desktop/2025-03-04_19-17-07_TIFF/RAW_19-36-15.tiff
Guardado: /home/alonso/Desktop/2025-03-04_19-17-07_RGB/RGB_19-36-17.png y /home/alonso/Desktop/2025-03-04_19-17-07_TIFF/RAW_19-36-17.tiff
Guardado: /home/alonso/Desktop/2025-03-04_19-17-07_RGB/RGB_19-36-19.png y /home/alonso/Desktop/2025-03-04_19-17-07_TIFF/RAW_19-36-19.tiff
Guardado: /home/alonso/Desktop/2025-03-04_19-17-07_RGB/RGB_19-36-21.png y /home/alonso/Desktop/2025-03-04_19-17-07_TIFF/RAW_19-36-21.tiff
Guardado: /home/alonso/Desktop/2025-03-04_19-17-07_RGB/RGB_19-36-23.png y /home/alonso/Desktop/2025-03-04_19-17-07_TIFF/RAW_19-36-23.tiff
Guardado: /home/alonso/Desktop/2025-03-04_19-17-07_RGB/RGB_19-36-25.png y /home/alonso/Desktop/2025-03-04_19-17-07_TIFF/RAW_19-36-25.tiff
Guardado: /home/alonso/Desktop/2025-03-04_19-17-07_RGB/RGB_19-36-27.png y /home/alonso/Desktop/2025-03-04_19-17-07_TIFF/RAW_19-36-27.tiff
Guardado: /home/alonso/Desktop/2025-03-04_19-17-07_RGB/RGB_19-36-29.png y /home/alonso/Desktop/2025-03-04_19-17-07_TIFF/RAW_19-36-29.tiff
Guardado: /home/alonso/Desktop/2025-03-04_19-17-07_RGB/RGB_19-36-31.png y /home/alonso/Desktop/2025-03-04_19-17-07_TIFF/RAW_19-36-31.tiff
Guardado: /home/alonso/Desktop/2025-03-04_19-17-07_RGB/RGB_19-36-33.png y /home/alonso/Desktop/2025-03-04_19-17-07_TIFF/RAW_19-36-33.tiff
Guardado: /home/alonso/Desktop/2025-03-04_19-17-07_RGB/RGB_19-36-35.png y /home/alonso/Desktop/2025-03-04_19-17-07_TIFF/RAW_19-36-35.tiff
Guardado: /home/alonso/Desktop/2025-03-04_19-17-07_RGB/RGB_19-36-37.png y /home/alonso/Desktop/2025-03-04_19-17-07_TIFF/RAW_19-36-37.tiff
Guardado: /home/alonso/Desktop/2025-03-04_19-17-07_RGB/RGB_19-36-39.png y /home/alonso/Desktop/2025-03-04_19-17-07_TIFF/RAW_19-36-39.tiff
Guardado: /home/alonso/Desktop/2025-03-04_19-17-07_RGB/RGB_19-36-41.png y /home/alonso/Desktop/2025-03-04_19-17-07_TIFF/RAW_19-36-41.tiff
Guardado: /home/alonso/Desktop/2025-03-04_19-17-07_RGB/RGB_19-36-43.png y /home/alonso/Desktop/2025-03-04_19-17-07_TIFF/RAW_19-36-43.tiff
Guardado: /home/alonso/Desktop/2025-03-04_19-17-07_RGB/RGB_19-36-45.png y /home/alonso/Desktop/2025-03-04_19-17-07_TIFF/RAW_19-36-45.tiff
Guardado: /home/alonso/Desktop/2025-03-04_19-17-07_RGB/RGB_19-36-47.png y /home/alonso/Desktop/2025-03-04_19-17-07_TIFF/RAW_19-36-47.tiff
Guardado: /home/alonso/Desktop/2025-03-04_19-17-07_RGB/RGB_19-36-49.png y /home/alonso/Desktop/2025-03-04_19-17-07_TIFF/RAW_19-36-49.tiff
Guardado: /home/alonso/Desktop/2025-03-04_19-17-07_RGB/RGB_19-36-51.png y /home/alonso/Desktop/2025-03-04_19-17-07_TIFF/RAW_19-36-51.tiff
Guardado: /home/alonso/Desktop/2025-03-04_19-17-07_RGB/RGB_19-36-53.png y /home/alonso/Desktop/2025-03-04_19-17-07_TIFF/RAW_19-36-53.tiff
Guardado: /home/alonso/Desktop/2025-03-04_19-17-07_RGB/RGB_19-36-55.png y /home/alonso/Desktop/2025-03-04_19-17-07_TIFF/RAW_19-36-55.tiff
2025-03-04 19:36:58.343 Port 8501 is already in use
2025-03-04 19:36:59.212 Port 8501 is already in use
2025-03-04 19:37:06.412 Port 8501 is already in use
2025-03-04 19:37:07.237 Port 8501 is already in use
2025-03-04 19:37:14.488 Port 8501 is already in use
2025-03-04 19:37:15.355 Port 8501 is already in use
2025-03-04 19:37:22.557 Port 8501 is already in use
2025-03-04 19:37:23.343 Port 8501 is already in use
2025-03-04 19:37:30.605 Port 8501 is already in use
2025-03-04 19:37:31.410 Port 8501 is already in use
2025-03-04 19:37:38.636 Port 8501 is already in use
2025-03-04 19:37:39.511 Port 8501 is already in use
2025-03-04 19:37:46.706 Port 8501 is already in use
2025-03-04 19:37:47.591 Port 8501 is already in use
2025-03-04 19:37:54.778 Port 8501 is already in use
2025-03-04 19:37:55.645 Port 8501 is already in use
2025-03-04 19:38:02.856 Port 8501 is already in use
2025-03-04 19:38:03.762 Port 8501 is already in use
2025-03-04 19:38:10.906 Port 8501 is already in use
2025-03-04 19:38:11.791 Port 8501 is already in use
2025-03-04 19:38:18.964 Port 8501 is already in use
2025-03-04 19:38:19.933 Port 8501 is already in use
2025-03-04 19:38:27.026 Port 8501 is already in use
2025-03-04 19:38:27.895 Port 8501 is already in use
2025-03-04 19:38:35.091 Port 8501 is already in use
2025-03-04 19:38:35.992 Port 8501 is already in use
2025-03-04 19:38:43.160 Port 8501 is already in use
2025-03-04 19:38:44.048 Port 8501 is already in use
2025-03-04 19:38:51.203 Port 8501 is already in use
2025-03-04 19:38:52.075 Port 8501 is already in use
Guardado: /home/alonso/Desktop/2025-03-04_19-17-07_RGB/RGB_19-36-57.png y /home/alonso/Desktop/2025-03-04_19-17-07_TIFF/RAW_19-36-57.tiff
Guardado: /home/alonso/Desktop/2025-03-04_19-17-07_RGB/RGB_19-36-59.png y /home/alonso/Desktop/2025-03-04_19-17-07_TIFF/RAW_19-36-59.tiff
Guardado: /home/alonso/Desktop/2025-03-04_19-17-07_RGB/RGB_19-37-02.png y /home/alonso/Desktop/2025-03-04_19-17-07_TIFF/RAW_19-37-02.tiff
Guardado: /home/alonso/Desktop/2025-03-04_19-17-07_RGB/RGB_19-37-04.png y /home/alonso/Desktop/2025-03-04_19-17-07_TIFF/RAW_19-37-04.tiff
Guardado: /home/alonso/Desktop/2025-03-04_19-17-07_RGB/RGB_19-37-06.png y /home/alonso/Desktop/2025-03-04_19-17-07_TIFF/RAW_19-37-06.tiff
Guardado: /home/alonso/Desktop/2025-03-04_19-17-07_RGB/RGB_19-37-08.png y /home/alonso/Desktop/2025-03-04_19-17-07_TIFF/RAW_19-37-08.tiff
Guardado: /home/alonso/Desktop/2025-03-04_19-17-07_RGB/RGB_19-37-10.png y /home/alonso/Desktop/2025-03-04_19-17-07_TIFF/RAW_19-37-10.tiff
Guardado: /home/alonso/Desktop/2025-03-04_19-17-07_RGB/RGB_19-37-12.png y /home/alonso/Desktop/2025-03-04_19-17-07_TIFF/RAW_19-37-12.tiff
Guardado: /home/alonso/Desktop/2025-03-04_19-17-07_RGB/RGB_19-37-14.png y /home/alonso/Desktop/2025-03-04_19-17-07_TIFF/RAW_19-37-14.tiff
Guardado: /home/alonso/Desktop/2025-03-04_19-17-07_RGB/RGB_19-37-16.png y /home/alonso/Desktop/2025-03-04_19-17-07_TIFF/RAW_19-37-16.tiff
Guardado: /home/alonso/Desktop/2025-03-04_19-17-07_RGB/RGB_19-37-18.png y /home/alonso/Desktop/2025-03-04_19-17-07_TIFF/RAW_19-37-18.tiff
Guardado: /home/alonso/Desktop/2025-03-04_19-17-07_RGB/RGB_19-37-20.png y /home/alonso/Desktop/2025-03-04_19-17-07_TIFF/RAW_19-37-20.tiff
Guardado: /home/alonso/Desktop/2025-03-04_19-17-07_RGB/RGB_19-37-22.png y /home/alonso/Desktop/2025-03-04_19-17-07_TIFF/RAW_19-37-22.tiff
Guardado: /home/alonso/Desktop/2025-03-04_19-17-07_RGB/RGB_19-37-24.png y /home/alonso/Desktop/2025-03-04_19-17-07_TIFF/RAW_19-37-24.tiff
Guardado: /home/alonso/Desktop/2025-03-04_19-17-07_RGB/RGB_19-37-26.png y /home/alonso/Desktop/2025-03-04_19-17-07_TIFF/RAW_19-37-26.tiff
Guardado: /home/alonso/Desktop/2025-03-04_19-17-07_RGB/RGB_19-37-28.png y /home/alonso/Desktop/2025-03-04_19-17-07_TIFF/RAW_19-37-28.tiff
Guardado: /home/alonso/Desktop/2025-03-04_19-17-07_RGB/RGB_19-37-30.png y /home/alonso/Desktop/2025-03-04_19-17-07_TIFF/RAW_19-37-30.tiff
Guardado: /home/alonso/Desktop/2025-03-04_19-17-07_RGB/RGB_19-37-32.png y /home/alonso/Desktop/2025-03-04_19-17-07_TIFF/RAW_19-37-32.tiff
Guardado: /home/alonso/Desktop/2025-03-04_19-17-07_RGB/RGB_19-37-34.png y /home/alonso/Desktop/2025-03-04_19-17-07_TIFF/RAW_19-37-34.tiff
Guardado: /home/alonso/Desktop/2025-03-04_19-17-07_RGB/RGB_19-37-36.png y /home/alonso/Desktop/2025-03-04_19-17-07_TIFF/RAW_19-37-36.tiff
Guardado: /home/alonso/Desktop/2025-03-04_19-17-07_RGB/RGB_19-37-38.png y /home/alonso/Desktop/2025-03-04_19-17-07_TIFF/RAW_19-37-38.tiff
Guardado: /home/alonso/Desktop/2025-03-04_19-17-07_RGB/RGB_19-37-40.png y /home/alonso/Desktop/2025-03-04_19-17-07_TIFF/RAW_19-37-40.tiff
Guardado: /home/alonso/Desktop/2025-03-04_19-17-07_RGB/RGB_19-37-42.png y /home/alonso/Desktop/2025-03-04_19-17-07_TIFF/RAW_19-37-42.tiff
Guardado: /home/alonso/Desktop/2025-03-04_19-17-07_RGB/RGB_19-37-44.png y /home/alonso/Desktop/2025-03-04_19-17-07_TIFF/RAW_19-37-44.tiff
Guardado: /home/alonso/Desktop/2025-03-04_19-17-07_RGB/RGB_19-37-46.png y /home/alonso/Desktop/2025-03-04_19-17-07_TIFF/RAW_19-37-46.tiff
Guardado: /home/alonso/Desktop/2025-03-04_19-17-07_RGB/RGB_19-37-48.png y /home/alonso/Desktop/2025-03-04_19-17-07_TIFF/RAW_19-37-48.tiff
Guardado: /home/alonso/Desktop/2025-03-04_19-17-07_RGB/RGB_19-37-50.png y /home/alonso/Desktop/2025-03-04_19-17-07_TIFF/RAW_19-37-50.tiff
Guardado: /home/alonso/Desktop/2025-03-04_19-17-07_RGB/RGB_19-37-52.png y /home/alonso/Desktop/2025-03-04_19-17-07_TIFF/RAW_19-37-52.tiff
Guardado: /home/alonso/Desktop/2025-03-04_19-17-07_RGB/RGB_19-37-54.png y /home/alonso/Desktop/2025-03-04_19-17-07_TIFF/RAW_19-37-54.tiff
Guardado: /home/alonso/Desktop/2025-03-04_19-17-07_RGB/RGB_19-37-56.png y /home/alonso/Desktop/2025-03-04_19-17-07_TIFF/RAW_19-37-56.tiff
Guardado: /home/alonso/Desktop/2025-03-04_19-17-07_RGB/RGB_19-37-58.png y /home/alonso/Desktop/2025-03-04_19-17-07_TIFF/RAW_19-37-58.tiff
Guardado: /home/alonso/Desktop/2025-03-04_19-17-07_RGB/RGB_19-38-00.png y /home/alonso/Desktop/2025-03-04_19-17-07_TIFF/RAW_19-38-00.tiff
Guardado: /home/alonso/Desktop/2025-03-04_19-17-07_RGB/RGB_19-38-02.png y /home/alonso/Desktop/2025-03-04_19-17-07_TIFF/RAW_19-38-02.tiff
Guardado: /home/alonso/Desktop/2025-03-04_19-17-07_RGB/RGB_19-38-04.png y /home/alonso/Desktop/2025-03-04_19-17-07_TIFF/RAW_19-38-04.tiff
Guardado: /home/alonso/Desktop/2025-03-04_19-17-07_RGB/RGB_19-38-06.png y /home/alonso/Desktop/2025-03-04_19-17-07_TIFF/RAW_19-38-06.tiff
Guardado: /home/alonso/Desktop/2025-03-04_19-17-07_RGB/RGB_19-38-08.png y /home/alonso/Desktop/2025-03-04_19-17-07_TIFF/RAW_19-38-08.tiff
Guardado: /home/alonso/Desktop/2025-03-04_19-17-07_RGB/RGB_19-38-10.png y /home/alonso/Desktop/2025-03-04_19-17-07_TIFF/RAW_19-38-10.tiff
Guardado: /home/alonso/Desktop/2025-03-04_19-17-07_RGB/RGB_19-38-12.png y /home/alonso/Desktop/2025-03-04_19-17-07_TIFF/RAW_19-38-12.tiff
Guardado: /home/alonso/Desktop/2025-03-04_19-17-07_RGB/RGB_19-38-14.png y /home/alonso/Desktop/2025-03-04_19-17-07_TIFF/RAW_19-38-14.tiff
Guardado: /home/alonso/Desktop/2025-03-04_19-17-07_RGB/RGB_19-38-16.png y /home/alonso/Desktop/2025-03-04_19-17-07_TIFF/RAW_19-38-16.tiff
Guardado: /home/alonso/Desktop/2025-03-04_19-17-07_RGB/RGB_19-38-18.png y /home/alonso/Desktop/2025-03-04_19-17-07_TIFF/RAW_19-38-18.tiff
Guardado: /home/alonso/Desktop/2025-03-04_19-17-07_RGB/RGB_19-38-20.png y /home/alonso/Desktop/2025-03-04_19-17-07_TIFF/RAW_19-38-20.tiff
Guardado: /home/alonso/Desktop/2025-03-04_19-17-07_RGB/RGB_19-38-22.png y /home/alonso/Desktop/2025-03-04_19-17-07_TIFF/RAW_19-38-22.tiff
Guardado: /home/alonso/Desktop/2025-03-04_19-17-07_RGB/RGB_19-38-24.png y /home/alonso/Desktop/2025-03-04_19-17-07_TIFF/RAW_19-38-24.tiff
Guardado: /home/alonso/Desktop/2025-03-04_19-17-07_RGB/RGB_19-38-26.png y /home/alonso/Desktop/2025-03-04_19-17-07_TIFF/RAW_19-38-26.tiff
Guardado: /home/alonso/Desktop/2025-03-04_19-17-07_RGB/RGB_19-38-28.png y /home/alonso/Desktop/2025-03-04_19-17-07_TIFF/RAW_19-38-28.tiff
Guardado: /home/alonso/Desktop/2025-03-04_19-17-07_RGB/RGB_19-38-30.png y /home/alonso/Desktop/2025-03-04_19-17-07_TIFF/RAW_19-38-30.tiff
Guardado: /home/alonso/Desktop/2025-03-04_19-17-07_RGB/RGB_19-38-32.png y /home/alonso/Desktop/2025-03-04_19-17-07_TIFF/RAW_19-38-32.tiff
Guardado: /home/alonso/Desktop/2025-03-04_19-17-07_RGB/RGB_19-38-34.png y /home/alonso/Desktop/2025-03-04_19-17-07_TIFF/RAW_19-38-34.tiff
Guardado: /home/alonso/Desktop/2025-03-04_19-17-07_RGB/RGB_19-38-36.png y /home/alonso/Desktop/2025-03-04_19-17-07_TIFF/RAW_19-38-36.tiff
Guardado: /home/alonso/Desktop/2025-03-04_19-17-07_RGB/RGB_19-38-38.png y /home/alonso/Desktop/2025-03-04_19-17-07_TIFF/RAW_19-38-38.tiff
Guardado: /home/alonso/Desktop/2025-03-04_19-17-07_RGB/RGB_19-38-40.png y /home/alonso/Desktop/2025-03-04_19-17-07_TIFF/RAW_19-38-40.tiff
Guardado: /home/alonso/Desktop/2025-03-04_19-17-07_RGB/RGB_19-38-42.png y /home/alonso/Desktop/2025-03-04_19-17-07_TIFF/RAW_19-38-42.tiff
Guardado: /home/alonso/Desktop/2025-03-04_19-17-07_RGB/RGB_19-38-44.png y /home/alonso/Desktop/2025-03-04_19-17-07_TIFF/RAW_19-38-44.tiff
Guardado: /home/alonso/Desktop/2025-03-04_19-17-07_RGB/RGB_19-38-46.png y /home/alonso/Desktop/2025-03-04_19-17-07_TIFF/RAW_19-38-46.tiff
Guardado: /home/alonso/Desktop/2025-03-04_19-17-07_RGB/RGB_19-38-48.png y /home/alonso/Desktop/2025-03-04_19-17-07_TIFF/RAW_19-38-48.tiff
Guardado: /home/alonso/Desktop/2025-03-04_19-17-07_RGB/RGB_19-38-50.png y /home/alonso/Desktop/2025-03-04_19-17-07_TIFF/RAW_19-38-50.tiff
Guardado: /home/alonso/Desktop/2025-03-04_19-17-07_RGB/RGB_19-38-52.png y /home/alonso/Desktop/2025-03-04_19-17-07_TIFF/RAW_19-38-52.tiff
Guardado: /home/alonso/Desktop/2025-03-04_19-17-07_RGB/RGB_19-38-54.png y /home/alonso/Desktop/2025-03-04_19-17-07_TIFF/RAW_19-38-54.tiff
2025-03-04 19:38:59.283 Port 8501 is already in use
2025-03-04 19:39:00.181 Port 8501 is already in use
2025-03-04 19:39:07.365 Port 8501 is already in use
2025-03-04 19:39:08.225 Port 8501 is already in use
2025-03-04 19:39:15.437 Port 8501 is already in use
2025-03-04 19:39:16.261 Port 8501 is already in use
2025-03-04 19:39:23.474 Port 8501 is already in use
2025-03-04 19:39:24.349 Port 8501 is already in use
2025-03-04 19:39:31.527 Port 8501 is already in use
2025-03-04 19:39:32.416 Port 8501 is already in use
2025-03-04 19:39:39.582 Port 8501 is already in use
2025-03-04 19:39:40.455 Port 8501 is already in use
2025-03-04 19:39:47.636 Port 8501 is already in use
2025-03-04 19:39:48.476 Port 8501 is already in use
2025-03-04 19:39:55.697 Port 8501 is already in use
2025-03-04 19:39:56.545 Port 8501 is already in use
2025-03-04 19:40:03.824 Port 8501 is already in use
2025-03-04 19:40:04.601 Port 8501 is already in use
2025-03-04 19:40:11.858 Port 8501 is already in use
2025-03-04 19:40:12.670 Port 8501 is already in use
2025-03-04 19:40:19.934 Port 8501 is already in use
2025-03-04 19:40:20.684 Port 8501 is already in use
2025-03-04 19:40:27.950 Port 8501 is already in use
2025-03-04 19:40:28.751 Port 8501 is already in use
2025-03-04 19:40:35.999 Port 8501 is already in use
2025-03-04 19:40:36.817 Port 8501 is already in use
2025-03-04 19:40:44.075 Port 8501 is already in use
2025-03-04 19:40:44.905 Port 8501 is already in use
2025-03-04 19:40:52.161 Port 8501 is already in use
2025-03-04 19:40:53.017 Port 8501 is already in use
Guardado: /home/alonso/Desktop/2025-03-04_19-17-07_RGB/RGB_19-38-56.png y /home/alonso/Desktop/2025-03-04_19-17-07_TIFF/RAW_19-38-56.tiff
Guardado: /home/alonso/Desktop/2025-03-04_19-17-07_RGB/RGB_19-38-58.png y /home/alonso/Desktop/2025-03-04_19-17-07_TIFF/RAW_19-38-58.tiff
Guardado: /home/alonso/Desktop/2025-03-04_19-17-07_RGB/RGB_19-39-00.png y /home/alonso/Desktop/2025-03-04_19-17-07_TIFF/RAW_19-39-00.tiff
Guardado: /home/alonso/Desktop/2025-03-04_19-17-07_RGB/RGB_19-39-02.png y /home/alonso/Desktop/2025-03-04_19-17-07_TIFF/RAW_19-39-02.tiff
Guardado: /home/alonso/Desktop/2025-03-04_19-17-07_RGB/RGB_19-39-04.png y /home/alonso/Desktop/2025-03-04_19-17-07_TIFF/RAW_19-39-04.tiff
Guardado: /home/alonso/Desktop/2025-03-04_19-17-07_RGB/RGB_19-39-06.png y /home/alonso/Desktop/2025-03-04_19-17-07_TIFF/RAW_19-39-06.tiff
Guardado: /home/alonso/Desktop/2025-03-04_19-17-07_RGB/RGB_19-39-08.png y /home/alonso/Desktop/2025-03-04_19-17-07_TIFF/RAW_19-39-08.tiff
Guardado: /home/alonso/Desktop/2025-03-04_19-17-07_RGB/RGB_19-39-10.png y /home/alonso/Desktop/2025-03-04_19-17-07_TIFF/RAW_19-39-10.tiff
Guardado: /home/alonso/Desktop/2025-03-04_19-17-07_RGB/RGB_19-39-12.png y /home/alonso/Desktop/2025-03-04_19-17-07_TIFF/RAW_19-39-12.tiff
Guardado: /home/alonso/Desktop/2025-03-04_19-17-07_RGB/RGB_19-39-14.png y /home/alonso/Desktop/2025-03-04_19-17-07_TIFF/RAW_19-39-14.tiff
Guardado: /home/alonso/Desktop/2025-03-04_19-17-07_RGB/RGB_19-39-16.png y /home/alonso/Desktop/2025-03-04_19-17-07_TIFF/RAW_19-39-16.tiff
Guardado: /home/alonso/Desktop/2025-03-04_19-17-07_RGB/RGB_19-39-18.png y /home/alonso/Desktop/2025-03-04_19-17-07_TIFF/RAW_19-39-18.tiff
Guardado: /home/alonso/Desktop/2025-03-04_19-17-07_RGB/RGB_19-39-20.png y /home/alonso/Desktop/2025-03-04_19-17-07_TIFF/RAW_19-39-20.tiff
Guardado: /home/alonso/Desktop/2025-03-04_19-17-07_RGB/RGB_19-39-22.png y /home/alonso/Desktop/2025-03-04_19-17-07_TIFF/RAW_19-39-22.tiff
Guardado: /home/alonso/Desktop/2025-03-04_19-17-07_RGB/RGB_19-39-24.png y /home/alonso/Desktop/2025-03-04_19-17-07_TIFF/RAW_19-39-24.tiff
Guardado: /home/alonso/Desktop/2025-03-04_19-17-07_RGB/RGB_19-39-26.png y /home/alonso/Desktop/2025-03-04_19-17-07_TIFF/RAW_19-39-26.tiff
Guardado: /home/alonso/Desktop/2025-03-04_19-17-07_RGB/RGB_19-39-28.png y /home/alonso/Desktop/2025-03-04_19-17-07_TIFF/RAW_19-39-28.tiff
Guardado: /home/alonso/Desktop/2025-03-04_19-17-07_RGB/RGB_19-39-30.png y /home/alonso/Desktop/2025-03-04_19-17-07_TIFF/RAW_19-39-30.tiff
Guardado: /home/alonso/Desktop/2025-03-04_19-17-07_RGB/RGB_19-39-32.png y /home/alonso/Desktop/2025-03-04_19-17-07_TIFF/RAW_19-39-32.tiff
Guardado: /home/alonso/Desktop/2025-03-04_19-17-07_RGB/RGB_19-39-34.png y /home/alonso/Desktop/2025-03-04_19-17-07_TIFF/RAW_19-39-34.tiff
Guardado: /home/alonso/Desktop/2025-03-04_19-17-07_RGB/RGB_19-39-36.png y /home/alonso/Desktop/2025-03-04_19-17-07_TIFF/RAW_19-39-36.tiff
Guardado: /home/alonso/Desktop/2025-03-04_19-17-07_RGB/RGB_19-39-38.png y /home/alonso/Desktop/2025-03-04_19-17-07_TIFF/RAW_19-39-38.tiff
Guardado: /home/alonso/Desktop/2025-03-04_19-17-07_RGB/RGB_19-39-40.png y /home/alonso/Desktop/2025-03-04_19-17-07_TIFF/RAW_19-39-40.tiff
Guardado: /home/alonso/Desktop/2025-03-04_19-17-07_RGB/RGB_19-39-42.png y /home/alonso/Desktop/2025-03-04_19-17-07_TIFF/RAW_19-39-42.tiff
Guardado: /home/alonso/Desktop/2025-03-04_19-17-07_RGB/RGB_19-39-44.png y /home/alonso/Desktop/2025-03-04_19-17-07_TIFF/RAW_19-39-44.tiff
Guardado: /home/alonso/Desktop/2025-03-04_19-17-07_RGB/RGB_19-39-46.png y /home/alonso/Desktop/2025-03-04_19-17-07_TIFF/RAW_19-39-46.tiff
Guardado: /home/alonso/Desktop/2025-03-04_19-17-07_RGB/RGB_19-39-48.png y /home/alonso/Desktop/2025-03-04_19-17-07_TIFF/RAW_19-39-48.tiff
Guardado: /home/alonso/Desktop/2025-03-04_19-17-07_RGB/RGB_19-39-50.png y /home/alonso/Desktop/2025-03-04_19-17-07_TIFF/RAW_19-39-50.tiff
Guardado: /home/alonso/Desktop/2025-03-04_19-17-07_RGB/RGB_19-39-52.png y /home/alonso/Desktop/2025-03-04_19-17-07_TIFF/RAW_19-39-52.tiff
Guardado: /home/alonso/Desktop/2025-03-04_19-17-07_RGB/RGB_19-39-54.png y /home/alonso/Desktop/2025-03-04_19-17-07_TIFF/RAW_19-39-54.tiff
Guardado: /home/alonso/Desktop/2025-03-04_19-17-07_RGB/RGB_19-39-56.png y /home/alonso/Desktop/2025-03-04_19-17-07_TIFF/RAW_19-39-56.tiff
Guardado: /home/alonso/Desktop/2025-03-04_19-17-07_RGB/RGB_19-39-58.png y /home/alonso/Desktop/2025-03-04_19-17-07_TIFF/RAW_19-39-58.tiff
Guardado: /home/alonso/Desktop/2025-03-04_19-17-07_RGB/RGB_19-40-00.png y /home/alonso/Desktop/2025-03-04_19-17-07_TIFF/RAW_19-40-00.tiff
Guardado: /home/alonso/Desktop/2025-03-04_19-17-07_RGB/RGB_19-40-02.png y /home/alonso/Desktop/2025-03-04_19-17-07_TIFF/RAW_19-40-02.tiff
Guardado: /home/alonso/Desktop/2025-03-04_19-17-07_RGB/RGB_19-40-05.png y /home/alonso/Desktop/2025-03-04_19-17-07_TIFF/RAW_19-40-05.tiff
Guardado: /home/alonso/Desktop/2025-03-04_19-17-07_RGB/RGB_19-40-07.png y /home/alonso/Desktop/2025-03-04_19-17-07_TIFF/RAW_19-40-07.tiff
Guardado: /home/alonso/Desktop/2025-03-04_19-17-07_RGB/RGB_19-40-09.png y /home/alonso/Desktop/2025-03-04_19-17-07_TIFF/RAW_19-40-09.tiff
Guardado: /home/alonso/Desktop/2025-03-04_19-17-07_RGB/RGB_19-40-11.png y /home/alonso/Desktop/2025-03-04_19-17-07_TIFF/RAW_19-40-11.tiff
Guardado: /home/alonso/Desktop/2025-03-04_19-17-07_RGB/RGB_19-40-13.png y /home/alonso/Desktop/2025-03-04_19-17-07_TIFF/RAW_19-40-13.tiff
Guardado: /home/alonso/Desktop/2025-03-04_19-17-07_RGB/RGB_19-40-15.png y /home/alonso/Desktop/2025-03-04_19-17-07_TIFF/RAW_19-40-15.tiff
Guardado: /home/alonso/Desktop/2025-03-04_19-17-07_RGB/RGB_19-40-17.png y /home/alonso/Desktop/2025-03-04_19-17-07_TIFF/RAW_19-40-17.tiff
Guardado: /home/alonso/Desktop/2025-03-04_19-17-07_RGB/RGB_19-40-19.png y /home/alonso/Desktop/2025-03-04_19-17-07_TIFF/RAW_19-40-19.tiff
Guardado: /home/alonso/Desktop/2025-03-04_19-17-07_RGB/RGB_19-40-21.png y /home/alonso/Desktop/2025-03-04_19-17-07_TIFF/RAW_19-40-21.tiff
Guardado: /home/alonso/Desktop/2025-03-04_19-17-07_RGB/RGB_19-40-23.png y /home/alonso/Desktop/2025-03-04_19-17-07_TIFF/RAW_19-40-23.tiff
Guardado: /home/alonso/Desktop/2025-03-04_19-17-07_RGB/RGB_19-40-25.png y /home/alonso/Desktop/2025-03-04_19-17-07_TIFF/RAW_19-40-25.tiff
Guardado: /home/alonso/Desktop/2025-03-04_19-17-07_RGB/RGB_19-40-27.png y /home/alonso/Desktop/2025-03-04_19-17-07_TIFF/RAW_19-40-27.tiff
Guardado: /home/alonso/Desktop/2025-03-04_19-17-07_RGB/RGB_19-40-29.png y /home/alonso/Desktop/2025-03-04_19-17-07_TIFF/RAW_19-40-29.tiff
Guardado: /home/alonso/Desktop/2025-03-04_19-17-07_RGB/RGB_19-40-31.png y /home/alonso/Desktop/2025-03-04_19-17-07_TIFF/RAW_19-40-31.tiff
Guardado: /home/alonso/Desktop/2025-03-04_19-17-07_RGB/RGB_19-40-33.png y /home/alonso/Desktop/2025-03-04_19-17-07_TIFF/RAW_19-40-33.tiff
Guardado: /home/alonso/Desktop/2025-03-04_19-17-07_RGB/RGB_19-40-35.png y /home/alonso/Desktop/2025-03-04_19-17-07_TIFF/RAW_19-40-35.tiff
Guardado: /home/alonso/Desktop/2025-03-04_19-17-07_RGB/RGB_19-40-37.png y /home/alonso/Desktop/2025-03-04_19-17-07_TIFF/RAW_19-40-37.tiff
Guardado: /home/alonso/Desktop/2025-03-04_19-17-07_RGB/RGB_19-40-39.png y /home/alonso/Desktop/2025-03-04_19-17-07_TIFF/RAW_19-40-39.tiff
Guardado: /home/alonso/Desktop/2025-03-04_19-17-07_RGB/RGB_19-40-41.png y /home/alonso/Desktop/2025-03-04_19-17-07_TIFF/RAW_19-40-41.tiff
Guardado: /home/alonso/Desktop/2025-03-04_19-17-07_RGB/RGB_19-40-43.png y /home/alonso/Desktop/2025-03-04_19-17-07_TIFF/RAW_19-40-43.tiff
Guardado: /home/alonso/Desktop/2025-03-04_19-17-07_RGB/RGB_19-40-45.png y /home/alonso/Desktop/2025-03-04_19-17-07_TIFF/RAW_19-40-45.tiff
Guardado: /home/alonso/Desktop/2025-03-04_19-17-07_RGB/RGB_19-40-47.png y /home/alonso/Desktop/2025-03-04_19-17-07_TIFF/RAW_19-40-47.tiff
Guardado: /home/alonso/Desktop/2025-03-04_19-17-07_RGB/RGB_19-40-49.png y /home/alonso/Desktop/2025-03-04_19-17-07_TIFF/RAW_19-40-49.tiff
Guardado: /home/alonso/Desktop/2025-03-04_19-17-07_RGB/RGB_19-40-51.png y /home/alonso/Desktop/2025-03-04_19-17-07_TIFF/RAW_19-40-51.tiff
Guardado: /home/alonso/Desktop/2025-03-04_19-17-07_RGB/RGB_19-40-53.png y /home/alonso/Desktop/2025-03-04_19-17-07_TIFF/RAW_19-40-53.tiff
2025-03-04 19:41:00.200 Port 8501 is already in use
2025-03-04 19:41:01.154 Port 8501 is already in use
2025-03-04 19:41:08.264 Port 8501 is already in use
2025-03-04 19:41:09.159 Port 8501 is already in use
2025-03-04 19:41:16.374 Port 8501 is already in use
2025-03-04 19:41:17.266 Port 8501 is already in use
2025-03-04 19:41:24.372 Port 8501 is already in use
2025-03-04 19:41:25.332 Port 8501 is already in use
2025-03-04 19:41:32.487 Port 8501 is already in use
2025-03-04 19:41:33.396 Port 8501 is already in use
2025-03-04 19:41:40.526 Port 8501 is already in use
2025-03-04 19:41:41.450 Port 8501 is already in use
2025-03-04 19:41:48.622 Port 8501 is already in use
2025-03-04 19:41:49.481 Port 8501 is already in use
2025-03-04 19:41:56.656 Port 8501 is already in use
2025-03-04 19:41:57.511 Port 8501 is already in use
2025-03-04 19:42:04.760 Port 8501 is already in use
2025-03-04 19:42:05.602 Port 8501 is already in use
2025-03-04 19:42:12.861 Port 8501 is already in use
2025-03-04 19:42:13.696 Port 8501 is already in use
2025-03-04 19:42:20.878 Port 8501 is already in use
2025-03-04 19:42:21.739 Port 8501 is already in use
2025-03-04 19:42:29.043 Port 8501 is already in use
2025-03-04 19:42:29.803 Port 8501 is already in use
2025-03-04 19:42:37.011 Port 8501 is already in use
2025-03-04 19:42:37.827 Port 8501 is already in use
2025-03-04 19:42:45.083 Port 8501 is already in use
2025-03-04 19:42:45.944 Port 8501 is already in use
2025-03-04 19:42:53.202 Port 8501 is already in use
2025-03-04 19:42:54.030 Port 8501 is already in use
Guardado: /home/alonso/Desktop/2025-03-04_19-17-07_RGB/RGB_19-40-55.png y /home/alonso/Desktop/2025-03-04_19-17-07_TIFF/RAW_19-40-55.tiff
Guardado: /home/alonso/Desktop/2025-03-04_19-17-07_RGB/RGB_19-40-57.png y /home/alonso/Desktop/2025-03-04_19-17-07_TIFF/RAW_19-40-57.tiff
Guardado: /home/alonso/Desktop/2025-03-04_19-17-07_RGB/RGB_19-40-59.png y /home/alonso/Desktop/2025-03-04_19-17-07_TIFF/RAW_19-40-59.tiff
Guardado: /home/alonso/Desktop/2025-03-04_19-17-07_RGB/RGB_19-41-01.png y /home/alonso/Desktop/2025-03-04_19-17-07_TIFF/RAW_19-41-01.tiff
Guardado: /home/alonso/Desktop/2025-03-04_19-17-07_RGB/RGB_19-41-03.png y /home/alonso/Desktop/2025-03-04_19-17-07_TIFF/RAW_19-41-03.tiff
Guardado: /home/alonso/Desktop/2025-03-04_19-17-07_RGB/RGB_19-41-05.png y /home/alonso/Desktop/2025-03-04_19-17-07_TIFF/RAW_19-41-05.tiff
Guardado: /home/alonso/Desktop/2025-03-04_19-17-07_RGB/RGB_19-41-07.png y /home/alonso/Desktop/2025-03-04_19-17-07_TIFF/RAW_19-41-07.tiff
Guardado: /home/alonso/Desktop/2025-03-04_19-17-07_RGB/RGB_19-41-09.png y /home/alonso/Desktop/2025-03-04_19-17-07_TIFF/RAW_19-41-09.tiff
Guardado: /home/alonso/Desktop/2025-03-04_19-17-07_RGB/RGB_19-41-11.png y /home/alonso/Desktop/2025-03-04_19-17-07_TIFF/RAW_19-41-11.tiff
Guardado: /home/alonso/Desktop/2025-03-04_19-17-07_RGB/RGB_19-41-13.png y /home/alonso/Desktop/2025-03-04_19-17-07_TIFF/RAW_19-41-13.tiff
Guardado: /home/alonso/Desktop/2025-03-04_19-17-07_RGB/RGB_19-41-15.png y /home/alonso/Desktop/2025-03-04_19-17-07_TIFF/RAW_19-41-15.tiff
Guardado: /home/alonso/Desktop/2025-03-04_19-17-07_RGB/RGB_19-41-17.png y /home/alonso/Desktop/2025-03-04_19-17-07_TIFF/RAW_19-41-17.tiff
Guardado: /home/alonso/Desktop/2025-03-04_19-17-07_RGB/RGB_19-41-19.png y /home/alonso/Desktop/2025-03-04_19-17-07_TIFF/RAW_19-41-19.tiff
Guardado: /home/alonso/Desktop/2025-03-04_19-17-07_RGB/RGB_19-41-21.png y /home/alonso/Desktop/2025-03-04_19-17-07_TIFF/RAW_19-41-21.tiff
Guardado: /home/alonso/Desktop/2025-03-04_19-17-07_RGB/RGB_19-41-23.png y /home/alonso/Desktop/2025-03-04_19-17-07_TIFF/RAW_19-41-23.tiff
Guardado: /home/alonso/Desktop/2025-03-04_19-17-07_RGB/RGB_19-41-25.png y /home/alonso/Desktop/2025-03-04_19-17-07_TIFF/RAW_19-41-25.tiff
Guardado: /home/alonso/Desktop/2025-03-04_19-17-07_RGB/RGB_19-41-27.png y /home/alonso/Desktop/2025-03-04_19-17-07_TIFF/RAW_19-41-27.tiff
Guardado: /home/alonso/Desktop/2025-03-04_19-17-07_RGB/RGB_19-41-29.png y /home/alonso/Desktop/2025-03-04_19-17-07_TIFF/RAW_19-41-29.tiff
Guardado: /home/alonso/Desktop/2025-03-04_19-17-07_RGB/RGB_19-41-31.png y /home/alonso/Desktop/2025-03-04_19-17-07_TIFF/RAW_19-41-31.tiff
Guardado: /home/alonso/Desktop/2025-03-04_19-17-07_RGB/RGB_19-41-33.png y /home/alonso/Desktop/2025-03-04_19-17-07_TIFF/RAW_19-41-33.tiff
Guardado: /home/alonso/Desktop/2025-03-04_19-17-07_RGB/RGB_19-41-35.png y /home/alonso/Desktop/2025-03-04_19-17-07_TIFF/RAW_19-41-35.tiff
Guardado: /home/alonso/Desktop/2025-03-04_19-17-07_RGB/RGB_19-41-37.png y /home/alonso/Desktop/2025-03-04_19-17-07_TIFF/RAW_19-41-37.tiff
Guardado: /home/alonso/Desktop/2025-03-04_19-17-07_RGB/RGB_19-41-39.png y /home/alonso/Desktop/2025-03-04_19-17-07_TIFF/RAW_19-41-39.tiff
Guardado: /home/alonso/Desktop/2025-03-04_19-17-07_RGB/RGB_19-41-41.png y /home/alonso/Desktop/2025-03-04_19-17-07_TIFF/RAW_19-41-41.tiff
Guardado: /home/alonso/Desktop/2025-03-04_19-17-07_RGB/RGB_19-41-43.png y /home/alonso/Desktop/2025-03-04_19-17-07_TIFF/RAW_19-41-43.tiff
Guardado: /home/alonso/Desktop/2025-03-04_19-17-07_RGB/RGB_19-41-45.png y /home/alonso/Desktop/2025-03-04_19-17-07_TIFF/RAW_19-41-45.tiff
Guardado: /home/alonso/Desktop/2025-03-04_19-17-07_RGB/RGB_19-41-47.png y /home/alonso/Desktop/2025-03-04_19-17-07_TIFF/RAW_19-41-47.tiff
Guardado: /home/alonso/Desktop/2025-03-04_19-17-07_RGB/RGB_19-41-49.png y /home/alonso/Desktop/2025-03-04_19-17-07_TIFF/RAW_19-41-49.tiff
Guardado: /home/alonso/Desktop/2025-03-04_19-17-07_RGB/RGB_19-41-51.png y /home/alonso/Desktop/2025-03-04_19-17-07_TIFF/RAW_19-41-51.tiff
Guardado: /home/alonso/Desktop/2025-03-04_19-17-07_RGB/RGB_19-41-53.png y /home/alonso/Desktop/2025-03-04_19-17-07_TIFF/RAW_19-41-53.tiff
Guardado: /home/alonso/Desktop/2025-03-04_19-17-07_RGB/RGB_19-41-55.png y /home/alonso/Desktop/2025-03-04_19-17-07_TIFF/RAW_19-41-55.tiff
Guardado: /home/alonso/Desktop/2025-03-04_19-17-07_RGB/RGB_19-41-57.png y /home/alonso/Desktop/2025-03-04_19-17-07_TIFF/RAW_19-41-57.tiff
Guardado: /home/alonso/Desktop/2025-03-04_19-17-07_RGB/RGB_19-41-59.png y /home/alonso/Desktop/2025-03-04_19-17-07_TIFF/RAW_19-41-59.tiff
Guardado: /home/alonso/Desktop/2025-03-04_19-17-07_RGB/RGB_19-42-01.png y /home/alonso/Desktop/2025-03-04_19-17-07_TIFF/RAW_19-42-01.tiff
Guardado: /home/alonso/Desktop/2025-03-04_19-17-07_RGB/RGB_19-42-03.png y /home/alonso/Desktop/2025-03-04_19-17-07_TIFF/RAW_19-42-03.tiff
Guardado: /home/alonso/Desktop/2025-03-04_19-17-07_RGB/RGB_19-42-05.png y /home/alonso/Desktop/2025-03-04_19-17-07_TIFF/RAW_19-42-05.tiff
Guardado: /home/alonso/Desktop/2025-03-04_19-17-07_RGB/RGB_19-42-07.png y /home/alonso/Desktop/2025-03-04_19-17-07_TIFF/RAW_19-42-07.tiff
Guardado: /home/alonso/Desktop/2025-03-04_19-17-07_RGB/RGB_19-42-09.png y /home/alonso/Desktop/2025-03-04_19-17-07_TIFF/RAW_19-42-09.tiff
Guardado: /home/alonso/Desktop/2025-03-04_19-17-07_RGB/RGB_19-42-11.png y /home/alonso/Desktop/2025-03-04_19-17-07_TIFF/RAW_19-42-11.tiff
Guardado: /home/alonso/Desktop/2025-03-04_19-17-07_RGB/RGB_19-42-13.png y /home/alonso/Desktop/2025-03-04_19-17-07_TIFF/RAW_19-42-13.tiff
Guardado: /home/alonso/Desktop/2025-03-04_19-17-07_RGB/RGB_19-42-15.png y /home/alonso/Desktop/2025-03-04_19-17-07_TIFF/RAW_19-42-15.tiff
Guardado: /home/alonso/Desktop/2025-03-04_19-17-07_RGB/RGB_19-42-17.png y /home/alonso/Desktop/2025-03-04_19-17-07_TIFF/RAW_19-42-17.tiff
Guardado: /home/alonso/Desktop/2025-03-04_19-17-07_RGB/RGB_19-42-19.png y /home/alonso/Desktop/2025-03-04_19-17-07_TIFF/RAW_19-42-19.tiff
Guardado: /home/alonso/Desktop/2025-03-04_19-17-07_RGB/RGB_19-42-21.png y /home/alonso/Desktop/2025-03-04_19-17-07_TIFF/RAW_19-42-21.tiff
Guardado: /home/alonso/Desktop/2025-03-04_19-17-07_RGB/RGB_19-42-23.png y /home/alonso/Desktop/2025-03-04_19-17-07_TIFF/RAW_19-42-23.tiff
Guardado: /home/alonso/Desktop/2025-03-04_19-17-07_RGB/RGB_19-42-25.png y /home/alonso/Desktop/2025-03-04_19-17-07_TIFF/RAW_19-42-25.tiff
Guardado: /home/alonso/Desktop/2025-03-04_19-17-07_RGB/RGB_19-42-27.png y /home/alonso/Desktop/2025-03-04_19-17-07_TIFF/RAW_19-42-27.tiff
Guardado: /home/alonso/Desktop/2025-03-04_19-17-07_RGB/RGB_19-42-29.png y /home/alonso/Desktop/2025-03-04_19-17-07_TIFF/RAW_19-42-29.tiff
Guardado: /home/alonso/Desktop/2025-03-04_19-17-07_RGB/RGB_19-42-31.png y /home/alonso/Desktop/2025-03-04_19-17-07_TIFF/RAW_19-42-31.tiff
Guardado: /home/alonso/Desktop/2025-03-04_19-17-07_RGB/RGB_19-42-33.png y /home/alonso/Desktop/2025-03-04_19-17-07_TIFF/RAW_19-42-33.tiff
Guardado: /home/alonso/Desktop/2025-03-04_19-17-07_RGB/RGB_19-42-35.png y /home/alonso/Desktop/2025-03-04_19-17-07_TIFF/RAW_19-42-35.tiff
Guardado: /home/alonso/Desktop/2025-03-04_19-17-07_RGB/RGB_19-42-37.png y /home/alonso/Desktop/2025-03-04_19-17-07_TIFF/RAW_19-42-37.tiff
Guardado: /home/alonso/Desktop/2025-03-04_19-17-07_RGB/RGB_19-42-39.png y /home/alonso/Desktop/2025-03-04_19-17-07_TIFF/RAW_19-42-39.tiff
Guardado: /home/alonso/Desktop/2025-03-04_19-17-07_RGB/RGB_19-42-41.png y /home/alonso/Desktop/2025-03-04_19-17-07_TIFF/RAW_19-42-41.tiff
Guardado: /home/alonso/Desktop/2025-03-04_19-17-07_RGB/RGB_19-42-43.png y /home/alonso/Desktop/2025-03-04_19-17-07_TIFF/RAW_19-42-43.tiff
Guardado: /home/alonso/Desktop/2025-03-04_19-17-07_RGB/RGB_19-42-45.png y /home/alonso/Desktop/2025-03-04_19-17-07_TIFF/RAW_19-42-45.tiff
Guardado: /home/alonso/Desktop/2025-03-04_19-17-07_RGB/RGB_19-42-47.png y /home/alonso/Desktop/2025-03-04_19-17-07_TIFF/RAW_19-42-47.tiff
Guardado: /home/alonso/Desktop/2025-03-04_19-17-07_RGB/RGB_19-42-49.png y /home/alonso/Desktop/2025-03-04_19-17-07_TIFF/RAW_19-42-49.tiff
Guardado: /home/alonso/Desktop/2025-03-04_19-17-07_RGB/RGB_19-42-51.png y /home/alonso/Desktop/2025-03-04_19-17-07_TIFF/RAW_19-42-51.tiff
2025-03-04 19:43:01.266 Port 8501 is already in use
2025-03-04 19:43:02.129 Port 8501 is already in use
2025-03-04 19:43:09.433 Port 8501 is already in use
2025-03-04 19:43:10.223 Port 8501 is already in use
2025-03-04 19:43:17.366 Port 8501 is already in use
2025-03-04 19:43:18.215 Port 8501 is already in use
2025-03-04 19:43:25.485 Port 8501 is already in use
2025-03-04 19:43:26.441 Port 8501 is already in use
2025-03-04 19:43:33.669 Port 8501 is already in use
2025-03-04 19:43:34.366 Port 8501 is already in use
2025-03-04 19:43:41.609 Port 8501 is already in use
2025-03-04 19:43:42.486 Port 8501 is already in use
2025-03-04 19:43:49.726 Port 8501 is already in use
2025-03-04 19:43:50.535 Port 8501 is already in use
2025-03-04 19:43:57.762 Port 8501 is already in use
2025-03-04 19:43:58.546 Port 8501 is already in use
2025-03-04 19:44:05.825 Port 8501 is already in use
2025-03-04 19:44:06.617 Port 8501 is already in use
2025-03-04 19:44:13.918 Port 8501 is already in use
2025-03-04 19:44:14.665 Port 8501 is already in use
2025-03-04 19:44:21.975 Port 8501 is already in use
2025-03-04 19:44:22.768 Port 8501 is already in use
2025-03-04 19:44:30.110 Port 8501 is already in use
2025-03-04 19:44:30.937 Port 8501 is already in use
2025-03-04 19:44:38.291 Port 8501 is already in use
2025-03-04 19:44:38.921 Port 8501 is already in use
2025-03-04 19:44:46.220 Port 8501 is already in use
2025-03-04 19:44:47.034 Port 8501 is already in use
Guardado: /home/alonso/Desktop/2025-03-04_19-17-07_RGB/RGB_19-42-53.png y /home/alonso/Desktop/2025-03-04_19-17-07_TIFF/RAW_19-42-53.tiff
Guardado: /home/alonso/Desktop/2025-03-04_19-17-07_RGB/RGB_19-42-55.png y /home/alonso/Desktop/2025-03-04_19-17-07_TIFF/RAW_19-42-55.tiff
Guardado: /home/alonso/Desktop/2025-03-04_19-17-07_RGB/RGB_19-42-57.png y /home/alonso/Desktop/2025-03-04_19-17-07_TIFF/RAW_19-42-57.tiff
Guardado: /home/alonso/Desktop/2025-03-04_19-17-07_RGB/RGB_19-42-59.png y /home/alonso/Desktop/2025-03-04_19-17-07_TIFF/RAW_19-42-59.tiff
Guardado: /home/alonso/Desktop/2025-03-04_19-17-07_RGB/RGB_19-43-02.png y /home/alonso/Desktop/2025-03-04_19-17-07_TIFF/RAW_19-43-02.tiff
Guardado: /home/alonso/Desktop/2025-03-04_19-17-07_RGB/RGB_19-43-04.png y /home/alonso/Desktop/2025-03-04_19-17-07_TIFF/RAW_19-43-04.tiff
Guardado: /home/alonso/Desktop/2025-03-04_19-17-07_RGB/RGB_19-43-06.png y /home/alonso/Desktop/2025-03-04_19-17-07_TIFF/RAW_19-43-06.tiff
Guardado: /home/alonso/Desktop/2025-03-04_19-17-07_RGB/RGB_19-43-08.png y /home/alonso/Desktop/2025-03-04_19-17-07_TIFF/RAW_19-43-08.tiff
Guardado: /home/alonso/Desktop/2025-03-04_19-17-07_RGB/RGB_19-43-10.png y /home/alonso/Desktop/2025-03-04_19-17-07_TIFF/RAW_19-43-10.tiff
Guardado: /home/alonso/Desktop/2025-03-04_19-17-07_RGB/RGB_19-43-12.png y /home/alonso/Desktop/2025-03-04_19-17-07_TIFF/RAW_19-43-12.tiff
Guardado: /home/alonso/Desktop/2025-03-04_19-17-07_RGB/RGB_19-43-14.png y /home/alonso/Desktop/2025-03-04_19-17-07_TIFF/RAW_19-43-14.tiff
Guardado: /home/alonso/Desktop/2025-03-04_19-17-07_RGB/RGB_19-43-16.png y /home/alonso/Desktop/2025-03-04_19-17-07_TIFF/RAW_19-43-16.tiff
Guardado: /home/alonso/Desktop/2025-03-04_19-17-07_RGB/RGB_19-43-18.png y /home/alonso/Desktop/2025-03-04_19-17-07_TIFF/RAW_19-43-18.tiff
Guardado: /home/alonso/Desktop/2025-03-04_19-17-07_RGB/RGB_19-43-20.png y /home/alonso/Desktop/2025-03-04_19-17-07_TIFF/RAW_19-43-20.tiff
Guardado: /home/alonso/Desktop/2025-03-04_19-17-07_RGB/RGB_19-43-22.png y /home/alonso/Desktop/2025-03-04_19-17-07_TIFF/RAW_19-43-22.tiff
Guardado: /home/alonso/Desktop/2025-03-04_19-17-07_RGB/RGB_19-43-24.png y /home/alonso/Desktop/2025-03-04_19-17-07_TIFF/RAW_19-43-24.tiff
Guardado: /home/alonso/Desktop/2025-03-04_19-17-07_RGB/RGB_19-43-26.png y /home/alonso/Desktop/2025-03-04_19-17-07_TIFF/RAW_19-43-26.tiff
Guardado: /home/alonso/Desktop/2025-03-04_19-17-07_RGB/RGB_19-43-28.png y /home/alonso/Desktop/2025-03-04_19-17-07_TIFF/RAW_19-43-28.tiff
Guardado: /home/alonso/Desktop/2025-03-04_19-17-07_RGB/RGB_19-43-30.png y /home/alonso/Desktop/2025-03-04_19-17-07_TIFF/RAW_19-43-30.tiff
Guardado: /home/alonso/Desktop/2025-03-04_19-17-07_RGB/RGB_19-43-32.png y /home/alonso/Desktop/2025-03-04_19-17-07_TIFF/RAW_19-43-32.tiff
Guardado: /home/alonso/Desktop/2025-03-04_19-17-07_RGB/RGB_19-43-34.png y /home/alonso/Desktop/2025-03-04_19-17-07_TIFF/RAW_19-43-34.tiff
Guardado: /home/alonso/Desktop/2025-03-04_19-17-07_RGB/RGB_19-43-36.png y /home/alonso/Desktop/2025-03-04_19-17-07_TIFF/RAW_19-43-36.tiff
Guardado: /home/alonso/Desktop/2025-03-04_19-17-07_RGB/RGB_19-43-38.png y /home/alonso/Desktop/2025-03-04_19-17-07_TIFF/RAW_19-43-38.tiff
Guardado: /home/alonso/Desktop/2025-03-04_19-17-07_RGB/RGB_19-43-40.png y /home/alonso/Desktop/2025-03-04_19-17-07_TIFF/RAW_19-43-40.tiff
Guardado: /home/alonso/Desktop/2025-03-04_19-17-07_RGB/RGB_19-43-42.png y /home/alonso/Desktop/2025-03-04_19-17-07_TIFF/RAW_19-43-42.tiff
Guardado: /home/alonso/Desktop/2025-03-04_19-17-07_RGB/RGB_19-43-44.png y /home/alonso/Desktop/2025-03-04_19-17-07_TIFF/RAW_19-43-44.tiff
Guardado: /home/alonso/Desktop/2025-03-04_19-17-07_RGB/RGB_19-43-46.png y /home/alonso/Desktop/2025-03-04_19-17-07_TIFF/RAW_19-43-46.tiff
Guardado: /home/alonso/Desktop/2025-03-04_19-17-07_RGB/RGB_19-43-48.png y /home/alonso/Desktop/2025-03-04_19-17-07_TIFF/RAW_19-43-48.tiff
Guardado: /home/alonso/Desktop/2025-03-04_19-17-07_RGB/RGB_19-43-50.png y /home/alonso/Desktop/2025-03-04_19-17-07_TIFF/RAW_19-43-50.tiff
Guardado: /home/alonso/Desktop/2025-03-04_19-17-07_RGB/RGB_19-43-52.png y /home/alonso/Desktop/2025-03-04_19-17-07_TIFF/RAW_19-43-52.tiff
Guardado: /home/alonso/Desktop/2025-03-04_19-17-07_RGB/RGB_19-43-54.png y /home/alonso/Desktop/2025-03-04_19-17-07_TIFF/RAW_19-43-54.tiff
Guardado: /home/alonso/Desktop/2025-03-04_19-17-07_RGB/RGB_19-43-56.png y /home/alonso/Desktop/2025-03-04_19-17-07_TIFF/RAW_19-43-56.tiff
Guardado: /home/alonso/Desktop/2025-03-04_19-17-07_RGB/RGB_19-43-58.png y /home/alonso/Desktop/2025-03-04_19-17-07_TIFF/RAW_19-43-58.tiff
Guardado: /home/alonso/Desktop/2025-03-04_19-17-07_RGB/RGB_19-44-00.png y /home/alonso/Desktop/2025-03-04_19-17-07_TIFF/RAW_19-44-00.tiff
Guardado: /home/alonso/Desktop/2025-03-04_19-17-07_RGB/RGB_19-44-02.png y /home/alonso/Desktop/2025-03-04_19-17-07_TIFF/RAW_19-44-02.tiff
Guardado: /home/alonso/Desktop/2025-03-04_19-17-07_RGB/RGB_19-44-04.png y /home/alonso/Desktop/2025-03-04_19-17-07_TIFF/RAW_19-44-04.tiff
Guardado: /home/alonso/Desktop/2025-03-04_19-17-07_RGB/RGB_19-44-06.png y /home/alonso/Desktop/2025-03-04_19-17-07_TIFF/RAW_19-44-06.tiff
Guardado: /home/alonso/Desktop/2025-03-04_19-17-07_RGB/RGB_19-44-08.png y /home/alonso/Desktop/2025-03-04_19-17-07_TIFF/RAW_19-44-08.tiff
Guardado: /home/alonso/Desktop/2025-03-04_19-17-07_RGB/RGB_19-44-10.png y /home/alonso/Desktop/2025-03-04_19-17-07_TIFF/RAW_19-44-10.tiff
Guardado: /home/alonso/Desktop/2025-03-04_19-17-07_RGB/RGB_19-44-12.png y /home/alonso/Desktop/2025-03-04_19-17-07_TIFF/RAW_19-44-12.tiff
Guardado: /home/alonso/Desktop/2025-03-04_19-17-07_RGB/RGB_19-44-14.png y /home/alonso/Desktop/2025-03-04_19-17-07_TIFF/RAW_19-44-14.tiff
Guardado: /home/alonso/Desktop/2025-03-04_19-17-07_RGB/RGB_19-44-16.png y /home/alonso/Desktop/2025-03-04_19-17-07_TIFF/RAW_19-44-16.tiff
Guardado: /home/alonso/Desktop/2025-03-04_19-17-07_RGB/RGB_19-44-18.png y /home/alonso/Desktop/2025-03-04_19-17-07_TIFF/RAW_19-44-18.tiff
Guardado: /home/alonso/Desktop/2025-03-04_19-17-07_RGB/RGB_19-44-20.png y /home/alonso/Desktop/2025-03-04_19-17-07_TIFF/RAW_19-44-20.tiff
Guardado: /home/alonso/Desktop/2025-03-04_19-17-07_RGB/RGB_19-44-22.png y /home/alonso/Desktop/2025-03-04_19-17-07_TIFF/RAW_19-44-22.tiff
Guardado: /home/alonso/Desktop/2025-03-04_19-17-07_RGB/RGB_19-44-24.png y /home/alonso/Desktop/2025-03-04_19-17-07_TIFF/RAW_19-44-24.tiff
Guardado: /home/alonso/Desktop/2025-03-04_19-17-07_RGB/RGB_19-44-26.png y /home/alonso/Desktop/2025-03-04_19-17-07_TIFF/RAW_19-44-26.tiff
Guardado: /home/alonso/Desktop/2025-03-04_19-17-07_RGB/RGB_19-44-28.png y /home/alonso/Desktop/2025-03-04_19-17-07_TIFF/RAW_19-44-28.tiff
Guardado: /home/alonso/Desktop/2025-03-04_19-17-07_RGB/RGB_19-44-30.png y /home/alonso/Desktop/2025-03-04_19-17-07_TIFF/RAW_19-44-30.tiff
Guardado: /home/alonso/Desktop/2025-03-04_19-17-07_RGB/RGB_19-44-32.png y /home/alonso/Desktop/2025-03-04_19-17-07_TIFF/RAW_19-44-32.tiff
Guardado: /home/alonso/Desktop/2025-03-04_19-17-07_RGB/RGB_19-44-34.png y /home/alonso/Desktop/2025-03-04_19-17-07_TIFF/RAW_19-44-34.tiff
Guardado: /home/alonso/Desktop/2025-03-04_19-17-07_RGB/RGB_19-44-36.png y /home/alonso/Desktop/2025-03-04_19-17-07_TIFF/RAW_19-44-36.tiff
Guardado: /home/alonso/Desktop/2025-03-04_19-17-07_RGB/RGB_19-44-38.png y /home/alonso/Desktop/2025-03-04_19-17-07_TIFF/RAW_19-44-38.tiff
Guardado: /home/alonso/Desktop/2025-03-04_19-17-07_RGB/RGB_19-44-40.png y /home/alonso/Desktop/2025-03-04_19-17-07_TIFF/RAW_19-44-40.tiff
Guardado: /home/alonso/Desktop/2025-03-04_19-17-07_RGB/RGB_19-44-42.png y /home/alonso/Desktop/2025-03-04_19-17-07_TIFF/RAW_19-44-42.tiff
Guardado: /home/alonso/Desktop/2025-03-04_19-17-07_RGB/RGB_19-44-44.png y /home/alonso/Desktop/2025-03-04_19-17-07_TIFF/RAW_19-44-44.tiff
Guardado: /home/alonso/Desktop/2025-03-04_19-17-07_RGB/RGB_19-44-46.png y /home/alonso/Desktop/2025-03-04_19-17-07_TIFF/RAW_19-44-46.tiff
Guardado: /home/alonso/Desktop/2025-03-04_19-17-07_RGB/RGB_19-44-48.png y /home/alonso/Desktop/2025-03-04_19-17-07_TIFF/RAW_19-44-48.tiff
Guardado: /home/alonso/Desktop/2025-03-04_19-17-07_RGB/RGB_19-44-50.png y /home/alonso/Desktop/2025-03-04_19-17-07_TIFF/RAW_19-44-50.tiff
2025-03-04 19:44:54.231 Port 8501 is already in use
2025-03-04 19:44:55.157 Port 8501 is already in use
2025-03-04 19:45:02.289 Port 8501 is already in use
2025-03-04 19:45:03.095 Port 8501 is already in use
2025-03-04 19:45:10.445 Port 8501 is already in use
2025-03-04 19:45:11.271 Port 8501 is already in use
2025-03-04 19:45:18.518 Port 8501 is already in use
2025-03-04 19:45:19.227 Port 8501 is already in use
2025-03-04 19:45:26.468 Port 8501 is already in use
2025-03-04 19:45:27.331 Port 8501 is already in use
2025-03-04 19:45:34.554 Port 8501 is already in use
2025-03-04 19:45:35.392 Port 8501 is already in use
2025-03-04 19:45:42.621 Port 8501 is already in use
2025-03-04 19:45:43.459 Port 8501 is already in use
2025-03-04 19:45:50.704 Port 8501 is already in use
2025-03-04 19:45:51.565 Port 8501 is already in use
2025-03-04 19:45:58.900 Port 8501 is already in use
2025-03-04 19:45:59.764 Port 8501 is already in use
2025-03-04 19:46:06.815 Port 8501 is already in use
2025-03-04 19:46:07.729 Port 8501 is already in use
2025-03-04 19:46:14.867 Port 8501 is already in use
2025-03-04 19:46:15.745 Port 8501 is already in use
2025-03-04 19:46:22.990 Port 8501 is already in use
2025-03-04 19:46:23.823 Port 8501 is already in use
2025-03-04 19:46:31.005 Port 8501 is already in use
2025-03-04 19:46:31.868 Port 8501 is already in use
2025-03-04 19:46:39.171 Port 8501 is already in use
2025-03-04 19:46:39.958 Port 8501 is already in use
2025-03-04 19:46:47.286 Port 8501 is already in use
2025-03-04 19:46:48.057 Port 8501 is already in use
Guardado: /home/alonso/Desktop/2025-03-04_19-17-07_RGB/RGB_19-44-52.png y /home/alonso/Desktop/2025-03-04_19-17-07_TIFF/RAW_19-44-52.tiff
Guardado: /home/alonso/Desktop/2025-03-04_19-17-07_RGB/RGB_19-44-54.png y /home/alonso/Desktop/2025-03-04_19-17-07_TIFF/RAW_19-44-54.tiff
Guardado: /home/alonso/Desktop/2025-03-04_19-17-07_RGB/RGB_19-44-56.png y /home/alonso/Desktop/2025-03-04_19-17-07_TIFF/RAW_19-44-56.tiff
Guardado: /home/alonso/Desktop/2025-03-04_19-17-07_RGB/RGB_19-44-58.png y /home/alonso/Desktop/2025-03-04_19-17-07_TIFF/RAW_19-44-58.tiff
Guardado: /home/alonso/Desktop/2025-03-04_19-17-07_RGB/RGB_19-45-00.png y /home/alonso/Desktop/2025-03-04_19-17-07_TIFF/RAW_19-45-00.tiff
Guardado: /home/alonso/Desktop/2025-03-04_19-17-07_RGB/RGB_19-45-02.png y /home/alonso/Desktop/2025-03-04_19-17-07_TIFF/RAW_19-45-02.tiff
Guardado: /home/alonso/Desktop/2025-03-04_19-17-07_RGB/RGB_19-45-04.png y /home/alonso/Desktop/2025-03-04_19-17-07_TIFF/RAW_19-45-04.tiff
Guardado: /home/alonso/Desktop/2025-03-04_19-17-07_RGB/RGB_19-45-06.png y /home/alonso/Desktop/2025-03-04_19-17-07_TIFF/RAW_19-45-06.tiff
Guardado: /home/alonso/Desktop/2025-03-04_19-17-07_RGB/RGB_19-45-08.png y /home/alonso/Desktop/2025-03-04_19-17-07_TIFF/RAW_19-45-08.tiff
Guardado: /home/alonso/Desktop/2025-03-04_19-17-07_RGB/RGB_19-45-10.png y /home/alonso/Desktop/2025-03-04_19-17-07_TIFF/RAW_19-45-10.tiff
Guardado: /home/alonso/Desktop/2025-03-04_19-17-07_RGB/RGB_19-45-12.png y /home/alonso/Desktop/2025-03-04_19-17-07_TIFF/RAW_19-45-12.tiff
Guardado: /home/alonso/Desktop/2025-03-04_19-17-07_RGB/RGB_19-45-14.png y /home/alonso/Desktop/2025-03-04_19-17-07_TIFF/RAW_19-45-14.tiff
Guardado: /home/alonso/Desktop/2025-03-04_19-17-07_RGB/RGB_19-45-16.png y /home/alonso/Desktop/2025-03-04_19-17-07_TIFF/RAW_19-45-16.tiff
Guardado: /home/alonso/Desktop/2025-03-04_19-17-07_RGB/RGB_19-45-18.png y /home/alonso/Desktop/2025-03-04_19-17-07_TIFF/RAW_19-45-18.tiff
Guardado: /home/alonso/Desktop/2025-03-04_19-17-07_RGB/RGB_19-45-20.png y /home/alonso/Desktop/2025-03-04_19-17-07_TIFF/RAW_19-45-20.tiff
Guardado: /home/alonso/Desktop/2025-03-04_19-17-07_RGB/RGB_19-45-22.png y /home/alonso/Desktop/2025-03-04_19-17-07_TIFF/RAW_19-45-22.tiff
Guardado: /home/alonso/Desktop/2025-03-04_19-17-07_RGB/RGB_19-45-24.png y /home/alonso/Desktop/2025-03-04_19-17-07_TIFF/RAW_19-45-24.tiff
Guardado: /home/alonso/Desktop/2025-03-04_19-17-07_RGB/RGB_19-45-26.png y /home/alonso/Desktop/2025-03-04_19-17-07_TIFF/RAW_19-45-26.tiff
Guardado: /home/alonso/Desktop/2025-03-04_19-17-07_RGB/RGB_19-45-28.png y /home/alonso/Desktop/2025-03-04_19-17-07_TIFF/RAW_19-45-28.tiff
Guardado: /home/alonso/Desktop/2025-03-04_19-17-07_RGB/RGB_19-45-30.png y /home/alonso/Desktop/2025-03-04_19-17-07_TIFF/RAW_19-45-30.tiff
Guardado: /home/alonso/Desktop/2025-03-04_19-17-07_RGB/RGB_19-45-32.png y /home/alonso/Desktop/2025-03-04_19-17-07_TIFF/RAW_19-45-32.tiff
Guardado: /home/alonso/Desktop/2025-03-04_19-17-07_RGB/RGB_19-45-34.png y /home/alonso/Desktop/2025-03-04_19-17-07_TIFF/RAW_19-45-34.tiff
Guardado: /home/alonso/Desktop/2025-03-04_19-17-07_RGB/RGB_19-45-36.png y /home/alonso/Desktop/2025-03-04_19-17-07_TIFF/RAW_19-45-36.tiff
Guardado: /home/alonso/Desktop/2025-03-04_19-17-07_RGB/RGB_19-45-38.png y /home/alonso/Desktop/2025-03-04_19-17-07_TIFF/RAW_19-45-38.tiff
Guardado: /home/alonso/Desktop/2025-03-04_19-17-07_RGB/RGB_19-45-40.png y /home/alonso/Desktop/2025-03-04_19-17-07_TIFF/RAW_19-45-40.tiff
Guardado: /home/alonso/Desktop/2025-03-04_19-17-07_RGB/RGB_19-45-42.png y /home/alonso/Desktop/2025-03-04_19-17-07_TIFF/RAW_19-45-42.tiff
Guardado: /home/alonso/Desktop/2025-03-04_19-17-07_RGB/RGB_19-45-44.png y /home/alonso/Desktop/2025-03-04_19-17-07_TIFF/RAW_19-45-44.tiff
Guardado: /home/alonso/Desktop/2025-03-04_19-17-07_RGB/RGB_19-45-46.png y /home/alonso/Desktop/2025-03-04_19-17-07_TIFF/RAW_19-45-46.tiff
Guardado: /home/alonso/Desktop/2025-03-04_19-17-07_RGB/RGB_19-45-48.png y /home/alonso/Desktop/2025-03-04_19-17-07_TIFF/RAW_19-45-48.tiff
Guardado: /home/alonso/Desktop/2025-03-04_19-17-07_RGB/RGB_19-45-51.png y /home/alonso/Desktop/2025-03-04_19-17-07_TIFF/RAW_19-45-51.tiff
Guardado: /home/alonso/Desktop/2025-03-04_19-17-07_RGB/RGB_19-45-53.png y /home/alonso/Desktop/2025-03-04_19-17-07_TIFF/RAW_19-45-53.tiff
Guardado: /home/alonso/Desktop/2025-03-04_19-17-07_RGB/RGB_19-45-55.png y /home/alonso/Desktop/2025-03-04_19-17-07_TIFF/RAW_19-45-55.tiff
Guardado: /home/alonso/Desktop/2025-03-04_19-17-07_RGB/RGB_19-45-57.png y /home/alonso/Desktop/2025-03-04_19-17-07_TIFF/RAW_19-45-57.tiff
Guardado: /home/alonso/Desktop/2025-03-04_19-17-07_RGB/RGB_19-45-59.png y /home/alonso/Desktop/2025-03-04_19-17-07_TIFF/RAW_19-45-59.tiff
Guardado: /home/alonso/Desktop/2025-03-04_19-17-07_RGB/RGB_19-46-01.png y /home/alonso/Desktop/2025-03-04_19-17-07_TIFF/RAW_19-46-01.tiff
Guardado: /home/alonso/Desktop/2025-03-04_19-17-07_RGB/RGB_19-46-03.png y /home/alonso/Desktop/2025-03-04_19-17-07_TIFF/RAW_19-46-03.tiff
Guardado: /home/alonso/Desktop/2025-03-04_19-17-07_RGB/RGB_19-46-05.png y /home/alonso/Desktop/2025-03-04_19-17-07_TIFF/RAW_19-46-05.tiff
Guardado: /home/alonso/Desktop/2025-03-04_19-17-07_RGB/RGB_19-46-07.png y /home/alonso/Desktop/2025-03-04_19-17-07_TIFF/RAW_19-46-07.tiff
Guardado: /home/alonso/Desktop/2025-03-04_19-17-07_RGB/RGB_19-46-09.png y /home/alonso/Desktop/2025-03-04_19-17-07_TIFF/RAW_19-46-09.tiff
Guardado: /home/alonso/Desktop/2025-03-04_19-17-07_RGB/RGB_19-46-11.png y /home/alonso/Desktop/2025-03-04_19-17-07_TIFF/RAW_19-46-11.tiff
Guardado: /home/alonso/Desktop/2025-03-04_19-17-07_RGB/RGB_19-46-13.png y /home/alonso/Desktop/2025-03-04_19-17-07_TIFF/RAW_19-46-13.tiff
Guardado: /home/alonso/Desktop/2025-03-04_19-17-07_RGB/RGB_19-46-15.png y /home/alonso/Desktop/2025-03-04_19-17-07_TIFF/RAW_19-46-15.tiff
Guardado: /home/alonso/Desktop/2025-03-04_19-17-07_RGB/RGB_19-46-17.png y /home/alonso/Desktop/2025-03-04_19-17-07_TIFF/RAW_19-46-17.tiff
Guardado: /home/alonso/Desktop/2025-03-04_19-17-07_RGB/RGB_19-46-19.png y /home/alonso/Desktop/2025-03-04_19-17-07_TIFF/RAW_19-46-19.tiff
Guardado: /home/alonso/Desktop/2025-03-04_19-17-07_RGB/RGB_19-46-21.png y /home/alonso/Desktop/2025-03-04_19-17-07_TIFF/RAW_19-46-21.tiff
Guardado: /home/alonso/Desktop/2025-03-04_19-17-07_RGB/RGB_19-46-23.png y /home/alonso/Desktop/2025-03-04_19-17-07_TIFF/RAW_19-46-23.tiff
Guardado: /home/alonso/Desktop/2025-03-04_19-17-07_RGB/RGB_19-46-25.png y /home/alonso/Desktop/2025-03-04_19-17-07_TIFF/RAW_19-46-25.tiff
Guardado: /home/alonso/Desktop/2025-03-04_19-17-07_RGB/RGB_19-46-27.png y /home/alonso/Desktop/2025-03-04_19-17-07_TIFF/RAW_19-46-27.tiff
Guardado: /home/alonso/Desktop/2025-03-04_19-17-07_RGB/RGB_19-46-29.png y /home/alonso/Desktop/2025-03-04_19-17-07_TIFF/RAW_19-46-29.tiff
Guardado: /home/alonso/Desktop/2025-03-04_19-17-07_RGB/RGB_19-46-31.png y /home/alonso/Desktop/2025-03-04_19-17-07_TIFF/RAW_19-46-31.tiff
Guardado: /home/alonso/Desktop/2025-03-04_19-17-07_RGB/RGB_19-46-33.png y /home/alonso/Desktop/2025-03-04_19-17-07_TIFF/RAW_19-46-33.tiff
Guardado: /home/alonso/Desktop/2025-03-04_19-17-07_RGB/RGB_19-46-35.png y /home/alonso/Desktop/2025-03-04_19-17-07_TIFF/RAW_19-46-35.tiff
Guardado: /home/alonso/Desktop/2025-03-04_19-17-07_RGB/RGB_19-46-37.png y /home/alonso/Desktop/2025-03-04_19-17-07_TIFF/RAW_19-46-37.tiff
Guardado: /home/alonso/Desktop/2025-03-04_19-17-07_RGB/RGB_19-46-39.png y /home/alonso/Desktop/2025-03-04_19-17-07_TIFF/RAW_19-46-39.tiff
Guardado: /home/alonso/Desktop/2025-03-04_19-17-07_RGB/RGB_19-46-41.png y /home/alonso/Desktop/2025-03-04_19-17-07_TIFF/RAW_19-46-41.tiff
Guardado: /home/alonso/Desktop/2025-03-04_19-17-07_RGB/RGB_19-46-43.png y /home/alonso/Desktop/2025-03-04_19-17-07_TIFF/RAW_19-46-43.tiff
Guardado: /home/alonso/Desktop/2025-03-04_19-17-07_RGB/RGB_19-46-45.png y /home/alonso/Desktop/2025-03-04_19-17-07_TIFF/RAW_19-46-45.tiff
Guardado: /home/alonso/Desktop/2025-03-04_19-17-07_RGB/RGB_19-46-47.png y /home/alonso/Desktop/2025-03-04_19-17-07_TIFF/RAW_19-46-47.tiff
Guardado: /home/alonso/Desktop/2025-03-04_19-17-07_RGB/RGB_19-46-49.png y /home/alonso/Desktop/2025-03-04_19-17-07_TIFF/RAW_19-46-49.tiff
2025-03-04 19:46:55.529 Port 8501 is already in use
2025-03-04 19:46:56.262 Port 8501 is already in use
2025-03-04 19:47:03.506 Port 8501 is already in use
2025-03-04 19:47:04.230 Port 8501 is already in use
2025-03-04 19:47:11.662 Port 8501 is already in use
2025-03-04 19:47:12.334 Port 8501 is already in use
xiAPI: WorkerThread is down: ret 0
xiAPI: xiCloseDevice
xiAPI: DisableSensor
xiAPI: DisableDevice
xiAPI: deleting camera context: dwID=26270971, ptr=968b5000 processID=00007869
Guardado: /home/alonso/Desktop/2025-03-04_19-17-07_RGB/RGB_19-46-51.png y /home/alonso/Desktop/2025-03-04_19-17-07_TIFF/RAW_19-46-51.tiff
Guardado: /home/alonso/Desktop/2025-03-04_19-17-07_RGB/RGB_19-46-53.png y /home/alonso/Desktop/2025-03-04_19-17-07_TIFF/RAW_19-46-53.tiff
Guardado: /home/alonso/Desktop/2025-03-04_19-17-07_RGB/RGB_19-46-55.png y /home/alonso/Desktop/2025-03-04_19-17-07_TIFF/RAW_19-46-55.tiff
Guardado: /home/alonso/Desktop/2025-03-04_19-17-07_RGB/RGB_19-46-57.png y /home/alonso/Desktop/2025-03-04_19-17-07_TIFF/RAW_19-46-57.tiff
Guardado: /home/alonso/Desktop/2025-03-04_19-17-07_RGB/RGB_19-46-59.png y /home/alonso/Desktop/2025-03-04_19-17-07_TIFF/RAW_19-46-59.tiff
Guardado: /home/alonso/Desktop/2025-03-04_19-17-07_RGB/RGB_19-47-01.png y /home/alonso/Desktop/2025-03-04_19-17-07_TIFF/RAW_19-47-01.tiff
Guardado: /home/alonso/Desktop/2025-03-04_19-17-07_RGB/RGB_19-47-03.png y /home/alonso/Desktop/2025-03-04_19-17-07_TIFF/RAW_19-47-03.tiff
Guardado: /home/alonso/Desktop/2025-03-04_19-17-07_RGB/RGB_19-47-05.png y /home/alonso/Desktop/2025-03-04_19-17-07_TIFF/RAW_19-47-05.tiff
Guardado: /home/alonso/Desktop/2025-03-04_19-17-07_RGB/RGB_19-47-07.png y /home/alonso/Desktop/2025-03-04_19-17-07_TIFF/RAW_19-47-07.tiff
Guardado: /home/alonso/Desktop/2025-03-04_19-17-07_RGB/RGB_19-47-09.png y /home/alonso/Desktop/2025-03-04_19-17-07_TIFF/RAW_19-47-09.tiff
Guardado: /home/alonso/Desktop/2025-03-04_19-17-07_RGB/RGB_19-47-11.png y /home/alonso/Desktop/2025-03-04_19-17-07_TIFF/RAW_19-47-11.tiff
Guardado: /home/alonso/Desktop/2025-03-04_19-17-07_RGB/RGB_19-47-13.png y /home/alonso/Desktop/2025-03-04_19-17-07_TIFF/RAW_19-47-13.tiff
Guardado: /home/alonso/Desktop/2025-03-04_19-17-07_RGB/RGB_19-47-15.png y /home/alonso/Desktop/2025-03-04_19-17-07_TIFF/RAW_19-47-15.tiff
2025-03-04 19:47:19.492 Port 8501 is already in use
2025-03-04 19:47:20.274 Port 8501 is already in use
xiAPI: ---- xiOpenDevice API:V4.29.17.00 started ----
xiAPI: XIMEA Camera API V4.29.17.00
xiAPI: Adding camera context: dwID=26270971  ptr=AB157000 processID=0000C2D9
xiAPI: Create handles 1 Process 0000C2D9
xiAPI: FindModelnfoAltInDevAltXml searching... for model info from dev-alt.xml SN:
xiAPI: FindModelnfoAltInDevAltXml searching... for model info from dev-alt.xml SN:
xiAPI: xiOpenDevice - legacy SN used for identification 26270971
xiAPI: Enable sensor
xiAPI: OK retrains 0
xiAPI: xiReadFileFFS 'SensFPNCorrections' not found
xiAPI: ScmCorrectorA::LoadAndParseConfigurationFile Warning: file SensFPNCorrections not found
xiAPI: xiReadFileFFS 'SensFPNCorrections' not found
xiAPI: ScmCorrectorA::LoadAndParseConfigurationFile Warning: file SensFPNCorrections not found
xiAPI: Sensor SetExposure freq=48MHz exp=0us regexp=x1
xiAPI: Bad Pixel List file 'mmf1/bad_pixel_list.txt' not found
xiAPI: Sensor SetExposure freq=48MHz exp=0us regexp=x1
xiAPI: AutoSetBandwidth measurement
xiAPI: CalculateResources : Context AB157000 ID 26270971 m_maxBytes=1024 m_maxBufferSize=1048576
xiAPI: AutoSetBandwidth measured 3592Mbps. Safe margin 10% will be used.
xiAPI: Current bandwidth limit auto-set to 3232 Mbps (min:80Mbps,max:3592Mbps)
xiAPI: Sensor SetExposure freq=48MHz exp=16us regexp=x1
xiAPI: Sensor SetExposure freq=48MHz exp=16us regexp=x1
xiAPI: ---- Device opened. Model:MQ022HG-IM-SM4X4-VIS3 SN:26270971 FwF1: API:V4.29.17.00 ----
xiAPI: Sensor SetExposure freq=48MHz exp=30000us regexp=x2B96
xiAPI: Sensor SetExposure freq=48MHz exp=29998us regexp=x2B96
xiAPI: CalculateResources : Context AB157000 ID 26270971 m_maxBytes=1024 m_maxBufferSize=1048576
xiAPI: StartVideoStream
xiAPI: WorkerThread is up
Warning: Ignoring XDG_SESSION_TYPE=wayland on Gnome. Use QT_QPA_PLATFORM=wayland to run on Wayland anyway.
2025-03-04 19:47:27.496 Port 8501 is already in use
2025-03-04 19:47:28.405 Port 8501 is already in use
2025-03-04 19:47:35.568 Port 8501 is already in use
2025-03-04 19:47:36.523 Port 8501 is already in use
2025-03-04 19:47:43.663 Port 8501 is already in use
2025-03-04 19:47:44.522 Port 8501 is already in use
2025-03-04 19:47:51.731 Port 8501 is already in use
2025-03-04 19:47:52.657 Port 8501 is already in use
2025-03-04 19:47:59.799 Port 8501 is already in use
2025-03-04 19:48:00.632 Port 8501 is already in use
2025-03-04 19:48:07.887 Port 8501 is already in use
2025-03-04 19:48:08.696 Port 8501 is already in use
2025-03-04 19:48:15.956 Port 8501 is already in use
2025-03-04 19:48:16.793 Port 8501 is already in use
2025-03-04 19:48:24.042 Port 8501 is already in use
2025-03-04 19:48:24.868 Port 8501 is already in use
xiAPI: WorkerThread is down: ret 0
xiAPI: xiCloseDevice
xiAPI: DisableSensor
xiAPI: DisableDevice
xiAPI: deleting camera context: dwID=26270971, ptr=ab157000 processID=0000C2D9
Guardado: /home/alonso/Desktop/2025-03-04_19-47-22_RGB/RGB_19-47-26.png y /home/alonso/Desktop/2025-03-04_19-47-22_TIFF/RAW_19-47-26.tiff
Guardado: /home/alonso/Desktop/2025-03-04_19-47-22_RGB/RGB_19-47-28.png y /home/alonso/Desktop/2025-03-04_19-47-22_TIFF/RAW_19-47-28.tiff
Guardado: /home/alonso/Desktop/2025-03-04_19-47-22_RGB/RGB_19-47-30.png y /home/alonso/Desktop/2025-03-04_19-47-22_TIFF/RAW_19-47-30.tiff
Guardado: /home/alonso/Desktop/2025-03-04_19-47-22_RGB/RGB_19-47-32.png y /home/alonso/Desktop/2025-03-04_19-47-22_TIFF/RAW_19-47-32.tiff
Guardado: /home/alonso/Desktop/2025-03-04_19-47-22_RGB/RGB_19-47-34.png y /home/alonso/Desktop/2025-03-04_19-47-22_TIFF/RAW_19-47-34.tiff
Guardado: /home/alonso/Desktop/2025-03-04_19-47-22_RGB/RGB_19-47-36.png y /home/alonso/Desktop/2025-03-04_19-47-22_TIFF/RAW_19-47-36.tiff
Guardado: /home/alonso/Desktop/2025-03-04_19-47-22_RGB/RGB_19-47-38.png y /home/alonso/Desktop/2025-03-04_19-47-22_TIFF/RAW_19-47-38.tiff
Guardado: /home/alonso/Desktop/2025-03-04_19-47-22_RGB/RGB_19-47-40.png y /home/alonso/Desktop/2025-03-04_19-47-22_TIFF/RAW_19-47-40.tiff
Guardado: /home/alonso/Desktop/2025-03-04_19-47-22_RGB/RGB_19-47-42.png y /home/alonso/Desktop/2025-03-04_19-47-22_TIFF/RAW_19-47-42.tiff
Guardado: /home/alonso/Desktop/2025-03-04_19-47-22_RGB/RGB_19-47-44.png y /home/alonso/Desktop/2025-03-04_19-47-22_TIFF/RAW_19-47-44.tiff
Guardado: /home/alonso/Desktop/2025-03-04_19-47-22_RGB/RGB_19-47-46.png y /home/alonso/Desktop/2025-03-04_19-47-22_TIFF/RAW_19-47-46.tiff
Guardado: /home/alonso/Desktop/2025-03-04_19-47-22_RGB/RGB_19-47-48.png y /home/alonso/Desktop/2025-03-04_19-47-22_TIFF/RAW_19-47-48.tiff
Guardado: /home/alonso/Desktop/2025-03-04_19-47-22_RGB/RGB_19-47-50.png y /home/alonso/Desktop/2025-03-04_19-47-22_TIFF/RAW_19-47-50.tiff
Guardado: /home/alonso/Desktop/2025-03-04_19-47-22_RGB/RGB_19-47-52.png y /home/alonso/Desktop/2025-03-04_19-47-22_TIFF/RAW_19-47-52.tiff
Guardado: /home/alonso/Desktop/2025-03-04_19-47-22_RGB/RGB_19-47-54.png y /home/alonso/Desktop/2025-03-04_19-47-22_TIFF/RAW_19-47-54.tiff
Guardado: /home/alonso/Desktop/2025-03-04_19-47-22_RGB/RGB_19-47-56.png y /home/alonso/Desktop/2025-03-04_19-47-22_TIFF/RAW_19-47-56.tiff
Guardado: /home/alonso/Desktop/2025-03-04_19-47-22_RGB/RGB_19-47-58.png y /home/alonso/Desktop/2025-03-04_19-47-22_TIFF/RAW_19-47-58.tiff
Guardado: /home/alonso/Desktop/2025-03-04_19-47-22_RGB/RGB_19-48-00.png y /home/alonso/Desktop/2025-03-04_19-47-22_TIFF/RAW_19-48-00.tiff
Guardado: /home/alonso/Desktop/2025-03-04_19-47-22_RGB/RGB_19-48-02.png y /home/alonso/Desktop/2025-03-04_19-47-22_TIFF/RAW_19-48-02.tiff
Guardado: /home/alonso/Desktop/2025-03-04_19-47-22_RGB/RGB_19-48-04.png y /home/alonso/Desktop/2025-03-04_19-47-22_TIFF/RAW_19-48-04.tiff
Guardado: /home/alonso/Desktop/2025-03-04_19-47-22_RGB/RGB_19-48-06.png y /home/alonso/Desktop/2025-03-04_19-47-22_TIFF/RAW_19-48-06.tiff
Guardado: /home/alonso/Desktop/2025-03-04_19-47-22_RGB/RGB_19-48-08.png y /home/alonso/Desktop/2025-03-04_19-47-22_TIFF/RAW_19-48-08.tiff
Guardado: /home/alonso/Desktop/2025-03-04_19-47-22_RGB/RGB_19-48-10.png y /home/alonso/Desktop/2025-03-04_19-47-22_TIFF/RAW_19-48-10.tiff
Guardado: /home/alonso/Desktop/2025-03-04_19-47-22_RGB/RGB_19-48-12.png y /home/alonso/Desktop/2025-03-04_19-47-22_TIFF/RAW_19-48-12.tiff
Guardado: /home/alonso/Desktop/2025-03-04_19-47-22_RGB/RGB_19-48-14.png y /home/alonso/Desktop/2025-03-04_19-47-22_TIFF/RAW_19-48-14.tiff
Guardado: /home/alonso/Desktop/2025-03-04_19-47-22_RGB/RGB_19-48-16.png y /home/alonso/Desktop/2025-03-04_19-47-22_TIFF/RAW_19-48-16.tiff
Guardado: /home/alonso/Desktop/2025-03-04_19-47-22_RGB/RGB_19-48-18.png y /home/alonso/Desktop/2025-03-04_19-47-22_TIFF/RAW_19-48-18.tiff
Guardado: /home/alonso/Desktop/2025-03-04_19-47-22_RGB/RGB_19-48-20.png y /home/alonso/Desktop/2025-03-04_19-47-22_TIFF/RAW_19-48-20.tiff
Guardado: /home/alonso/Desktop/2025-03-04_19-47-22_RGB/RGB_19-48-22.png y /home/alonso/Desktop/2025-03-04_19-47-22_TIFF/RAW_19-48-22.tiff
Guardado: /home/alonso/Desktop/2025-03-04_19-47-22_RGB/RGB_19-48-24.png y /home/alonso/Desktop/2025-03-04_19-47-22_TIFF/RAW_19-48-24.tiff
Guardado: /home/alonso/Desktop/2025-03-04_19-47-22_RGB/RGB_19-48-26.png y /home/alonso/Desktop/2025-03-04_19-47-22_TIFF/RAW_19-48-26.tiff
Guardado: /home/alonso/Desktop/2025-03-04_19-47-22_RGB/RGB_19-48-28.png y /home/alonso/Desktop/2025-03-04_19-47-22_TIFF/RAW_19-48-28.tiff
Guardado: /home/alonso/Desktop/2025-03-04_19-47-22_RGB/RGB_19-48-30.png y /home/alonso/Desktop/2025-03-04_19-47-22_TIFF/RAW_19-48-30.tiff
2025-03-04 19:48:32.047 Port 8501 is already in use
2025-03-04 19:48:32.839 Port 8501 is already in use
2025-03-04 19:48:40.092 Port 8501 is already in use
2025-03-04 19:48:40.853 Port 8501 is already in use
2025-03-04 19:48:48.100 Port 8501 is already in use
2025-03-04 19:48:48.911 Port 8501 is already in use
2025-03-04 19:48:56.127 Port 8501 is already in use
2025-03-04 19:48:56.936 Port 8501 is already in use
2025-03-04 19:49:04.190 Port 8501 is already in use
2025-03-04 19:49:04.991 Port 8501 is already in use
2025-03-04 19:49:12.238 Port 8501 is already in use
2025-03-04 19:49:13.033 Port 8501 is already in use
2025-03-04 19:49:20.288 Port 8501 is already in use
2025-03-04 19:49:21.081 Port 8501 is already in use
2025-03-04 19:49:28.334 Port 8501 is already in use
2025-03-04 19:49:29.131 Port 8501 is already in use
2025-03-04 19:49:36.383 Port 8501 is already in use
2025-03-04 19:49:37.178 Port 8501 is already in use
2025-03-04 19:49:44.428 Port 8501 is already in use
2025-03-04 19:49:45.225 Port 8501 is already in use
2025-03-04 19:49:52.475 Port 8501 is already in use
2025-03-04 19:49:53.269 Port 8501 is already in use
2025-03-04 19:50:00.522 Port 8501 is already in use
2025-03-04 19:50:01.330 Port 8501 is already in use
2025-03-04 19:50:08.573 Port 8501 is already in use
2025-03-04 19:50:09.369 Port 8501 is already in use
2025-03-04 19:50:16.626 Port 8501 is already in use
2025-03-04 19:50:17.419 Port 8501 is already in use
2025-03-04 19:50:24.673 Port 8501 is already in use
2025-03-04 19:50:25.461 Port 8501 is already in use
2025-03-04 19:50:32.717 Port 8501 is already in use
2025-03-04 19:50:33.514 Port 8501 is already in use
2025-03-04 19:50:40.765 Port 8501 is already in use
2025-03-04 19:50:41.561 Port 8501 is already in use
2025-03-04 19:50:48.815 Port 8501 is already in use
2025-03-04 19:50:49.614 Port 8501 is already in use
2025-03-04 19:50:56.866 Port 8501 is already in use
2025-03-04 19:50:57.660 Port 8501 is already in use
2025-03-04 19:51:04.909 Port 8501 is already in use
2025-03-04 19:51:05.703 Port 8501 is already in use
2025-03-04 19:51:12.959 Port 8501 is already in use
2025-03-04 19:51:13.752 Port 8501 is already in use
2025-03-04 19:51:21.008 Port 8501 is already in use
2025-03-04 19:51:21.801 Port 8501 is already in use
2025-03-04 19:51:29.053 Port 8501 is already in use
2025-03-04 19:51:29.847 Port 8501 is already in use
2025-03-04 19:51:37.100 Port 8501 is already in use
2025-03-04 19:51:37.898 Port 8501 is already in use
2025-03-04 19:51:45.148 Port 8501 is already in use
2025-03-04 19:51:45.946 Port 8501 is already in use
2025-03-04 19:51:53.198 Port 8501 is already in use
2025-03-04 19:51:53.992 Port 8501 is already in use
2025-03-04 19:52:01.247 Port 8501 is already in use
2025-03-04 19:52:02.042 Port 8501 is already in use
2025-03-04 19:52:09.296 Port 8501 is already in use
2025-03-04 19:52:10.091 Port 8501 is already in use
2025-03-04 19:52:17.344 Port 8501 is already in use
2025-03-04 19:52:18.139 Port 8501 is already in use
2025-03-04 19:52:25.391 Port 8501 is already in use
2025-03-04 19:52:26.182 Port 8501 is already in use
2025-03-04 19:52:33.434 Port 8501 is already in use
2025-03-04 19:52:34.233 Port 8501 is already in use
2025-03-04 19:52:41.482 Port 8501 is already in use
2025-03-04 19:52:42.276 Port 8501 is already in use
2025-03-04 19:52:49.530 Port 8501 is already in use
2025-03-04 19:52:50.323 Port 8501 is already in use
2025-03-04 19:52:57.580 Port 8501 is already in use
2025-03-04 19:52:58.368 Port 8501 is already in use
2025-03-04 19:53:05.626 Port 8501 is already in use
2025-03-04 19:53:06.417 Port 8501 is already in use
2025-03-04 19:53:13.672 Port 8501 is already in use
2025-03-04 19:53:14.468 Port 8501 is already in use
2025-03-04 19:53:21.724 Port 8501 is already in use
2025-03-04 19:53:22.515 Port 8501 is already in use
2025-03-04 19:53:29.768 Port 8501 is already in use
2025-03-04 19:53:30.563 Port 8501 is already in use
2025-03-04 19:53:37.817 Port 8501 is already in use
2025-03-04 19:53:38.610 Port 8501 is already in use
2025-03-04 19:53:45.863 Port 8501 is already in use
2025-03-04 19:53:46.658 Port 8501 is already in use
2025-03-04 19:53:53.909 Port 8501 is already in use
2025-03-04 19:53:54.705 Port 8501 is already in use
2025-03-04 19:54:01.956 Port 8501 is already in use
2025-03-04 19:54:02.754 Port 8501 is already in use
2025-03-04 19:54:10.007 Port 8501 is already in use
2025-03-04 19:54:10.803 Port 8501 is already in use
2025-03-04 19:54:18.053 Port 8501 is already in use
2025-03-04 19:54:18.844 Port 8501 is already in use
2025-03-04 19:54:26.100 Port 8501 is already in use
2025-03-04 19:54:26.895 Port 8501 is already in use
2025-03-04 19:54:34.149 Port 8501 is already in use
2025-03-04 19:54:34.942 Port 8501 is already in use
2025-03-04 19:54:42.190 Port 8501 is already in use
2025-03-04 19:54:42.983 Port 8501 is already in use
2025-03-04 19:54:50.240 Port 8501 is already in use
2025-03-04 19:54:51.035 Port 8501 is already in use
2025-03-04 19:54:58.286 Port 8501 is already in use
2025-03-04 19:54:59.084 Port 8501 is already in use
2025-03-04 19:55:06.333 Port 8501 is already in use
2025-03-04 19:55:07.133 Port 8501 is already in use
2025-03-04 19:55:14.384 Port 8501 is already in use
2025-03-04 19:55:15.183 Port 8501 is already in use
2025-03-04 19:55:22.434 Port 8501 is already in use
2025-03-04 19:55:23.231 Port 8501 is already in use
2025-03-04 19:55:30.477 Port 8501 is already in use
2025-03-04 19:55:31.271 Port 8501 is already in use
2025-03-04 19:55:38.525 Port 8501 is already in use
2025-03-04 19:55:39.324 Port 8501 is already in use
2025-03-04 19:55:46.579 Port 8501 is already in use
2025-03-04 19:55:47.371 Port 8501 is already in use
2025-03-04 19:55:54.622 Port 8501 is already in use
2025-03-04 19:55:55.416 Port 8501 is already in use
2025-03-04 19:56:02.676 Port 8501 is already in use
2025-03-04 19:56:03.469 Port 8501 is already in use
2025-03-04 19:56:10.722 Port 8501 is already in use
2025-03-04 19:56:11.520 Port 8501 is already in use
2025-03-04 19:56:18.765 Port 8501 is already in use
2025-03-04 19:56:19.558 Port 8501 is already in use
2025-03-04 19:56:26.814 Port 8501 is already in use
2025-03-04 19:56:27.608 Port 8501 is already in use
2025-03-04 19:56:34.859 Port 8501 is already in use
2025-03-04 19:56:35.650 Port 8501 is already in use
2025-03-04 19:56:42.906 Port 8501 is already in use
2025-03-04 19:56:43.701 Port 8501 is already in use
2025-03-04 19:56:50.950 Port 8501 is already in use
2025-03-04 19:56:51.748 Port 8501 is already in use
2025-03-04 19:56:59.000 Port 8501 is already in use
2025-03-04 19:56:59.792 Port 8501 is already in use
2025-03-04 19:57:07.044 Port 8501 is already in use
2025-03-04 19:57:07.840 Port 8501 is already in use
2025-03-04 19:57:15.097 Port 8501 is already in use
2025-03-04 19:57:15.883 Port 8501 is already in use
2025-03-04 19:57:23.138 Port 8501 is already in use
2025-03-04 19:57:23.934 Port 8501 is already in use
2025-03-04 19:57:31.183 Port 8501 is already in use
2025-03-04 19:57:31.982 Port 8501 is already in use
2025-03-04 19:57:39.229 Port 8501 is already in use
2025-03-04 19:57:40.028 Port 8501 is already in use
2025-03-04 19:57:47.275 Port 8501 is already in use
2025-03-04 19:57:48.091 Port 8501 is already in use
2025-03-04 19:57:55.359 Port 8501 is already in use
2025-03-04 19:57:56.157 Port 8501 is already in use
  Stopping...
